# Upstream-format rows (REGION,TECHNOLOGY,YEAR,VALUE per otoole convention).
# NOT wired into t1_confection/OG_csvs_inputs -- for later manual promotion only.
scenario,REGION,TECHNOLOGY,YEAR,VALUE,change
VGB,GLOBAL,PWRCOAARGXX,2027,7.5844,new
VGB,GLOBAL,PWRCOAARGXX,2028,7.5844,new
VGB,GLOBAL,PWRCOAARGXX,2029,7.5844,new
VGB,GLOBAL,PWRCOAARGXX,2030,7.5844,new
VGB,GLOBAL,PWRCOAARGXX,2031,7.5844,new
VGB,GLOBAL,PWRCOAARGXX,2032,7.5844,new
VGB,GLOBAL,PWRCOAARGXX,2033,7.5844,new
VGB,GLOBAL,PWRCOAARGXX,2034,7.5844,new
VGB,GLOBAL,PWRCOAARGXX,2035,7.5844,new
VGB,GLOBAL,PWRCOAARGXX,2036,7.5844,new
VGB,GLOBAL,PWRCOAARGXX,2037,7.5844,new
VGB,GLOBAL,PWRCOAARGXX,2038,7.5844,new
VGB,GLOBAL,PWRCOAARGXX,2039,7.5844,new
VGB,GLOBAL,PWRCOAARGXX,2040,7.5844,new
VGB,GLOBAL,PWRCOAARGXX,2041,7.5844,new
VGB,GLOBAL,PWRCOAARGXX,2042,7.5844,new
VGB,GLOBAL,PWRCOAARGXX,2043,7.5844,new
VGB,GLOBAL,PWRCOAARGXX,2044,7.5844,new
VGB,GLOBAL,PWRCOAARGXX,2045,7.5844,new
VGB,GLOBAL,PWRCOAARGXX,2046,7.5844,new
VGB,GLOBAL,PWRCOAARGXX,2047,7.5844,new
VGB,GLOBAL,PWRCOAARGXX,2048,7.5844,new
VGB,GLOBAL,PWRCOAARGXX,2049,7.5844,new
VGB,GLOBAL,PWRCOAARGXX,2050,7.5844,new
VGB,GLOBAL,PWRCOABRAXX,2027,19.464,new
VGB,GLOBAL,PWRCOABRAXX,2028,19.464,new
VGB,GLOBAL,PWRCOABRAXX,2029,19.464,new
VGB,GLOBAL,PWRCOABRAXX,2030,19.464,new
VGB,GLOBAL,PWRCOABRAXX,2031,19.464,new
VGB,GLOBAL,PWRCOABRAXX,2032,19.464,new
VGB,GLOBAL,PWRCOABRAXX,2033,19.464,new
VGB,GLOBAL,PWRCOABRAXX,2034,19.464,new
VGB,GLOBAL,PWRCOABRAXX,2035,19.464,new
VGB,GLOBAL,PWRCOABRAXX,2036,19.464,new
VGB,GLOBAL,PWRCOABRAXX,2037,19.464,new
VGB,GLOBAL,PWRCOABRAXX,2038,19.464,new
VGB,GLOBAL,PWRCOABRAXX,2039,19.464,new
VGB,GLOBAL,PWRCOABRAXX,2040,19.464,new
VGB,GLOBAL,PWRCOABRAXX,2041,19.464,new
VGB,GLOBAL,PWRCOABRAXX,2042,19.464,new
VGB,GLOBAL,PWRCOABRAXX,2043,19.464,new
VGB,GLOBAL,PWRCOABRAXX,2044,19.464,new
VGB,GLOBAL,PWRCOABRAXX,2045,19.464,new
VGB,GLOBAL,PWRCOABRAXX,2046,19.464,new
VGB,GLOBAL,PWRCOABRAXX,2047,19.464,new
VGB,GLOBAL,PWRCOABRAXX,2048,19.464,new
VGB,GLOBAL,PWRCOABRAXX,2049,19.464,new
VGB,GLOBAL,PWRCOABRAXX,2050,19.464,new
VGB,GLOBAL,PWRCOACHLXX,2027,41.891,new
VGB,GLOBAL,PWRCOACHLXX,2028,41.891,new
VGB,GLOBAL,PWRCOACHLXX,2029,41.891,new
VGB,GLOBAL,PWRCOACHLXX,2030,41.891,new
VGB,GLOBAL,PWRCOACHLXX,2031,41.891,new
VGB,GLOBAL,PWRCOACHLXX,2032,41.891,new
VGB,GLOBAL,PWRCOACHLXX,2033,41.891,new
VGB,GLOBAL,PWRCOACHLXX,2034,41.891,new
VGB,GLOBAL,PWRCOACHLXX,2035,41.891,new
VGB,GLOBAL,PWRCOACHLXX,2036,41.891,new
VGB,GLOBAL,PWRCOACHLXX,2037,41.891,new
VGB,GLOBAL,PWRCOACHLXX,2038,41.891,new
VGB,GLOBAL,PWRCOACHLXX,2039,41.891,new
VGB,GLOBAL,PWRCOACHLXX,2040,41.891,new
VGB,GLOBAL,PWRCOACHLXX,2041,41.891,new
VGB,GLOBAL,PWRCOACHLXX,2042,41.891,new
VGB,GLOBAL,PWRCOACHLXX,2043,41.891,new
VGB,GLOBAL,PWRCOACHLXX,2044,41.891,new
VGB,GLOBAL,PWRCOACHLXX,2045,41.891,new
VGB,GLOBAL,PWRCOACHLXX,2046,41.891,new
VGB,GLOBAL,PWRCOACHLXX,2047,41.891,new
VGB,GLOBAL,PWRCOACHLXX,2048,41.891,new
VGB,GLOBAL,PWRCOACHLXX,2049,41.891,new
VGB,GLOBAL,PWRCOACHLXX,2050,41.891,new
VGB,GLOBAL,PWRCOACOLXX,2027,14.7983,new
VGB,GLOBAL,PWRCOACOLXX,2028,14.7983,new
VGB,GLOBAL,PWRCOACOLXX,2029,14.7983,new
VGB,GLOBAL,PWRCOACOLXX,2030,14.7983,new
VGB,GLOBAL,PWRCOACOLXX,2031,14.7983,new
VGB,GLOBAL,PWRCOACOLXX,2032,14.7983,new
VGB,GLOBAL,PWRCOACOLXX,2033,14.7983,new
VGB,GLOBAL,PWRCOACOLXX,2034,14.7983,new
VGB,GLOBAL,PWRCOACOLXX,2035,14.7983,new
VGB,GLOBAL,PWRCOACOLXX,2036,14.7983,new
VGB,GLOBAL,PWRCOACOLXX,2037,14.7983,new
VGB,GLOBAL,PWRCOACOLXX,2038,14.7983,new
VGB,GLOBAL,PWRCOACOLXX,2039,14.7983,new
VGB,GLOBAL,PWRCOACOLXX,2040,14.7983,new
VGB,GLOBAL,PWRCOACOLXX,2041,14.7983,new
VGB,GLOBAL,PWRCOACOLXX,2042,14.7983,new
VGB,GLOBAL,PWRCOACOLXX,2043,14.7983,new
VGB,GLOBAL,PWRCOACOLXX,2044,14.7983,new
VGB,GLOBAL,PWRCOACOLXX,2045,14.7983,new
VGB,GLOBAL,PWRCOACOLXX,2046,14.7983,new
VGB,GLOBAL,PWRCOACOLXX,2047,14.7983,new
VGB,GLOBAL,PWRCOACOLXX,2048,14.7983,new
VGB,GLOBAL,PWRCOACOLXX,2049,14.7983,new
VGB,GLOBAL,PWRCOACOLXX,2050,14.7983,new
VGB,GLOBAL,PWRCOADOMXX,2027,23.488,new
VGB,GLOBAL,PWRCOADOMXX,2028,23.488,new
VGB,GLOBAL,PWRCOADOMXX,2029,23.488,new
VGB,GLOBAL,PWRCOADOMXX,2030,23.488,new
VGB,GLOBAL,PWRCOADOMXX,2031,23.488,new
VGB,GLOBAL,PWRCOADOMXX,2032,23.488,new
VGB,GLOBAL,PWRCOADOMXX,2033,23.488,new
VGB,GLOBAL,PWRCOADOMXX,2034,23.488,new
VGB,GLOBAL,PWRCOADOMXX,2035,23.488,new
VGB,GLOBAL,PWRCOADOMXX,2036,23.488,new
VGB,GLOBAL,PWRCOADOMXX,2037,23.488,new
VGB,GLOBAL,PWRCOADOMXX,2038,23.488,new
VGB,GLOBAL,PWRCOADOMXX,2039,23.488,new
VGB,GLOBAL,PWRCOADOMXX,2040,23.488,new
VGB,GLOBAL,PWRCOADOMXX,2041,23.488,new
VGB,GLOBAL,PWRCOADOMXX,2042,23.488,new
VGB,GLOBAL,PWRCOADOMXX,2043,23.488,new
VGB,GLOBAL,PWRCOADOMXX,2044,23.488,new
VGB,GLOBAL,PWRCOADOMXX,2045,23.488,new
VGB,GLOBAL,PWRCOADOMXX,2046,23.488,new
VGB,GLOBAL,PWRCOADOMXX,2047,23.488,new
VGB,GLOBAL,PWRCOADOMXX,2048,23.488,new
VGB,GLOBAL,PWRCOADOMXX,2049,23.488,new
VGB,GLOBAL,PWRCOADOMXX,2050,23.488,new
VGB,GLOBAL,PWRCOAGTMXX,2027,8.3287,new
VGB,GLOBAL,PWRCOAGTMXX,2028,8.3287,new
VGB,GLOBAL,PWRCOAGTMXX,2029,8.3287,new
VGB,GLOBAL,PWRCOAGTMXX,2030,8.3287,new
VGB,GLOBAL,PWRCOAGTMXX,2031,8.3287,new
VGB,GLOBAL,PWRCOAGTMXX,2032,8.3287,new
VGB,GLOBAL,PWRCOAGTMXX,2033,8.3287,new
VGB,GLOBAL,PWRCOAGTMXX,2034,8.3287,new
VGB,GLOBAL,PWRCOAGTMXX,2035,8.3287,new
VGB,GLOBAL,PWRCOAGTMXX,2036,8.3287,new
VGB,GLOBAL,PWRCOAGTMXX,2037,8.3287,new
VGB,GLOBAL,PWRCOAGTMXX,2038,8.3287,new
VGB,GLOBAL,PWRCOAGTMXX,2039,8.3287,new
VGB,GLOBAL,PWRCOAGTMXX,2040,8.3287,new
VGB,GLOBAL,PWRCOAGTMXX,2041,8.3287,new
VGB,GLOBAL,PWRCOAGTMXX,2042,8.3287,new
VGB,GLOBAL,PWRCOAGTMXX,2043,8.3287,new
VGB,GLOBAL,PWRCOAGTMXX,2044,8.3287,new
VGB,GLOBAL,PWRCOAGTMXX,2045,8.3287,new
VGB,GLOBAL,PWRCOAGTMXX,2046,8.3287,new
VGB,GLOBAL,PWRCOAGTMXX,2047,8.3287,new
VGB,GLOBAL,PWRCOAGTMXX,2048,8.3287,new
VGB,GLOBAL,PWRCOAGTMXX,2049,8.3287,new
VGB,GLOBAL,PWRCOAGTMXX,2050,8.3287,new
VGB,GLOBAL,PWRCOAMEXXX,2027,52.7313,new
VGB,GLOBAL,PWRCOAMEXXX,2028,52.7313,new
VGB,GLOBAL,PWRCOAMEXXX,2029,52.7313,new
VGB,GLOBAL,PWRCOAMEXXX,2030,52.7313,new
VGB,GLOBAL,PWRCOAMEXXX,2031,52.7313,new
VGB,GLOBAL,PWRCOAMEXXX,2032,52.7313,new
VGB,GLOBAL,PWRCOAMEXXX,2033,52.7313,new
VGB,GLOBAL,PWRCOAMEXXX,2034,52.7313,new
VGB,GLOBAL,PWRCOAMEXXX,2035,52.7313,new
VGB,GLOBAL,PWRCOAMEXXX,2036,52.7313,new
VGB,GLOBAL,PWRCOAMEXXX,2037,52.7313,new
VGB,GLOBAL,PWRCOAMEXXX,2038,52.7313,new
VGB,GLOBAL,PWRCOAMEXXX,2039,52.7313,new
VGB,GLOBAL,PWRCOAMEXXX,2040,52.7313,new
VGB,GLOBAL,PWRCOAMEXXX,2041,52.7313,new
VGB,GLOBAL,PWRCOAMEXXX,2042,52.7313,new
VGB,GLOBAL,PWRCOAMEXXX,2043,52.7313,new
VGB,GLOBAL,PWRCOAMEXXX,2044,52.7313,new
VGB,GLOBAL,PWRCOAMEXXX,2045,52.7313,new
VGB,GLOBAL,PWRCOAMEXXX,2046,52.7313,new
VGB,GLOBAL,PWRCOAMEXXX,2047,52.7313,new
VGB,GLOBAL,PWRCOAMEXXX,2048,52.7313,new
VGB,GLOBAL,PWRCOAMEXXX,2049,52.7313,new
VGB,GLOBAL,PWRCOAMEXXX,2050,52.7313,new
VGB,GLOBAL,PWRCOAPANXX,2027,0.0946,new
VGB,GLOBAL,PWRCOAPANXX,2028,0.0946,new
VGB,GLOBAL,PWRCOAPANXX,2029,0.0946,new
VGB,GLOBAL,PWRCOAPANXX,2030,0.0946,new
VGB,GLOBAL,PWRCOAPANXX,2031,0.0946,new
VGB,GLOBAL,PWRCOAPANXX,2032,0.0946,new
VGB,GLOBAL,PWRCOAPANXX,2033,0.0946,new
VGB,GLOBAL,PWRCOAPANXX,2034,0.0946,new
VGB,GLOBAL,PWRCOAPANXX,2035,0.0946,new
VGB,GLOBAL,PWRCOAPANXX,2036,0.0946,new
VGB,GLOBAL,PWRCOAPANXX,2037,0.0946,new
VGB,GLOBAL,PWRCOAPANXX,2038,0.0946,new
VGB,GLOBAL,PWRCOAPANXX,2039,0.0946,new
VGB,GLOBAL,PWRCOAPANXX,2040,0.0946,new
VGB,GLOBAL,PWRCOAPANXX,2041,0.0946,new
VGB,GLOBAL,PWRCOAPANXX,2042,0.0946,new
VGB,GLOBAL,PWRCOAPANXX,2043,0.0946,new
VGB,GLOBAL,PWRCOAPANXX,2044,0.0946,new
VGB,GLOBAL,PWRCOAPANXX,2045,0.0946,new
VGB,GLOBAL,PWRCOAPANXX,2046,0.0946,new
VGB,GLOBAL,PWRCOAPANXX,2047,0.0946,new
VGB,GLOBAL,PWRCOAPANXX,2048,0.0946,new
VGB,GLOBAL,PWRCOAPANXX,2049,0.0946,new
VGB,GLOBAL,PWRCOAPANXX,2050,0.0946,new
VGB,GLOBAL,PWRCOAPERXX,2027,0.082,new
VGB,GLOBAL,PWRCOAPERXX,2028,0.082,new
VGB,GLOBAL,PWRCOAPERXX,2029,0.082,new
VGB,GLOBAL,PWRCOAPERXX,2030,0.082,new
VGB,GLOBAL,PWRCOAPERXX,2031,0.082,new
VGB,GLOBAL,PWRCOAPERXX,2032,0.082,new
VGB,GLOBAL,PWRCOAPERXX,2033,0.082,new
VGB,GLOBAL,PWRCOAPERXX,2034,0.082,new
VGB,GLOBAL,PWRCOAPERXX,2035,0.082,new
VGB,GLOBAL,PWRCOAPERXX,2036,0.082,new
VGB,GLOBAL,PWRCOAPERXX,2037,0.082,new
VGB,GLOBAL,PWRCOAPERXX,2038,0.082,new
VGB,GLOBAL,PWRCOAPERXX,2039,0.082,new
VGB,GLOBAL,PWRCOAPERXX,2040,0.082,new
VGB,GLOBAL,PWRCOAPERXX,2041,0.082,new
VGB,GLOBAL,PWRCOAPERXX,2042,0.082,new
VGB,GLOBAL,PWRCOAPERXX,2043,0.082,new
VGB,GLOBAL,PWRCOAPERXX,2044,0.082,new
VGB,GLOBAL,PWRCOAPERXX,2045,0.082,new
VGB,GLOBAL,PWRCOAPERXX,2046,0.082,new
VGB,GLOBAL,PWRCOAPERXX,2047,0.082,new
VGB,GLOBAL,PWRCOAPERXX,2048,0.082,new
VGB,GLOBAL,PWRCOAPERXX,2049,0.082,new
VGB,GLOBAL,PWRCOAPERXX,2050,0.082,new
VGB,GLOBAL,PWRNGSARGXX,2027,227.8356,new
VGB,GLOBAL,PWRNGSARGXX,2028,227.8356,new
VGB,GLOBAL,PWRNGSARGXX,2029,227.8356,new
VGB,GLOBAL,PWRNGSARGXX,2030,227.8356,new
VGB,GLOBAL,PWRNGSARGXX,2031,227.8356,new
VGB,GLOBAL,PWRNGSARGXX,2032,227.8356,new
VGB,GLOBAL,PWRNGSARGXX,2033,227.8356,new
VGB,GLOBAL,PWRNGSARGXX,2034,227.8356,new
VGB,GLOBAL,PWRNGSARGXX,2035,227.8356,new
VGB,GLOBAL,PWRNGSARGXX,2036,227.8356,new
VGB,GLOBAL,PWRNGSARGXX,2037,227.8356,new
VGB,GLOBAL,PWRNGSARGXX,2038,227.8356,new
VGB,GLOBAL,PWRNGSARGXX,2039,227.8356,new
VGB,GLOBAL,PWRNGSARGXX,2040,227.8356,new
VGB,GLOBAL,PWRNGSARGXX,2041,227.8356,new
VGB,GLOBAL,PWRNGSARGXX,2042,227.8356,new
VGB,GLOBAL,PWRNGSARGXX,2043,227.8356,new
VGB,GLOBAL,PWRNGSARGXX,2044,227.8356,new
VGB,GLOBAL,PWRNGSARGXX,2045,227.8356,new
VGB,GLOBAL,PWRNGSARGXX,2046,227.8356,new
VGB,GLOBAL,PWRNGSARGXX,2047,227.8356,new
VGB,GLOBAL,PWRNGSARGXX,2048,227.8356,new
VGB,GLOBAL,PWRNGSARGXX,2049,227.8356,new
VGB,GLOBAL,PWRNGSARGXX,2050,227.8356,new
VGB,GLOBAL,PWRNGSBOLXX,2027,30.871,new
VGB,GLOBAL,PWRNGSBOLXX,2028,30.871,new
VGB,GLOBAL,PWRNGSBOLXX,2029,30.871,new
VGB,GLOBAL,PWRNGSBOLXX,2030,30.871,new
VGB,GLOBAL,PWRNGSBOLXX,2031,30.871,new
VGB,GLOBAL,PWRNGSBOLXX,2032,30.871,new
VGB,GLOBAL,PWRNGSBOLXX,2033,30.871,new
VGB,GLOBAL,PWRNGSBOLXX,2034,30.871,new
VGB,GLOBAL,PWRNGSBOLXX,2035,30.871,new
VGB,GLOBAL,PWRNGSBOLXX,2036,30.871,new
VGB,GLOBAL,PWRNGSBOLXX,2037,30.871,new
VGB,GLOBAL,PWRNGSBOLXX,2038,30.871,new
VGB,GLOBAL,PWRNGSBOLXX,2039,30.871,new
VGB,GLOBAL,PWRNGSBOLXX,2040,30.871,new
VGB,GLOBAL,PWRNGSBOLXX,2041,30.871,new
VGB,GLOBAL,PWRNGSBOLXX,2042,30.871,new
VGB,GLOBAL,PWRNGSBOLXX,2043,30.871,new
VGB,GLOBAL,PWRNGSBOLXX,2044,30.871,new
VGB,GLOBAL,PWRNGSBOLXX,2045,30.871,new
VGB,GLOBAL,PWRNGSBOLXX,2046,30.871,new
VGB,GLOBAL,PWRNGSBOLXX,2047,30.871,new
VGB,GLOBAL,PWRNGSBOLXX,2048,30.871,new
VGB,GLOBAL,PWRNGSBOLXX,2049,30.871,new
VGB,GLOBAL,PWRNGSBOLXX,2050,30.871,new
VGB,GLOBAL,PWRNGSBRAXX,2027,71.3912,new
VGB,GLOBAL,PWRNGSBRAXX,2028,71.3912,new
VGB,GLOBAL,PWRNGSBRAXX,2029,71.3912,new
VGB,GLOBAL,PWRNGSBRAXX,2030,71.3912,new
VGB,GLOBAL,PWRNGSBRAXX,2031,71.3912,new
VGB,GLOBAL,PWRNGSBRAXX,2032,71.3912,new
VGB,GLOBAL,PWRNGSBRAXX,2033,71.3912,new
VGB,GLOBAL,PWRNGSBRAXX,2034,71.3912,new
VGB,GLOBAL,PWRNGSBRAXX,2035,71.3912,new
VGB,GLOBAL,PWRNGSBRAXX,2036,71.3912,new
VGB,GLOBAL,PWRNGSBRAXX,2037,71.3912,new
VGB,GLOBAL,PWRNGSBRAXX,2038,71.3912,new
VGB,GLOBAL,PWRNGSBRAXX,2039,71.3912,new
VGB,GLOBAL,PWRNGSBRAXX,2040,71.3912,new
VGB,GLOBAL,PWRNGSBRAXX,2041,71.3912,new
VGB,GLOBAL,PWRNGSBRAXX,2042,71.3912,new
VGB,GLOBAL,PWRNGSBRAXX,2043,71.3912,new
VGB,GLOBAL,PWRNGSBRAXX,2044,71.3912,new
VGB,GLOBAL,PWRNGSBRAXX,2045,71.3912,new
VGB,GLOBAL,PWRNGSBRAXX,2046,71.3912,new
VGB,GLOBAL,PWRNGSBRAXX,2047,71.3912,new
VGB,GLOBAL,PWRNGSBRAXX,2048,71.3912,new
VGB,GLOBAL,PWRNGSBRAXX,2049,71.3912,new
VGB,GLOBAL,PWRNGSBRAXX,2050,71.3912,new
VGB,GLOBAL,PWRNGSCHLXX,2027,52.2283,new
VGB,GLOBAL,PWRNGSCHLXX,2028,52.2283,new
VGB,GLOBAL,PWRNGSCHLXX,2029,52.2283,new
VGB,GLOBAL,PWRNGSCHLXX,2030,52.2283,new
VGB,GLOBAL,PWRNGSCHLXX,2031,52.2283,new
VGB,GLOBAL,PWRNGSCHLXX,2032,52.2283,new
VGB,GLOBAL,PWRNGSCHLXX,2033,52.2283,new
VGB,GLOBAL,PWRNGSCHLXX,2034,52.2283,new
VGB,GLOBAL,PWRNGSCHLXX,2035,52.2283,new
VGB,GLOBAL,PWRNGSCHLXX,2036,52.2283,new
VGB,GLOBAL,PWRNGSCHLXX,2037,52.2283,new
VGB,GLOBAL,PWRNGSCHLXX,2038,52.2283,new
VGB,GLOBAL,PWRNGSCHLXX,2039,52.2283,new
VGB,GLOBAL,PWRNGSCHLXX,2040,52.2283,new
VGB,GLOBAL,PWRNGSCHLXX,2041,52.2283,new
VGB,GLOBAL,PWRNGSCHLXX,2042,52.2283,new
VGB,GLOBAL,PWRNGSCHLXX,2043,52.2283,new
VGB,GLOBAL,PWRNGSCHLXX,2044,52.2283,new
VGB,GLOBAL,PWRNGSCHLXX,2045,52.2283,new
VGB,GLOBAL,PWRNGSCHLXX,2046,52.2283,new
VGB,GLOBAL,PWRNGSCHLXX,2047,52.2283,new
VGB,GLOBAL,PWRNGSCHLXX,2048,52.2283,new
VGB,GLOBAL,PWRNGSCHLXX,2049,52.2283,new
VGB,GLOBAL,PWRNGSCHLXX,2050,52.2283,new
VGB,GLOBAL,PWRNGSCOLXX,2027,14.6836,new
VGB,GLOBAL,PWRNGSCOLXX,2028,14.6836,new
VGB,GLOBAL,PWRNGSCOLXX,2029,14.6836,new
VGB,GLOBAL,PWRNGSCOLXX,2030,14.6836,new
VGB,GLOBAL,PWRNGSCOLXX,2031,14.6836,new
VGB,GLOBAL,PWRNGSCOLXX,2032,14.6836,new
VGB,GLOBAL,PWRNGSCOLXX,2033,14.6836,new
VGB,GLOBAL,PWRNGSCOLXX,2034,14.6836,new
VGB,GLOBAL,PWRNGSCOLXX,2035,14.6836,new
VGB,GLOBAL,PWRNGSCOLXX,2036,14.6836,new
VGB,GLOBAL,PWRNGSCOLXX,2037,14.6836,new
VGB,GLOBAL,PWRNGSCOLXX,2038,14.6836,new
VGB,GLOBAL,PWRNGSCOLXX,2039,14.6836,new
VGB,GLOBAL,PWRNGSCOLXX,2040,14.6836,new
VGB,GLOBAL,PWRNGSCOLXX,2041,14.6836,new
VGB,GLOBAL,PWRNGSCOLXX,2042,14.6836,new
VGB,GLOBAL,PWRNGSCOLXX,2043,14.6836,new
VGB,GLOBAL,PWRNGSCOLXX,2044,14.6836,new
VGB,GLOBAL,PWRNGSCOLXX,2045,14.6836,new
VGB,GLOBAL,PWRNGSCOLXX,2046,14.6836,new
VGB,GLOBAL,PWRNGSCOLXX,2047,14.6836,new
VGB,GLOBAL,PWRNGSCOLXX,2048,14.6836,new
VGB,GLOBAL,PWRNGSCOLXX,2049,14.6836,new
VGB,GLOBAL,PWRNGSCOLXX,2050,14.6836,new
VGB,GLOBAL,PWRNGSDOMXX,2027,30.5032,new
VGB,GLOBAL,PWRNGSDOMXX,2028,30.5032,new
VGB,GLOBAL,PWRNGSDOMXX,2029,30.5032,new
VGB,GLOBAL,PWRNGSDOMXX,2030,30.5032,new
VGB,GLOBAL,PWRNGSDOMXX,2031,30.5032,new
VGB,GLOBAL,PWRNGSDOMXX,2032,30.5032,new
VGB,GLOBAL,PWRNGSDOMXX,2033,31.506,new
VGB,GLOBAL,PWRNGSDOMXX,2034,31.506,new
VGB,GLOBAL,PWRNGSDOMXX,2035,31.506,new
VGB,GLOBAL,PWRNGSDOMXX,2036,31.506,new
VGB,GLOBAL,PWRNGSDOMXX,2037,31.506,new
VGB,GLOBAL,PWRNGSDOMXX,2038,34.5146,new
VGB,GLOBAL,PWRNGSDOMXX,2039,34.5146,new
VGB,GLOBAL,PWRNGSDOMXX,2040,37.5231,new
VGB,GLOBAL,PWRNGSDOMXX,2041,37.5231,new
VGB,GLOBAL,PWRNGSDOMXX,2042,37.5231,new
VGB,GLOBAL,PWRNGSDOMXX,2043,37.5231,new
VGB,GLOBAL,PWRNGSDOMXX,2044,37.5231,new
VGB,GLOBAL,PWRNGSDOMXX,2045,37.5231,new
VGB,GLOBAL,PWRNGSDOMXX,2046,37.5231,new
VGB,GLOBAL,PWRNGSDOMXX,2047,37.5231,new
VGB,GLOBAL,PWRNGSDOMXX,2048,37.5231,new
VGB,GLOBAL,PWRNGSDOMXX,2049,37.5231,new
VGB,GLOBAL,PWRNGSDOMXX,2050,37.5231,new
VGB,GLOBAL,PWRNGSECUXX,2027,6.1229,new
VGB,GLOBAL,PWRNGSECUXX,2028,6.1229,new
VGB,GLOBAL,PWRNGSECUXX,2029,6.1229,new
VGB,GLOBAL,PWRNGSECUXX,2030,6.1229,new
VGB,GLOBAL,PWRNGSECUXX,2031,6.1229,new
VGB,GLOBAL,PWRNGSECUXX,2032,6.1229,new
VGB,GLOBAL,PWRNGSECUXX,2033,6.1229,new
VGB,GLOBAL,PWRNGSECUXX,2034,6.1229,new
VGB,GLOBAL,PWRNGSECUXX,2035,6.1229,new
VGB,GLOBAL,PWRNGSECUXX,2036,6.1229,new
VGB,GLOBAL,PWRNGSECUXX,2037,6.1229,new
VGB,GLOBAL,PWRNGSECUXX,2038,6.1229,new
VGB,GLOBAL,PWRNGSECUXX,2039,6.1229,new
VGB,GLOBAL,PWRNGSECUXX,2040,6.1229,new
VGB,GLOBAL,PWRNGSECUXX,2041,6.1229,new
VGB,GLOBAL,PWRNGSECUXX,2042,6.1229,new
VGB,GLOBAL,PWRNGSECUXX,2043,6.1229,new
VGB,GLOBAL,PWRNGSECUXX,2044,6.1229,new
VGB,GLOBAL,PWRNGSECUXX,2045,6.1229,new
VGB,GLOBAL,PWRNGSECUXX,2046,6.1229,new
VGB,GLOBAL,PWRNGSECUXX,2047,6.1229,new
VGB,GLOBAL,PWRNGSECUXX,2048,6.1229,new
VGB,GLOBAL,PWRNGSECUXX,2049,6.1229,new
VGB,GLOBAL,PWRNGSECUXX,2050,6.1229,new
VGB,GLOBAL,PWRNGSGTMXX,2027,0.0123,new
VGB,GLOBAL,PWRNGSGTMXX,2028,0.0123,new
VGB,GLOBAL,PWRNGSGTMXX,2029,0.0123,new
VGB,GLOBAL,PWRNGSGTMXX,2030,0.0123,new
VGB,GLOBAL,PWRNGSGTMXX,2031,0.0123,new
VGB,GLOBAL,PWRNGSGTMXX,2032,0.0123,new
VGB,GLOBAL,PWRNGSGTMXX,2033,0.0123,new
VGB,GLOBAL,PWRNGSGTMXX,2034,0.0123,new
VGB,GLOBAL,PWRNGSGTMXX,2035,0.2488,new
VGB,GLOBAL,PWRNGSGTMXX,2036,0.2488,new
VGB,GLOBAL,PWRNGSGTMXX,2037,0.2488,new
VGB,GLOBAL,PWRNGSGTMXX,2038,0.2488,new
VGB,GLOBAL,PWRNGSGTMXX,2039,0.2488,new
VGB,GLOBAL,PWRNGSGTMXX,2040,0.2488,new
VGB,GLOBAL,PWRNGSGTMXX,2041,0.2488,new
VGB,GLOBAL,PWRNGSGTMXX,2042,0.2488,new
VGB,GLOBAL,PWRNGSGTMXX,2043,0.2488,new
VGB,GLOBAL,PWRNGSGTMXX,2044,0.2488,new
VGB,GLOBAL,PWRNGSGTMXX,2045,0.2488,new
VGB,GLOBAL,PWRNGSGTMXX,2046,3.0871,new
VGB,GLOBAL,PWRNGSGTMXX,2047,3.0871,new
VGB,GLOBAL,PWRNGSGTMXX,2048,3.0871,new
VGB,GLOBAL,PWRNGSGTMXX,2049,3.0871,new
VGB,GLOBAL,PWRNGSGTMXX,2050,3.0871,new
VGB,GLOBAL,PWRNGSMEXXX,2027,617.8494,new
VGB,GLOBAL,PWRNGSMEXXX,2028,653.1996,new
VGB,GLOBAL,PWRNGSMEXXX,2029,666.4542,new
VGB,GLOBAL,PWRNGSMEXXX,2030,666.4542,new
VGB,GLOBAL,PWRNGSMEXXX,2031,666.4542,new
VGB,GLOBAL,PWRNGSMEXXX,2032,666.4542,new
VGB,GLOBAL,PWRNGSMEXXX,2033,666.4542,new
VGB,GLOBAL,PWRNGSMEXXX,2034,666.4542,new
VGB,GLOBAL,PWRNGSMEXXX,2035,666.4542,new
VGB,GLOBAL,PWRNGSMEXXX,2036,666.4542,new
VGB,GLOBAL,PWRNGSMEXXX,2037,666.4542,new
VGB,GLOBAL,PWRNGSMEXXX,2038,666.4542,new
VGB,GLOBAL,PWRNGSMEXXX,2039,666.4542,new
VGB,GLOBAL,PWRNGSMEXXX,2040,666.4542,new
VGB,GLOBAL,PWRNGSMEXXX,2041,666.4542,new
VGB,GLOBAL,PWRNGSMEXXX,2042,666.4542,new
VGB,GLOBAL,PWRNGSMEXXX,2043,666.4542,new
VGB,GLOBAL,PWRNGSMEXXX,2044,666.4542,new
VGB,GLOBAL,PWRNGSMEXXX,2045,666.4542,new
VGB,GLOBAL,PWRNGSMEXXX,2046,666.4542,new
VGB,GLOBAL,PWRNGSMEXXX,2047,666.4542,new
VGB,GLOBAL,PWRNGSMEXXX,2048,666.4542,new
VGB,GLOBAL,PWRNGSMEXXX,2049,666.4542,new
VGB,GLOBAL,PWRNGSMEXXX,2050,666.4542,new
VGB,GLOBAL,PWRNGSPANXX,2027,4.2053,new
VGB,GLOBAL,PWRNGSPANXX,2028,6.9647,new
VGB,GLOBAL,PWRNGSPANXX,2029,6.9647,new
VGB,GLOBAL,PWRNGSPANXX,2030,6.9647,new
VGB,GLOBAL,PWRNGSPANXX,2031,6.9647,new
VGB,GLOBAL,PWRNGSPANXX,2032,10.3864,new
VGB,GLOBAL,PWRNGSPANXX,2033,10.3864,new
VGB,GLOBAL,PWRNGSPANXX,2034,13.1458,new
VGB,GLOBAL,PWRNGSPANXX,2035,13.6977,new
VGB,GLOBAL,PWRNGSPANXX,2036,13.6977,new
VGB,GLOBAL,PWRNGSPANXX,2037,13.6977,new
VGB,GLOBAL,PWRNGSPANXX,2038,13.6977,new
VGB,GLOBAL,PWRNGSPANXX,2039,13.6977,new
VGB,GLOBAL,PWRNGSPANXX,2040,13.6977,new
VGB,GLOBAL,PWRNGSPANXX,2041,13.6977,new
VGB,GLOBAL,PWRNGSPANXX,2042,13.6977,new
VGB,GLOBAL,PWRNGSPANXX,2043,13.6977,new
VGB,GLOBAL,PWRNGSPANXX,2044,13.6977,new
VGB,GLOBAL,PWRNGSPANXX,2045,13.6977,new
VGB,GLOBAL,PWRNGSPANXX,2046,13.6977,new
VGB,GLOBAL,PWRNGSPANXX,2047,13.6977,new
VGB,GLOBAL,PWRNGSPANXX,2048,13.6977,new
VGB,GLOBAL,PWRNGSPANXX,2049,13.6977,new
VGB,GLOBAL,PWRNGSPANXX,2050,13.6977,new
VGB,GLOBAL,PWRNGSPERXX,2027,45.1759,new
VGB,GLOBAL,PWRNGSPERXX,2028,45.1759,new
VGB,GLOBAL,PWRNGSPERXX,2029,45.1759,new
VGB,GLOBAL,PWRNGSPERXX,2030,45.1759,new
VGB,GLOBAL,PWRNGSPERXX,2031,57.6644,new
VGB,GLOBAL,PWRNGSPERXX,2032,57.6644,new
VGB,GLOBAL,PWRNGSPERXX,2033,57.6644,new
VGB,GLOBAL,PWRNGSPERXX,2034,57.6644,new
VGB,GLOBAL,PWRNGSPERXX,2035,57.6644,new
VGB,GLOBAL,PWRNGSPERXX,2036,57.6644,new
VGB,GLOBAL,PWRNGSPERXX,2037,57.6644,new
VGB,GLOBAL,PWRNGSPERXX,2038,57.6644,new
VGB,GLOBAL,PWRNGSPERXX,2039,57.6644,new
VGB,GLOBAL,PWRNGSPERXX,2040,57.6644,new
VGB,GLOBAL,PWRNGSPERXX,2041,57.6644,new
VGB,GLOBAL,PWRNGSPERXX,2042,57.6644,new
VGB,GLOBAL,PWRNGSPERXX,2043,57.6644,new
VGB,GLOBAL,PWRNGSPERXX,2044,57.6644,new
VGB,GLOBAL,PWRNGSPERXX,2045,57.6644,new
VGB,GLOBAL,PWRNGSPERXX,2046,57.6644,new
VGB,GLOBAL,PWRNGSPERXX,2047,57.6644,new
VGB,GLOBAL,PWRNGSPERXX,2048,57.6644,new
VGB,GLOBAL,PWRNGSPERXX,2049,57.6644,new
VGB,GLOBAL,PWRNGSPERXX,2050,57.6644,new
VGB,GLOBAL,PWRNGSSLVXX,2027,1.834,new
VGB,GLOBAL,PWRNGSSLVXX,2028,1.834,new
VGB,GLOBAL,PWRNGSSLVXX,2029,1.834,new
VGB,GLOBAL,PWRNGSSLVXX,2030,2.307,new
VGB,GLOBAL,PWRNGSSLVXX,2031,2.307,new
VGB,GLOBAL,PWRNGSSLVXX,2032,3.7261,new
VGB,GLOBAL,PWRNGSSLVXX,2033,3.7261,new
VGB,GLOBAL,PWRNGSSLVXX,2034,3.7261,new
VGB,GLOBAL,PWRNGSSLVXX,2035,5.3818,new
VGB,GLOBAL,PWRNGSSLVXX,2036,5.3818,new
VGB,GLOBAL,PWRNGSSLVXX,2037,5.3818,new
VGB,GLOBAL,PWRNGSSLVXX,2038,5.3818,new
VGB,GLOBAL,PWRNGSSLVXX,2039,5.3818,new
VGB,GLOBAL,PWRNGSSLVXX,2040,5.3818,new
VGB,GLOBAL,PWRNGSSLVXX,2041,5.3818,new
VGB,GLOBAL,PWRNGSSLVXX,2042,5.3818,new
VGB,GLOBAL,PWRNGSSLVXX,2043,5.3818,new
VGB,GLOBAL,PWRNGSSLVXX,2044,5.3818,new
VGB,GLOBAL,PWRNGSSLVXX,2045,5.3818,new
VGB,GLOBAL,PWRNGSSLVXX,2046,5.3818,new
VGB,GLOBAL,PWRNGSSLVXX,2047,5.3818,new
VGB,GLOBAL,PWRNGSSLVXX,2048,5.3818,new
VGB,GLOBAL,PWRNGSSLVXX,2049,5.3818,new
VGB,GLOBAL,PWRNGSSLVXX,2050,5.3818,new
VGB,GLOBAL,PWROILBRBXX,2027,3.6539,new
VGB,GLOBAL,PWROILBRBXX,2028,3.6539,new
VGB,GLOBAL,PWROILBRBXX,2029,3.6539,new
VGB,GLOBAL,PWROILBRBXX,2030,3.6539,new
VGB,GLOBAL,PWROILBRBXX,2031,3.6539,new
VGB,GLOBAL,PWROILBRBXX,2032,3.6539,new
VGB,GLOBAL,PWROILBRBXX,2033,3.6539,new
VGB,GLOBAL,PWROILBRBXX,2034,3.6539,new
VGB,GLOBAL,PWROILBRBXX,2035,3.6539,new
VGB,GLOBAL,PWROILBRBXX,2036,3.6539,new
VGB,GLOBAL,PWROILBRBXX,2037,3.6539,new
VGB,GLOBAL,PWROILBRBXX,2038,3.6539,new
VGB,GLOBAL,PWROILBRBXX,2039,3.6539,new
VGB,GLOBAL,PWROILBRBXX,2040,3.6539,new
VGB,GLOBAL,PWROILBRBXX,2041,3.6539,new
VGB,GLOBAL,PWROILBRBXX,2042,3.6539,new
VGB,GLOBAL,PWROILBRBXX,2043,3.6539,new
VGB,GLOBAL,PWROILBRBXX,2044,3.6539,new
VGB,GLOBAL,PWROILBRBXX,2045,3.6539,new
VGB,GLOBAL,PWROILBRBXX,2046,4.2122,new
VGB,GLOBAL,PWROILBRBXX,2047,4.2122,new
VGB,GLOBAL,PWROILBRBXX,2048,4.2122,new
VGB,GLOBAL,PWROILBRBXX,2049,4.2122,new
VGB,GLOBAL,PWROILBRBXX,2050,4.2122,new
VGB,GLOBAL,PWROILCHLXX,2046,2.0104,new
VGB,GLOBAL,PWROILCHLXX,2047,2.0104,new
VGB,GLOBAL,PWROILCHLXX,2048,2.0104,new
VGB,GLOBAL,PWROILCHLXX,2049,2.0104,new
VGB,GLOBAL,PWROILCHLXX,2050,2.0104,new
VGB,GLOBAL,PWROILCOLXX,2046,1.915,new
VGB,GLOBAL,PWROILCOLXX,2047,1.915,new
VGB,GLOBAL,PWROILCOLXX,2048,1.915,new
VGB,GLOBAL,PWROILCOLXX,2049,1.915,new
VGB,GLOBAL,PWROILCOLXX,2050,1.915,new
VGB,GLOBAL,PWROILCRIXX,2028,0.7096,new
VGB,GLOBAL,PWROILCRIXX,2029,0.7096,new
VGB,GLOBAL,PWROILCRIXX,2030,0.7096,new
VGB,GLOBAL,PWROILCRIXX,2031,0.7096,new
VGB,GLOBAL,PWROILCRIXX,2032,0.7096,new
VGB,GLOBAL,PWROILCRIXX,2033,0.7096,new
VGB,GLOBAL,PWROILCRIXX,2034,0.7096,new
VGB,GLOBAL,PWROILCRIXX,2035,0.7096,new
VGB,GLOBAL,PWROILCRIXX,2036,0.7096,new
VGB,GLOBAL,PWROILCRIXX,2037,0.7096,new
VGB,GLOBAL,PWROILCRIXX,2038,0.7096,new
VGB,GLOBAL,PWROILCRIXX,2039,0.7096,new
VGB,GLOBAL,PWROILCRIXX,2040,0.7096,new
VGB,GLOBAL,PWROILCRIXX,2041,0.7096,new
VGB,GLOBAL,PWROILCRIXX,2042,0.7096,new
VGB,GLOBAL,PWROILCRIXX,2043,0.7096,new
VGB,GLOBAL,PWROILCRIXX,2044,0.7096,new
VGB,GLOBAL,PWROILCRIXX,2045,0.7096,new
VGB,GLOBAL,PWROILCRIXX,2046,1.0683,new
VGB,GLOBAL,PWROILCRIXX,2047,1.0683,new
VGB,GLOBAL,PWROILCRIXX,2048,1.0683,new
VGB,GLOBAL,PWROILCRIXX,2049,1.0683,new
VGB,GLOBAL,PWROILCRIXX,2050,1.0683,new
VGB,GLOBAL,PWROILDOMXX,2046,6.0111,new
VGB,GLOBAL,PWROILDOMXX,2047,6.0111,new
VGB,GLOBAL,PWROILDOMXX,2048,6.0111,new
VGB,GLOBAL,PWROILDOMXX,2049,6.0111,new
VGB,GLOBAL,PWROILDOMXX,2050,6.0111,new
VGB,GLOBAL,PWROILECUXX,2027,17.2596,new
VGB,GLOBAL,PWROILECUXX,2028,17.2596,new
VGB,GLOBAL,PWROILECUXX,2029,17.2596,new
VGB,GLOBAL,PWROILECUXX,2030,17.2596,new
VGB,GLOBAL,PWROILECUXX,2031,17.2596,new
VGB,GLOBAL,PWROILECUXX,2032,17.2596,new
VGB,GLOBAL,PWROILECUXX,2033,17.2596,new
VGB,GLOBAL,PWROILECUXX,2034,17.2596,new
VGB,GLOBAL,PWROILECUXX,2035,17.2596,new
VGB,GLOBAL,PWROILECUXX,2036,17.2596,new
VGB,GLOBAL,PWROILECUXX,2037,17.2596,new
VGB,GLOBAL,PWROILECUXX,2038,17.2596,new
VGB,GLOBAL,PWROILECUXX,2039,17.2596,new
VGB,GLOBAL,PWROILECUXX,2040,17.2596,new
VGB,GLOBAL,PWROILECUXX,2041,17.2596,new
VGB,GLOBAL,PWROILECUXX,2042,17.2596,new
VGB,GLOBAL,PWROILECUXX,2043,17.2596,new
VGB,GLOBAL,PWROILECUXX,2044,17.2596,new
VGB,GLOBAL,PWROILECUXX,2046,14.7266,new
VGB,GLOBAL,PWROILECUXX,2047,14.7266,new
VGB,GLOBAL,PWROILECUXX,2048,14.7266,new
VGB,GLOBAL,PWROILECUXX,2049,14.7266,new
VGB,GLOBAL,PWROILECUXX,2050,14.7266,new
VGB,GLOBAL,PWROILGTMXX,2027,1.296,new
VGB,GLOBAL,PWROILGTMXX,2028,1.296,new
VGB,GLOBAL,PWROILGTMXX,2029,1.2579,new
VGB,GLOBAL,PWROILGTMXX,2030,1.2579,new
VGB,GLOBAL,PWROILGTMXX,2031,1.1956,new
VGB,GLOBAL,PWROILGTMXX,2032,1.1956,new
VGB,GLOBAL,PWROILGTMXX,2033,1.1956,new
VGB,GLOBAL,PWROILGTMXX,2034,1.1504,new
VGB,GLOBAL,PWROILGTMXX,2035,1.1504,new
VGB,GLOBAL,PWROILGTMXX,2036,1.1504,new
VGB,GLOBAL,PWROILGTMXX,2037,1.1504,new
VGB,GLOBAL,PWROILGTMXX,2038,1.0901,new
VGB,GLOBAL,PWROILGTMXX,2039,0.4029,new
VGB,GLOBAL,PWROILGTMXX,2040,0.4029,new
VGB,GLOBAL,PWROILGTMXX,2041,0.4029,new
VGB,GLOBAL,PWROILGTMXX,2042,0.4029,new
VGB,GLOBAL,PWROILGTMXX,2043,0.4029,new
VGB,GLOBAL,PWROILGTMXX,2046,1.0099,new
VGB,GLOBAL,PWROILGTMXX,2047,1.0099,new
VGB,GLOBAL,PWROILGTMXX,2048,1.0099,new
VGB,GLOBAL,PWROILGTMXX,2049,1.0099,new
VGB,GLOBAL,PWROILGTMXX,2050,1.0099,new
VGB,GLOBAL,PWROILHNDXX,2029,1.1038,new
VGB,GLOBAL,PWROILHNDXX,2030,1.1038,new
VGB,GLOBAL,PWROILHNDXX,2031,2.2075,new
VGB,GLOBAL,PWROILHNDXX,2032,3.3113,new
VGB,GLOBAL,PWROILHNDXX,2033,4.415,new
VGB,GLOBAL,PWROILHNDXX,2034,4.415,new
VGB,GLOBAL,PWROILHNDXX,2035,4.415,new
VGB,GLOBAL,PWROILHNDXX,2036,4.415,new
VGB,GLOBAL,PWROILHNDXX,2037,4.415,new
VGB,GLOBAL,PWROILHNDXX,2038,4.415,new
VGB,GLOBAL,PWROILHNDXX,2039,4.415,new
VGB,GLOBAL,PWROILHNDXX,2040,4.415,new
VGB,GLOBAL,PWROILHNDXX,2041,4.415,new
VGB,GLOBAL,PWROILHNDXX,2042,4.415,new
VGB,GLOBAL,PWROILHNDXX,2043,4.415,new
VGB,GLOBAL,PWROILHNDXX,2044,4.415,new
VGB,GLOBAL,PWROILHNDXX,2045,4.415,new
VGB,GLOBAL,PWROILHNDXX,2046,8.6866,new
VGB,GLOBAL,PWROILHNDXX,2047,8.6866,new
VGB,GLOBAL,PWROILHNDXX,2048,8.6866,new
VGB,GLOBAL,PWROILHNDXX,2049,8.6866,new
VGB,GLOBAL,PWROILHNDXX,2050,8.6866,new
VGB,GLOBAL,PWROILHTIXX,2027,2.5462,new
VGB,GLOBAL,PWROILHTIXX,2028,2.5462,new
VGB,GLOBAL,PWROILHTIXX,2029,2.5462,new
VGB,GLOBAL,PWROILHTIXX,2030,2.5462,new
VGB,GLOBAL,PWROILHTIXX,2031,2.5462,new
VGB,GLOBAL,PWROILHTIXX,2032,2.5462,new
VGB,GLOBAL,PWROILHTIXX,2033,2.5462,new
VGB,GLOBAL,PWROILHTIXX,2034,2.5462,new
VGB,GLOBAL,PWROILHTIXX,2035,2.5462,new
VGB,GLOBAL,PWROILHTIXX,2036,2.5462,new
VGB,GLOBAL,PWROILHTIXX,2037,2.5462,new
VGB,GLOBAL,PWROILHTIXX,2038,2.5462,new
VGB,GLOBAL,PWROILHTIXX,2039,2.5462,new
VGB,GLOBAL,PWROILHTIXX,2040,2.5462,new
VGB,GLOBAL,PWROILHTIXX,2041,2.5462,new
VGB,GLOBAL,PWROILHTIXX,2042,2.5462,new
VGB,GLOBAL,PWROILHTIXX,2043,2.5462,new
VGB,GLOBAL,PWROILHTIXX,2044,2.5462,new
VGB,GLOBAL,PWROILHTIXX,2045,2.5462,new
VGB,GLOBAL,PWROILHTIXX,2046,0.9749,new
VGB,GLOBAL,PWROILHTIXX,2047,0.9749,new
VGB,GLOBAL,PWROILHTIXX,2048,0.9749,new
VGB,GLOBAL,PWROILHTIXX,2049,0.9749,new
VGB,GLOBAL,PWROILHTIXX,2050,0.9749,new
VGB,GLOBAL,PWROILNICXX,2046,3.8201,new
VGB,GLOBAL,PWROILNICXX,2047,3.8201,new
VGB,GLOBAL,PWROILNICXX,2048,3.8201,new
VGB,GLOBAL,PWROILNICXX,2049,3.8201,new
VGB,GLOBAL,PWROILNICXX,2050,3.8201,new
VGB,GLOBAL,PWROILPANXX,2046,0.3159,new
VGB,GLOBAL,PWROILPANXX,2047,0.3159,new
VGB,GLOBAL,PWROILPANXX,2048,0.3159,new
VGB,GLOBAL,PWROILPANXX,2049,0.3159,new
VGB,GLOBAL,PWROILPANXX,2050,0.3159,new
VGB,GLOBAL,PWROILPERXX,2046,7.4753,new
VGB,GLOBAL,PWROILPERXX,2047,7.4753,new
VGB,GLOBAL,PWROILPERXX,2048,7.4753,new
VGB,GLOBAL,PWROILPERXX,2049,7.4753,new
VGB,GLOBAL,PWROILPERXX,2050,7.4753,new
VGB,GLOBAL,PWROILSLVXX,2030,2.8382,new
VGB,GLOBAL,PWROILSLVXX,2031,2.8382,new
VGB,GLOBAL,PWROILSLVXX,2032,2.8382,new
VGB,GLOBAL,PWROILSLVXX,2033,2.8382,new
VGB,GLOBAL,PWROILSLVXX,2034,2.8382,new
VGB,GLOBAL,PWROILSLVXX,2035,2.8382,new
VGB,GLOBAL,PWROILSLVXX,2036,2.8382,new
VGB,GLOBAL,PWROILSLVXX,2037,2.8382,new
VGB,GLOBAL,PWROILSLVXX,2038,2.8382,new
VGB,GLOBAL,PWROILSLVXX,2039,2.8382,new
VGB,GLOBAL,PWROILSLVXX,2040,2.8382,new
VGB,GLOBAL,PWROILSLVXX,2041,2.8382,new
VGB,GLOBAL,PWROILSLVXX,2042,2.8382,new
VGB,GLOBAL,PWROILSLVXX,2043,2.8382,new
VGB,GLOBAL,PWROILSLVXX,2044,2.8382,new
VGB,GLOBAL,PWROILSLVXX,2045,2.8382,new
VGB,GLOBAL,PWROILSLVXX,2046,10.1391,new
VGB,GLOBAL,PWROILSLVXX,2047,10.1391,new
VGB,GLOBAL,PWROILSLVXX,2048,10.1391,new
VGB,GLOBAL,PWROILSLVXX,2049,10.1391,new
VGB,GLOBAL,PWROILSLVXX,2050,10.1391,new
VGB,GLOBAL,PWRPETARGXX,2027,61.5255,new
VGB,GLOBAL,PWRPETARGXX,2028,61.5255,new
VGB,GLOBAL,PWRPETARGXX,2029,61.5255,new
VGB,GLOBAL,PWRPETARGXX,2030,61.5255,new
VGB,GLOBAL,PWRPETARGXX,2031,61.5255,new
VGB,GLOBAL,PWRPETARGXX,2032,61.5255,new
VGB,GLOBAL,PWRPETARGXX,2033,61.5255,new
VGB,GLOBAL,PWRPETARGXX,2034,61.5255,new
VGB,GLOBAL,PWRPETARGXX,2035,61.5255,new
VGB,GLOBAL,PWRPETARGXX,2036,61.5255,new
VGB,GLOBAL,PWRPETARGXX,2037,61.5255,new
VGB,GLOBAL,PWRPETARGXX,2038,61.5255,new
VGB,GLOBAL,PWRPETARGXX,2039,61.5255,new
VGB,GLOBAL,PWRPETARGXX,2040,61.5255,new
VGB,GLOBAL,PWRPETARGXX,2041,61.5255,new
VGB,GLOBAL,PWRPETARGXX,2042,61.5255,new
VGB,GLOBAL,PWRPETARGXX,2043,61.5255,new
VGB,GLOBAL,PWRPETARGXX,2044,61.5255,new
VGB,GLOBAL,PWRPETARGXX,2045,61.5255,new
VGB,GLOBAL,PWRPETBOLXX,2027,0.7472,new
VGB,GLOBAL,PWRPETBOLXX,2028,0.7472,new
VGB,GLOBAL,PWRPETBOLXX,2029,0.7472,new
VGB,GLOBAL,PWRPETBOLXX,2030,0.7472,new
VGB,GLOBAL,PWRPETBOLXX,2031,0.7472,new
VGB,GLOBAL,PWRPETBOLXX,2032,0.7472,new
VGB,GLOBAL,PWRPETBOLXX,2033,0.7472,new
VGB,GLOBAL,PWRPETBOLXX,2034,0.7472,new
VGB,GLOBAL,PWRPETBOLXX,2035,0.7472,new
VGB,GLOBAL,PWRPETBOLXX,2036,0.7472,new
VGB,GLOBAL,PWRPETBOLXX,2037,0.7472,new
VGB,GLOBAL,PWRPETBOLXX,2038,0.7472,new
VGB,GLOBAL,PWRPETBOLXX,2039,0.7472,new
VGB,GLOBAL,PWRPETBOLXX,2040,0.7472,new
VGB,GLOBAL,PWRPETBOLXX,2041,0.7472,new
VGB,GLOBAL,PWRPETBOLXX,2042,0.7472,new
VGB,GLOBAL,PWRPETBOLXX,2043,0.7472,new
VGB,GLOBAL,PWRPETBOLXX,2044,0.7472,new
VGB,GLOBAL,PWRPETBOLXX,2045,0.7472,new
VGB,GLOBAL,PWRPETBOLXX,2046,0.7472,new
VGB,GLOBAL,PWRPETBOLXX,2047,0.7472,new
VGB,GLOBAL,PWRPETBOLXX,2048,0.7472,new
VGB,GLOBAL,PWRPETBOLXX,2049,0.7472,new
VGB,GLOBAL,PWRPETBOLXX,2050,0.7472,new
VGB,GLOBAL,PWRPETBRAXX,2027,59.5553,new
VGB,GLOBAL,PWRPETBRAXX,2028,59.5553,new
VGB,GLOBAL,PWRPETBRAXX,2029,59.5553,new
VGB,GLOBAL,PWRPETBRAXX,2030,59.5553,new
VGB,GLOBAL,PWRPETBRAXX,2031,59.5553,new
VGB,GLOBAL,PWRPETBRAXX,2032,59.5553,new
VGB,GLOBAL,PWRPETBRAXX,2033,59.5553,new
VGB,GLOBAL,PWRPETBRAXX,2034,59.5553,new
VGB,GLOBAL,PWRPETBRAXX,2035,59.5553,new
VGB,GLOBAL,PWRPETBRAXX,2036,59.5553,new
VGB,GLOBAL,PWRPETBRAXX,2037,59.5553,new
VGB,GLOBAL,PWRPETBRAXX,2038,59.5553,new
VGB,GLOBAL,PWRPETBRAXX,2039,59.5553,new
VGB,GLOBAL,PWRPETBRAXX,2040,59.5553,new
VGB,GLOBAL,PWRPETBRAXX,2041,59.5553,new
VGB,GLOBAL,PWRPETBRAXX,2042,59.5553,new
VGB,GLOBAL,PWRPETBRAXX,2043,59.5553,new
VGB,GLOBAL,PWRPETBRAXX,2044,59.5553,new
VGB,GLOBAL,PWRPETBRAXX,2045,59.5553,new
VGB,GLOBAL,PWRPETBRBXX,2027,0.1053,new
VGB,GLOBAL,PWRPETBRBXX,2028,0.1053,new
VGB,GLOBAL,PWRPETBRBXX,2029,0.1053,new
VGB,GLOBAL,PWRPETBRBXX,2030,0.1053,new
VGB,GLOBAL,PWRPETBRBXX,2031,0.1053,new
VGB,GLOBAL,PWRPETBRBXX,2032,0.1053,new
VGB,GLOBAL,PWRPETBRBXX,2033,0.1053,new
VGB,GLOBAL,PWRPETBRBXX,2034,0.1053,new
VGB,GLOBAL,PWRPETBRBXX,2035,0.1053,new
VGB,GLOBAL,PWRPETBRBXX,2036,0.1053,new
VGB,GLOBAL,PWRPETBRBXX,2037,0.1053,new
VGB,GLOBAL,PWRPETBRBXX,2038,0.1053,new
VGB,GLOBAL,PWRPETBRBXX,2039,0.1053,new
VGB,GLOBAL,PWRPETBRBXX,2040,0.919,new
VGB,GLOBAL,PWRPETBRBXX,2041,0.919,new
VGB,GLOBAL,PWRPETBRBXX,2042,0.919,new
VGB,GLOBAL,PWRPETBRBXX,2043,0.919,new
VGB,GLOBAL,PWRPETBRBXX,2044,0.919,new
VGB,GLOBAL,PWRPETBRBXX,2045,0.919,new
VGB,GLOBAL,PWRPETBRBXX,2046,0.8136,new
VGB,GLOBAL,PWRPETBRBXX,2047,0.8136,new
VGB,GLOBAL,PWRPETBRBXX,2048,0.8136,new
VGB,GLOBAL,PWRPETBRBXX,2049,0.8136,new
VGB,GLOBAL,PWRPETBRBXX,2050,0.8136,new
VGB,GLOBAL,PWRPETCHLXX,2027,7.7435,new
VGB,GLOBAL,PWRPETCHLXX,2028,7.7435,new
VGB,GLOBAL,PWRPETCHLXX,2029,7.7435,new
VGB,GLOBAL,PWRPETCHLXX,2030,7.7435,new
VGB,GLOBAL,PWRPETCHLXX,2031,7.7435,new
VGB,GLOBAL,PWRPETCHLXX,2032,7.7435,new
VGB,GLOBAL,PWRPETCHLXX,2033,7.7435,new
VGB,GLOBAL,PWRPETCHLXX,2046,2.4443,new
VGB,GLOBAL,PWRPETCHLXX,2047,2.4443,new
VGB,GLOBAL,PWRPETCHLXX,2048,2.4443,new
VGB,GLOBAL,PWRPETCHLXX,2049,2.4443,new
VGB,GLOBAL,PWRPETCHLXX,2050,2.4443,new
VGB,GLOBAL,PWRPETCOLXX,2027,0.3964,new
VGB,GLOBAL,PWRPETCOLXX,2028,0.3964,new
VGB,GLOBAL,PWRPETCOLXX,2029,0.3964,new
VGB,GLOBAL,PWRPETCOLXX,2030,0.3964,new
VGB,GLOBAL,PWRPETCOLXX,2031,0.3964,new
VGB,GLOBAL,PWRPETCOLXX,2032,0.3964,new
VGB,GLOBAL,PWRPETCOLXX,2033,0.3964,new
VGB,GLOBAL,PWRPETCOLXX,2034,0.3964,new
VGB,GLOBAL,PWRPETCOLXX,2035,0.3964,new
VGB,GLOBAL,PWRPETCOLXX,2036,0.3964,new
VGB,GLOBAL,PWRPETCOLXX,2037,0.3964,new
VGB,GLOBAL,PWRPETCOLXX,2038,0.3964,new
VGB,GLOBAL,PWRPETCOLXX,2039,0.3964,new
VGB,GLOBAL,PWRPETCOLXX,2040,0.3964,new
VGB,GLOBAL,PWRPETCOLXX,2041,0.3964,new
VGB,GLOBAL,PWRPETCOLXX,2042,0.3964,new
VGB,GLOBAL,PWRPETCOLXX,2043,0.3964,new
VGB,GLOBAL,PWRPETCOLXX,2044,0.3964,new
VGB,GLOBAL,PWRPETCOLXX,2045,0.3964,new
VGB,GLOBAL,PWRPETCOLXX,2046,0.1795,new
VGB,GLOBAL,PWRPETCOLXX,2047,0.1795,new
VGB,GLOBAL,PWRPETCOLXX,2048,0.1795,new
VGB,GLOBAL,PWRPETCOLXX,2049,0.1795,new
VGB,GLOBAL,PWRPETCOLXX,2050,0.1795,new
VGB,GLOBAL,PWRPETCRIXX,2027,1.2015,new
VGB,GLOBAL,PWRPETCRIXX,2028,1.2015,new
VGB,GLOBAL,PWRPETCRIXX,2029,1.2015,new
VGB,GLOBAL,PWRPETCRIXX,2030,1.2015,new
VGB,GLOBAL,PWRPETCRIXX,2031,1.2015,new
VGB,GLOBAL,PWRPETCRIXX,2032,1.2015,new
VGB,GLOBAL,PWRPETCRIXX,2033,1.2015,new
VGB,GLOBAL,PWRPETCRIXX,2034,1.2015,new
VGB,GLOBAL,PWRPETCRIXX,2035,1.2015,new
VGB,GLOBAL,PWRPETCRIXX,2036,1.2015,new
VGB,GLOBAL,PWRPETCRIXX,2037,1.2015,new
VGB,GLOBAL,PWRPETCRIXX,2038,1.2015,new
VGB,GLOBAL,PWRPETCRIXX,2039,1.2015,new
VGB,GLOBAL,PWRPETCRIXX,2040,1.2015,new
VGB,GLOBAL,PWRPETCRIXX,2041,1.2015,new
VGB,GLOBAL,PWRPETCRIXX,2042,1.2015,new
VGB,GLOBAL,PWRPETCRIXX,2043,1.2015,new
VGB,GLOBAL,PWRPETCRIXX,2044,1.2015,new
VGB,GLOBAL,PWRPETCRIXX,2045,1.2015,new
VGB,GLOBAL,PWRPETCRIXX,2046,0.0054,new
VGB,GLOBAL,PWRPETCRIXX,2047,0.0054,new
VGB,GLOBAL,PWRPETCRIXX,2048,0.0054,new
VGB,GLOBAL,PWRPETCRIXX,2049,0.0054,new
VGB,GLOBAL,PWRPETCRIXX,2050,0.0054,new
VGB,GLOBAL,PWRPETDOMXX,2046,1.5654,new
VGB,GLOBAL,PWRPETDOMXX,2047,1.5654,new
VGB,GLOBAL,PWRPETDOMXX,2048,1.5654,new
VGB,GLOBAL,PWRPETDOMXX,2049,1.5654,new
VGB,GLOBAL,PWRPETDOMXX,2050,1.5654,new
VGB,GLOBAL,PWRPETECUXX,2027,20.2858,new
VGB,GLOBAL,PWRPETECUXX,2028,25.9623,new
VGB,GLOBAL,PWRPETECUXX,2029,27.8545,new
VGB,GLOBAL,PWRPETECUXX,2030,27.8545,new
VGB,GLOBAL,PWRPETECUXX,2031,27.8545,new
VGB,GLOBAL,PWRPETECUXX,2032,27.8545,new
VGB,GLOBAL,PWRPETECUXX,2033,27.8545,new
VGB,GLOBAL,PWRPETECUXX,2034,27.8545,new
VGB,GLOBAL,PWRPETECUXX,2035,27.8545,new
VGB,GLOBAL,PWRPETECUXX,2036,27.8545,new
VGB,GLOBAL,PWRPETECUXX,2037,27.8545,new
VGB,GLOBAL,PWRPETECUXX,2038,27.8545,new
VGB,GLOBAL,PWRPETECUXX,2039,27.8545,new
VGB,GLOBAL,PWRPETECUXX,2040,27.8545,new
VGB,GLOBAL,PWRPETECUXX,2041,27.8545,new
VGB,GLOBAL,PWRPETECUXX,2042,27.8545,new
VGB,GLOBAL,PWRPETECUXX,2043,27.8545,new
VGB,GLOBAL,PWRPETECUXX,2044,27.8545,new
VGB,GLOBAL,PWRPETECUXX,2045,39.7032,new
VGB,GLOBAL,PWRPETECUXX,2046,29.5934,new
VGB,GLOBAL,PWRPETECUXX,2047,29.5934,new
VGB,GLOBAL,PWRPETECUXX,2048,29.5934,new
VGB,GLOBAL,PWRPETECUXX,2049,29.5934,new
VGB,GLOBAL,PWRPETECUXX,2050,29.5934,new
VGB,GLOBAL,PWRPETGTMXX,2027,0.175,new
VGB,GLOBAL,PWRPETGTMXX,2028,0.175,new
VGB,GLOBAL,PWRPETGTMXX,2029,0.2226,new
VGB,GLOBAL,PWRPETGTMXX,2030,0.2226,new
VGB,GLOBAL,PWRPETGTMXX,2031,0.3005,new
VGB,GLOBAL,PWRPETGTMXX,2032,0.3005,new
VGB,GLOBAL,PWRPETGTMXX,2033,0.3005,new
VGB,GLOBAL,PWRPETGTMXX,2034,0.357,new
VGB,GLOBAL,PWRPETGTMXX,2035,0.357,new
VGB,GLOBAL,PWRPETGTMXX,2036,0.357,new
VGB,GLOBAL,PWRPETGTMXX,2037,0.357,new
VGB,GLOBAL,PWRPETGTMXX,2038,0.4324,new
VGB,GLOBAL,PWRPETGTMXX,2039,1.2914,new
VGB,GLOBAL,PWRPETGTMXX,2040,1.2914,new
VGB,GLOBAL,PWRPETGTMXX,2041,1.2914,new
VGB,GLOBAL,PWRPETGTMXX,2042,1.2914,new
VGB,GLOBAL,PWRPETGTMXX,2043,1.2914,new
VGB,GLOBAL,PWRPETGTMXX,2044,1.795,new
VGB,GLOBAL,PWRPETGTMXX,2045,1.795,new
VGB,GLOBAL,PWRPETGTMXX,2046,0.5326,new
VGB,GLOBAL,PWRPETGTMXX,2047,0.5326,new
VGB,GLOBAL,PWRPETGTMXX,2048,0.5326,new
VGB,GLOBAL,PWRPETGTMXX,2049,0.5326,new
VGB,GLOBAL,PWRPETGTMXX,2050,0.5326,new
VGB,GLOBAL,PWRPETHNDXX,2027,13.1546,new
VGB,GLOBAL,PWRPETHNDXX,2028,13.1546,new
VGB,GLOBAL,PWRPETHNDXX,2029,13.1546,new
VGB,GLOBAL,PWRPETHNDXX,2030,13.1546,new
VGB,GLOBAL,PWRPETHNDXX,2031,13.1546,new
VGB,GLOBAL,PWRPETHNDXX,2032,13.1546,new
VGB,GLOBAL,PWRPETHNDXX,2033,13.1546,new
VGB,GLOBAL,PWRPETHNDXX,2034,13.1546,new
VGB,GLOBAL,PWRPETHNDXX,2035,13.1546,new
VGB,GLOBAL,PWRPETHNDXX,2036,13.1546,new
VGB,GLOBAL,PWRPETHNDXX,2037,13.1546,new
VGB,GLOBAL,PWRPETHNDXX,2038,13.1546,new
VGB,GLOBAL,PWRPETHNDXX,2039,13.1546,new
VGB,GLOBAL,PWRPETHNDXX,2040,13.1546,new
VGB,GLOBAL,PWRPETHNDXX,2041,13.1546,new
VGB,GLOBAL,PWRPETHNDXX,2042,13.1546,new
VGB,GLOBAL,PWRPETHNDXX,2043,13.1546,new
VGB,GLOBAL,PWRPETHNDXX,2044,13.1546,new
VGB,GLOBAL,PWRPETHNDXX,2045,13.1546,new
VGB,GLOBAL,PWRPETHNDXX,2046,8.8831,new
VGB,GLOBAL,PWRPETHNDXX,2047,8.8831,new
VGB,GLOBAL,PWRPETHNDXX,2048,8.8831,new
VGB,GLOBAL,PWRPETHNDXX,2049,8.8831,new
VGB,GLOBAL,PWRPETHNDXX,2050,8.8831,new
VGB,GLOBAL,PWRPETHTIXX,2046,0.7789,new
VGB,GLOBAL,PWRPETHTIXX,2047,0.7789,new
VGB,GLOBAL,PWRPETHTIXX,2048,0.7789,new
VGB,GLOBAL,PWRPETHTIXX,2049,0.7789,new
VGB,GLOBAL,PWRPETHTIXX,2050,0.7789,new
VGB,GLOBAL,PWRPETMEXXX,2027,33.6466,new
VGB,GLOBAL,PWRPETMEXXX,2028,33.6466,new
VGB,GLOBAL,PWRPETMEXXX,2029,33.6466,new
VGB,GLOBAL,PWRPETMEXXX,2030,33.6466,new
VGB,GLOBAL,PWRPETMEXXX,2031,33.6466,new
VGB,GLOBAL,PWRPETMEXXX,2032,33.6466,new
VGB,GLOBAL,PWRPETMEXXX,2033,33.6466,new
VGB,GLOBAL,PWRPETMEXXX,2034,33.6466,new
VGB,GLOBAL,PWRPETMEXXX,2035,33.6466,new
VGB,GLOBAL,PWRPETMEXXX,2036,33.6466,new
VGB,GLOBAL,PWRPETMEXXX,2037,33.6466,new
VGB,GLOBAL,PWRPETMEXXX,2038,33.6466,new
VGB,GLOBAL,PWRPETMEXXX,2039,33.6466,new
VGB,GLOBAL,PWRPETMEXXX,2040,33.6466,new
VGB,GLOBAL,PWRPETMEXXX,2041,33.6466,new
VGB,GLOBAL,PWRPETMEXXX,2042,33.6466,new
VGB,GLOBAL,PWRPETMEXXX,2043,33.6466,new
VGB,GLOBAL,PWRPETMEXXX,2044,33.6466,new
VGB,GLOBAL,PWRPETMEXXX,2045,33.6466,new
VGB,GLOBAL,PWRPETPANXX,2046,1.6475,new
VGB,GLOBAL,PWRPETPANXX,2047,1.6475,new
VGB,GLOBAL,PWRPETPANXX,2048,1.6475,new
VGB,GLOBAL,PWRPETPANXX,2049,1.6475,new
VGB,GLOBAL,PWRPETPANXX,2050,1.6475,new
VGB,GLOBAL,PWRPETPERXX,2027,3.002,new
VGB,GLOBAL,PWRPETPERXX,2028,3.002,new
VGB,GLOBAL,PWRPETPERXX,2029,3.002,new
VGB,GLOBAL,PWRPETPERXX,2030,3.002,new
VGB,GLOBAL,PWRPETPERXX,2031,3.002,new
VGB,GLOBAL,PWRPETPERXX,2032,3.002,new
VGB,GLOBAL,PWRPETPERXX,2033,3.002,new
VGB,GLOBAL,PWRPETPERXX,2034,3.002,new
VGB,GLOBAL,PWRPETPERXX,2035,3.002,new
VGB,GLOBAL,PWRPETPERXX,2036,3.002,new
VGB,GLOBAL,PWRPETPERXX,2037,3.002,new
VGB,GLOBAL,PWRPETPERXX,2038,3.002,new
VGB,GLOBAL,PWRPETPERXX,2039,3.002,new
VGB,GLOBAL,PWRPETPERXX,2040,3.002,new
VGB,GLOBAL,PWRPETPERXX,2041,3.002,new
VGB,GLOBAL,PWRPETPERXX,2042,3.002,new
VGB,GLOBAL,PWRPETPERXX,2043,3.002,new
VGB,GLOBAL,PWRPETPERXX,2044,3.002,new
VGB,GLOBAL,PWRPETPERXX,2045,3.002,new
VGB,GLOBAL,PWRPETPERXX,2046,1.0007,new
VGB,GLOBAL,PWRPETPERXX,2047,1.0007,new
VGB,GLOBAL,PWRPETPERXX,2048,1.0007,new
VGB,GLOBAL,PWRPETPERXX,2049,1.0007,new
VGB,GLOBAL,PWRPETPERXX,2050,1.0007,new
VGB,GLOBAL,PWRPETPRYXX,2027,0.0031,new
VGB,GLOBAL,PWRPETPRYXX,2028,0.0031,new
VGB,GLOBAL,PWRPETPRYXX,2029,0.0031,new
VGB,GLOBAL,PWRPETPRYXX,2030,0.0031,new
VGB,GLOBAL,PWRPETPRYXX,2031,0.0031,new
VGB,GLOBAL,PWRPETPRYXX,2032,0.0031,new
VGB,GLOBAL,PWRPETPRYXX,2033,0.0031,new
VGB,GLOBAL,PWRPETPRYXX,2034,0.0031,new
VGB,GLOBAL,PWRPETPRYXX,2035,0.0031,new
VGB,GLOBAL,PWRPETPRYXX,2036,0.0031,new
VGB,GLOBAL,PWRPETPRYXX,2037,0.0031,new
VGB,GLOBAL,PWRPETPRYXX,2038,0.0031,new
VGB,GLOBAL,PWRPETPRYXX,2039,0.0031,new
VGB,GLOBAL,PWRPETPRYXX,2040,0.0031,new
VGB,GLOBAL,PWRPETPRYXX,2041,0.0031,new
VGB,GLOBAL,PWRPETPRYXX,2042,0.0031,new
VGB,GLOBAL,PWRPETPRYXX,2043,0.0031,new
VGB,GLOBAL,PWRPETPRYXX,2044,0.0031,new
VGB,GLOBAL,PWRPETPRYXX,2045,0.0031,new
VGB,GLOBAL,PWRPETPRYXX,2046,0.0031,new
VGB,GLOBAL,PWRPETPRYXX,2047,0.0031,new
VGB,GLOBAL,PWRPETPRYXX,2048,0.0031,new
VGB,GLOBAL,PWRPETPRYXX,2049,0.0031,new
VGB,GLOBAL,PWRPETPRYXX,2050,0.0031,new
VGB,GLOBAL,PWRPETURYXX,2027,1.6699,new
VGB,GLOBAL,PWRPETURYXX,2028,1.6699,new
VGB,GLOBAL,PWRPETURYXX,2029,1.6699,new
VGB,GLOBAL,PWRPETURYXX,2030,1.6699,new
VGB,GLOBAL,PWRPETURYXX,2031,1.6699,new
VGB,GLOBAL,PWRPETURYXX,2032,1.6699,new
VGB,GLOBAL,PWRPETURYXX,2033,1.6699,new
VGB,GLOBAL,PWRPETURYXX,2034,1.6699,new
VGB,GLOBAL,PWRPETURYXX,2035,1.6699,new
VGB,GLOBAL,PWRPETURYXX,2036,1.6699,new
VGB,GLOBAL,PWRPETURYXX,2037,1.6699,new
VGB,GLOBAL,PWRPETURYXX,2038,1.6699,new
VGB,GLOBAL,PWRPETURYXX,2039,1.6699,new
VGB,GLOBAL,PWRPETURYXX,2040,1.6699,new
VGB,GLOBAL,PWRPETURYXX,2041,1.6699,new
VGB,GLOBAL,PWRPETURYXX,2042,1.6699,new
VGB,GLOBAL,PWRPETURYXX,2043,1.6699,new
VGB,GLOBAL,PWRPETURYXX,2044,1.6699,new
VGB,GLOBAL,PWRPETURYXX,2045,1.6699,new
VGB,GLOBAL,PWRPETURYXX,2046,1.6699,new
VGB,GLOBAL,PWRPETURYXX,2047,1.6699,new
VGB,GLOBAL,PWRPETURYXX,2048,1.6699,new
VGB,GLOBAL,PWRPETURYXX,2049,1.6699,new
VGB,GLOBAL,PWRPETURYXX,2050,1.6699,new
