scenario,tech,year,country,fuel,existing_floor_PJ,candidate_floor_PJ,final_floor_PJ,forced_GW,contracted_CF,feasible,binding,ceiling_PJ,headroom_frac,change
BAU,PWRNGSMEXXX,2025,MEX,NGS,830.118,47.2094,830.118,3.7425,0.4,True,capacity(ResidualCapacity+cumMaxCapacityInvestment),1236.76024176,0.32879634065638985,unchanged
BAU,PWRNGSMEXXX,2026,MEX,NGS,830.118,47.2094,830.118,3.7425,0.4,True,capacity(ResidualCapacity+cumMaxCapacityInvestment),1342.9813737600002,0.3818842046365211,unchanged
BAU,PWRNGSMEXXX,2027,MEX,NGS,0.0,47.2094,47.2094,3.7425,0.4,True,capacity(ResidualCapacity+cumMaxCapacityInvestment),1449.2025057600001,0.9674238763648548,new
BAU,PWRNGSMEXXX,2028,MEX,NGS,0.0,47.2094,47.2094,3.7425,0.4,True,capacity(ResidualCapacity+cumMaxCapacityInvestment),1555.4236377600002,0.9696485260645857,new
BAU,PWRNGSMEXXX,2029,MEX,NGS,0.0,47.2094,47.2094,3.7425,0.4,True,capacity(ResidualCapacity+cumMaxCapacityInvestment),1661.6447697600001,0.9715887529879093,new
BAU,PWRNGSMEXXX,2030,MEX,NGS,0.0,47.2094,47.2094,3.7425,0.4,True,capacity(ResidualCapacity+cumMaxCapacityInvestment),1767.8659017600003,0.9732958252359523,new
BAU,PWRNGSMEXXX,2031,MEX,NGS,0.0,47.2094,47.2094,3.7425,0.4,True,capacity(ResidualCapacity+cumMaxCapacityInvestment),1874.0870337600002,0.9748093876380526,new
BAU,PWRNGSMEXXX,2032,MEX,NGS,0.0,47.2094,47.2094,3.7425,0.4,True,capacity(ResidualCapacity+cumMaxCapacityInvestment),1980.30816576,0.9761605790370096,new
BAU,PWRNGSMEXXX,2033,MEX,NGS,0.0,47.2094,47.2094,3.7425,0.4,True,capacity(ResidualCapacity+cumMaxCapacityInvestment),2086.52929776,0.977374197404905,new
BAU,PWRNGSMEXXX,2034,MEX,NGS,0.0,47.2094,47.2094,3.7425,0.4,True,capacity(ResidualCapacity+cumMaxCapacityInvestment),2192.7504297600003,0.9784702356641803,new
BAU,PWRNGSMEXXX,2035,MEX,NGS,0.0,47.2094,47.2094,3.7425,0.4,True,capacity(ResidualCapacity+cumMaxCapacityInvestment),2298.97156176,0.979464991744457,new
BAU,PWRNGSMEXXX,2036,MEX,NGS,0.0,47.2094,47.2094,3.7425,0.4,True,capacity(ResidualCapacity+cumMaxCapacityInvestment),2307.4068110400003,0.9795400621277001,new
BAU,PWRNGSMEXXX,2037,MEX,NGS,0.0,47.2094,47.2094,3.7425,0.4,True,capacity(ResidualCapacity+cumMaxCapacityInvestment),2315.84206032,0.9796145856365193,new
BAU,PWRNGSMEXXX,2038,MEX,NGS,0.0,47.2094,47.2094,3.7425,0.4,True,capacity(ResidualCapacity+cumMaxCapacityInvestment),2324.2773096,0.979688568225052,new
BAU,PWRNGSMEXXX,2039,MEX,NGS,0.0,47.2094,47.2094,3.7425,0.4,True,capacity(ResidualCapacity+cumMaxCapacityInvestment),2332.7125588799995,0.9797620157613132,new
BAU,PWRNGSMEXXX,2040,MEX,NGS,0.0,47.2094,47.2094,3.7425,0.4,True,capacity(ResidualCapacity+cumMaxCapacityInvestment),2341.14780816,0.9798349340287472,new
BAU,PWRNGSMEXXX,2041,MEX,NGS,0.0,47.2094,47.2094,3.7425,0.4,True,capacity(ResidualCapacity+cumMaxCapacityInvestment),2349.58305744,0.9799073287277457,new
BAU,PWRNGSMEXXX,2042,MEX,NGS,0.0,47.2094,47.2094,3.7425,0.4,True,capacity(ResidualCapacity+cumMaxCapacityInvestment),2358.0183067199996,0.9799792054771329,new
BAU,PWRNGSMEXXX,2043,MEX,NGS,0.0,47.2094,47.2094,3.7425,0.4,True,capacity(ResidualCapacity+cumMaxCapacityInvestment),2366.453555999999,0.9800505698156198,new
BAU,PWRNGSMEXXX,2044,MEX,NGS,0.0,47.2094,47.2094,3.7425,0.4,True,capacity(ResidualCapacity+cumMaxCapacityInvestment),2374.8888052799994,0.9801214272032268,new
BAU,PWRNGSMEXXX,2045,MEX,NGS,0.0,47.2094,47.2094,3.7425,0.4,True,capacity(ResidualCapacity+cumMaxCapacityInvestment),2383.3240545599997,0.980191783022676,new
BAU,PWRNGSMEXXX,2046,MEX,NGS,0.0,47.2094,47.2094,3.7425,0.4,True,capacity(ResidualCapacity+cumMaxCapacityInvestment),2391.759303839999,0.9802616425807543,new
BAU,PWRNGSMEXXX,2047,MEX,NGS,0.0,47.2094,47.2094,3.7425,0.4,True,capacity(ResidualCapacity+cumMaxCapacityInvestment),2400.194553119999,0.9803310111096482,new
BAU,PWRNGSMEXXX,2048,MEX,NGS,0.0,47.2094,47.2094,3.7425,0.4,True,capacity(ResidualCapacity+cumMaxCapacityInvestment),2408.629802399999,0.9803998937682495,new
BAU,PWRNGSMEXXX,2049,MEX,NGS,0.0,47.2094,47.2094,3.7425,0.4,True,capacity(ResidualCapacity+cumMaxCapacityInvestment),2417.065051679999,0.9804682956434346,new
BAU,PWRNGSMEXXX,2050,MEX,NGS,0.0,47.2094,47.2094,3.7425,0.4,True,capacity(ResidualCapacity+cumMaxCapacityInvestment),2425.500300959999,0.9805362217513166,new
BAU,PWRPETECUXX,2024,ECU,PET,32.2137,1.2614,32.2137,0.4,0.1,True,capacity(ResidualCapacity+cumMaxCapacityInvestment),50.0539392,0.35642028350088373,unchanged
BAU,PWRPETECUXX,2025,ECU,PET,32.2137,2.2075,32.2137,0.7,0.1,True,capacity(ResidualCapacity+cumMaxCapacityInvestment),57.698265600000006,0.44168685722158,unchanged
BAU,PWRPETECUXX,2026,ECU,PET,32.2137,2.4503,32.2137,0.777,0.1,True,capacity(ResidualCapacity+cumMaxCapacityInvestment),65.26690560000002,0.506431326813202,unchanged
BAU,PWRPETECUXX,2027,ECU,PET,0.0,2.7972,2.7972,0.887,0.1,True,capacity(ResidualCapacity+cumMaxCapacityInvestment),72.83554560000002,0.9615956745163724,new
BAU,PWRPETECUXX,2028,ECU,PET,0.0,3.1126,3.1126,0.987,0.1,True,capacity(ResidualCapacity+cumMaxCapacityInvestment),80.4041856,0.9612880849824813,new
BAU,PWRPETECUXX,2029,ECU,PET,0.0,3.1126,3.1126,0.987,0.1,True,capacity(ResidualCapacity+cumMaxCapacityInvestment),87.97282560000002,0.964618619684304,new
BAU,PWRPETECUXX,2030,ECU,PET,0.0,3.1126,3.1126,0.987,0.1,True,capacity(ResidualCapacity+cumMaxCapacityInvestment),95.54146560000001,0.9674214752678024,new
BAU,PWRPETECUXX,2031,ECU,PET,0.0,3.1126,3.1126,0.987,0.1,True,capacity(ResidualCapacity+cumMaxCapacityInvestment),103.1101056,0.969812852174986,new
BAU,PWRPETECUXX,2032,ECU,PET,0.0,3.1126,3.1126,0.987,0.1,True,capacity(ResidualCapacity+cumMaxCapacityInvestment),110.67874560000001,0.971877165908176,new
BAU,PWRPETECUXX,2033,ECU,PET,0.0,3.1126,3.1126,0.987,0.1,True,capacity(ResidualCapacity+cumMaxCapacityInvestment),118.24738559999999,0.9736772192957474,new
BAU,PWRPETECUXX,2034,ECU,PET,0.0,3.1126,3.1126,0.987,0.1,True,capacity(ResidualCapacity+cumMaxCapacityInvestment),125.81602559999999,0.9752607031961436,new
BAU,PWRPETECUXX,2035,ECU,PET,0.0,3.1126,3.1126,0.987,0.1,True,capacity(ResidualCapacity+cumMaxCapacityInvestment),133.38466559999998,0.976664483986981,new
BAU,PWRPETECUXX,2036,ECU,PET,0.0,3.1126,3.1126,0.987,0.1,True,capacity(ResidualCapacity+cumMaxCapacityInvestment),133.38466559999998,0.976664483986981,new
BAU,PWRPETECUXX,2037,ECU,PET,0.0,3.1126,3.1126,0.987,0.1,True,capacity(ResidualCapacity+cumMaxCapacityInvestment),133.38466559999998,0.976664483986981,new
BAU,PWRPETECUXX,2038,ECU,PET,0.0,3.1126,3.1126,0.987,0.1,True,capacity(ResidualCapacity+cumMaxCapacityInvestment),133.38466559999998,0.976664483986981,new
BAU,PWRPETECUXX,2039,ECU,PET,0.0,3.1126,3.1126,0.987,0.1,True,capacity(ResidualCapacity+cumMaxCapacityInvestment),133.38466559999998,0.976664483986981,new
BAU,PWRPETECUXX,2040,ECU,PET,0.0,3.1126,3.1126,0.987,0.1,True,capacity(ResidualCapacity+cumMaxCapacityInvestment),133.38466559999998,0.976664483986981,new
BAU,PWRPETECUXX,2041,ECU,PET,0.0,3.1126,3.1126,0.987,0.1,True,capacity(ResidualCapacity+cumMaxCapacityInvestment),133.38466559999998,0.976664483986981,new
BAU,PWRPETECUXX,2042,ECU,PET,0.0,3.1126,3.1126,0.987,0.1,True,capacity(ResidualCapacity+cumMaxCapacityInvestment),133.38466559999998,0.976664483986981,new
BAU,PWRPETECUXX,2043,ECU,PET,0.0,3.1126,3.1126,0.987,0.1,True,capacity(ResidualCapacity+cumMaxCapacityInvestment),133.38466559999998,0.976664483986981,new
BAU,PWRPETECUXX,2044,ECU,PET,0.0,3.1126,3.1126,0.987,0.1,True,capacity(ResidualCapacity+cumMaxCapacityInvestment),133.38466559999998,0.976664483986981,new
BAU,PWRPETECUXX,2045,ECU,PET,0.0,3.1126,3.1126,0.987,0.1,True,capacity(ResidualCapacity+cumMaxCapacityInvestment),164.98121472,0.9811336096337843,new
BAU,PWRPETECUXX,2046,ECU,PET,0.0,3.1126,3.1126,0.987,0.1,True,capacity(ResidualCapacity+cumMaxCapacityInvestment),138.02171903999997,0.9774484767930044,new
BAU,PWRPETECUXX,2047,ECU,PET,0.0,3.1126,3.1126,0.987,0.1,True,capacity(ResidualCapacity+cumMaxCapacityInvestment),138.02171903999997,0.9774484767930044,new
BAU,PWRPETECUXX,2048,ECU,PET,0.0,3.1126,3.1126,0.987,0.1,True,capacity(ResidualCapacity+cumMaxCapacityInvestment),138.02171903999997,0.9774484767930044,new
BAU,PWRPETECUXX,2049,ECU,PET,0.0,3.1126,3.1126,0.987,0.1,True,capacity(ResidualCapacity+cumMaxCapacityInvestment),138.02171903999997,0.9774484767930044,new
BAU,PWRPETECUXX,2050,ECU,PET,0.0,3.1126,3.1126,0.987,0.1,True,capacity(ResidualCapacity+cumMaxCapacityInvestment),138.02171903999997,0.9774484767930044,new
OPT,PWRNGSDOMXX,2033,DOM,NGS,0.0,0.7569,0.7569,0.06,0.4,True,capacity(ResidualCapacity+cumMaxCapacityInvestment),61.305984,0.9876537337692842,new
OPT,PWRNGSDOMXX,2034,DOM,NGS,0.0,0.7569,0.7569,0.06,0.4,True,capacity(ResidualCapacity+cumMaxCapacityInvestment),62.27950032000001,0.9878467233020344,new
OPT,PWRNGSDOMXX,2035,DOM,NGS,0.0,0.7569,0.7569,0.06,0.4,True,capacity(ResidualCapacity+cumMaxCapacityInvestment),63.25301664000001,0.9880337722972512,new
OPT,PWRNGSDOMXX,2036,DOM,NGS,0.0,0.7569,0.7569,0.06,0.4,True,capacity(ResidualCapacity+cumMaxCapacityInvestment),63.639017280000004,0.9881063531092917,new
OPT,PWRNGSDOMXX,2037,DOM,NGS,0.0,0.7569,0.7569,0.06,0.4,True,capacity(ResidualCapacity+cumMaxCapacityInvestment),64.02501792,0.988178058755942,new
OPT,PWRNGSDOMXX,2038,DOM,NGS,0.0,3.0275,3.0275,0.24,0.4,True,capacity(ResidualCapacity+cumMaxCapacityInvestment),69.18493824,0.9562404754991943,new
OPT,PWRNGSDOMXX,2039,DOM,NGS,0.0,3.0275,3.0275,0.24,0.4,True,capacity(ResidualCapacity+cumMaxCapacityInvestment),69.57093888000001,0.9564832665946623,new
OPT,PWRNGSDOMXX,2040,DOM,NGS,0.0,5.298,5.298,0.42,0.4,True,capacity(ResidualCapacity+cumMaxCapacityInvestment),74.73085920000001,0.9291055922986096,new
OPT,PWRNGSDOMXX,2041,DOM,NGS,0.0,5.298,5.298,0.42,0.4,True,capacity(ResidualCapacity+cumMaxCapacityInvestment),75.11685984,0.9294698951568953,new
OPT,PWRNGSDOMXX,2042,DOM,NGS,0.0,5.298,5.298,0.42,0.4,True,capacity(ResidualCapacity+cumMaxCapacityInvestment),75.50286048,0.9298304730930904,new
OPT,PWRNGSDOMXX,2043,DOM,NGS,0.0,5.298,5.298,0.42,0.4,True,capacity(ResidualCapacity+cumMaxCapacityInvestment),75.88886111999999,0.9301873829464579,new
OPT,PWRNGSDOMXX,2044,DOM,NGS,0.0,5.298,5.298,0.42,0.4,True,capacity(ResidualCapacity+cumMaxCapacityInvestment),76.27486175999998,0.9305406804056854,new
OPT,PWRNGSDOMXX,2045,DOM,NGS,0.0,5.298,5.298,0.42,0.4,True,capacity(ResidualCapacity+cumMaxCapacityInvestment),76.66086239999998,0.9308904200378523,new
OPT,PWRNGSDOMXX,2046,DOM,NGS,0.0,5.298,5.298,0.42,0.4,True,capacity(ResidualCapacity+cumMaxCapacityInvestment),77.04686303999999,0.9312366553165251,new
OPT,PWRNGSDOMXX,2047,DOM,NGS,0.0,5.298,5.298,0.42,0.4,True,capacity(ResidualCapacity+cumMaxCapacityInvestment),77.43286367999998,0.9315794386490136,new
OPT,PWRNGSDOMXX,2048,DOM,NGS,0.0,5.298,5.298,0.42,0.4,True,capacity(ResidualCapacity+cumMaxCapacityInvestment),77.81886431999999,0.9319188214028153,new
OPT,PWRNGSDOMXX,2049,DOM,NGS,0.0,5.298,5.298,0.42,0.4,True,capacity(ResidualCapacity+cumMaxCapacityInvestment),78.20486495999998,0.9322548539312764,new
OPT,PWRNGSDOMXX,2050,DOM,NGS,0.0,5.298,5.298,0.42,0.4,True,capacity(ResidualCapacity+cumMaxCapacityInvestment),78.59086559999999,0.9325875855984973,new
OPT,PWRNGSGTMXX,2035,GTM,NGS,0.0,0.6307,0.6307,0.05,0.4,True,capacity(ResidualCapacity+cumMaxCapacityInvestment),1.53548784,0.5892510617342304,new
OPT,PWRNGSGTMXX,2036,GTM,NGS,0.0,0.6307,0.6307,0.05,0.4,True,capacity(ResidualCapacity+cumMaxCapacityInvestment),1.53548784,0.5892510617342304,new
OPT,PWRNGSGTMXX,2037,GTM,NGS,0.0,0.6307,0.6307,0.05,0.4,True,capacity(ResidualCapacity+cumMaxCapacityInvestment),1.53548784,0.5892510617342304,new
OPT,PWRNGSGTMXX,2038,GTM,NGS,0.0,0.6307,0.6307,0.05,0.4,True,capacity(ResidualCapacity+cumMaxCapacityInvestment),1.53548784,0.5892510617342304,new
OPT,PWRNGSGTMXX,2039,GTM,NGS,0.0,0.6307,0.6307,0.05,0.4,True,capacity(ResidualCapacity+cumMaxCapacityInvestment),1.53548784,0.5892510617342304,new
OPT,PWRNGSGTMXX,2040,GTM,NGS,0.0,0.6307,0.6307,0.05,0.4,True,capacity(ResidualCapacity+cumMaxCapacityInvestment),1.53548784,0.5892510617342304,new
OPT,PWRNGSGTMXX,2041,GTM,NGS,0.0,0.6307,0.6307,0.05,0.4,True,capacity(ResidualCapacity+cumMaxCapacityInvestment),1.53548784,0.5892510617342304,new
OPT,PWRNGSGTMXX,2042,GTM,NGS,0.0,0.6307,0.6307,0.05,0.4,True,capacity(ResidualCapacity+cumMaxCapacityInvestment),1.53548784,0.5892510617342304,new
OPT,PWRNGSGTMXX,2043,GTM,NGS,0.0,0.6307,0.6307,0.05,0.4,True,capacity(ResidualCapacity+cumMaxCapacityInvestment),1.53548784,0.5892510617342304,new
OPT,PWRNGSGTMXX,2044,GTM,NGS,0.0,0.6307,0.6307,0.05,0.4,True,capacity(ResidualCapacity+cumMaxCapacityInvestment),1.53548784,0.5892510617342304,new
OPT,PWRNGSGTMXX,2045,GTM,NGS,0.0,0.6307,0.6307,0.05,0.4,True,capacity(ResidualCapacity+cumMaxCapacityInvestment),1.53548784,0.5892510617342304,new
OPT,PWRNGSGTMXX,2046,GTM,NGS,0.0,8.1994,8.1994,0.65,0.4,True,capacity(ResidualCapacity+cumMaxCapacityInvestment),18.735222240000002,0.5623537369898848,new
OPT,PWRNGSGTMXX,2047,GTM,NGS,0.0,8.1994,8.1994,0.65,0.4,True,capacity(ResidualCapacity+cumMaxCapacityInvestment),18.735222240000002,0.5623537369898848,new
OPT,PWRNGSGTMXX,2048,GTM,NGS,0.0,8.1994,8.1994,0.65,0.4,True,capacity(ResidualCapacity+cumMaxCapacityInvestment),18.735222240000002,0.5623537369898848,new
OPT,PWRNGSGTMXX,2049,GTM,NGS,0.0,8.1994,8.1994,0.65,0.4,True,capacity(ResidualCapacity+cumMaxCapacityInvestment),18.735222240000002,0.5623537369898848,new
OPT,PWRNGSGTMXX,2050,GTM,NGS,0.0,8.1994,8.1994,0.65,0.4,True,capacity(ResidualCapacity+cumMaxCapacityInvestment),18.735222240000002,0.5623537369898848,new
OPT,PWRNGSMEXXX,2025,MEX,NGS,830.118,47.2094,830.118,3.7425,0.4,True,capacity(ResidualCapacity+cumMaxCapacityInvestment),1236.76024176,0.32879634065638985,unchanged
OPT,PWRNGSMEXXX,2026,MEX,NGS,830.118,47.2094,830.118,3.7425,0.4,True,capacity(ResidualCapacity+cumMaxCapacityInvestment),1342.9813737600002,0.3818842046365211,unchanged
OPT,PWRNGSMEXXX,2027,MEX,NGS,0.0,47.2094,47.2094,3.7425,0.4,True,capacity(ResidualCapacity+cumMaxCapacityInvestment),1449.2025057600001,0.9674238763648548,new
OPT,PWRNGSMEXXX,2028,MEX,NGS,0.0,78.6319,78.6319,6.2335,0.4,True,capacity(ResidualCapacity+cumMaxCapacityInvestment),1555.4236377600002,0.9494466342859238,new
OPT,PWRNGSMEXXX,2029,MEX,NGS,0.0,90.4137,90.4137,7.1675,0.4,True,capacity(ResidualCapacity+cumMaxCapacityInvestment),1661.6447697600001,0.9455878286108895,new
OPT,PWRNGSMEXXX,2030,MEX,NGS,0.0,90.4137,90.4137,7.1675,0.4,True,capacity(ResidualCapacity+cumMaxCapacityInvestment),1767.8659017600003,0.9488571503585262,new
OPT,PWRNGSMEXXX,2031,MEX,NGS,0.0,90.4137,90.4137,7.1675,0.4,True,capacity(ResidualCapacity+cumMaxCapacityInvestment),1874.0870337600002,0.9517558691932241,new
OPT,PWRNGSMEXXX,2032,MEX,NGS,0.0,90.4137,90.4137,7.1675,0.4,True,capacity(ResidualCapacity+cumMaxCapacityInvestment),1980.30816576,0.954343621077126,new
OPT,PWRNGSMEXXX,2033,MEX,NGS,0.0,90.4137,90.4137,7.1675,0.4,True,capacity(ResidualCapacity+cumMaxCapacityInvestment),2086.52929776,0.9566678981708697,new
OPT,PWRNGSMEXXX,2034,MEX,NGS,0.0,90.4137,90.4137,7.1675,0.4,True,capacity(ResidualCapacity+cumMaxCapacityInvestment),2192.7504297600003,0.9587669901814152,new
OPT,PWRNGSMEXXX,2035,MEX,NGS,0.0,90.4137,90.4137,7.1675,0.4,True,capacity(ResidualCapacity+cumMaxCapacityInvestment),2298.97156176,0.9606721103018852,new
OPT,PWRNGSMEXXX,2036,MEX,NGS,0.0,90.4137,90.4137,7.1675,0.4,True,capacity(ResidualCapacity+cumMaxCapacityInvestment),2307.4068110400003,0.9608158823284185,new
OPT,PWRNGSMEXXX,2037,MEX,NGS,0.0,90.4137,90.4137,7.1675,0.4,True,capacity(ResidualCapacity+cumMaxCapacityInvestment),2315.84206032,0.9609586070012448,new
OPT,PWRNGSMEXXX,2038,MEX,NGS,0.0,90.4137,90.4137,7.1675,0.4,True,capacity(ResidualCapacity+cumMaxCapacityInvestment),2324.2773096,0.9611002957235082,new
OPT,PWRNGSMEXXX,2039,MEX,NGS,0.0,90.4137,90.4137,7.1675,0.4,True,capacity(ResidualCapacity+cumMaxCapacityInvestment),2332.7125588799995,0.9612409597334143,new
OPT,PWRNGSMEXXX,2040,MEX,NGS,0.0,90.4137,90.4137,7.1675,0.4,True,capacity(ResidualCapacity+cumMaxCapacityInvestment),2341.14780816,0.9613806101072022,new
OPT,PWRNGSMEXXX,2041,MEX,NGS,0.0,90.4137,90.4137,7.1675,0.4,True,capacity(ResidualCapacity+cumMaxCapacityInvestment),2349.58305744,0.9615192577620513,new
OPT,PWRNGSMEXXX,2042,MEX,NGS,0.0,90.4137,90.4137,7.1675,0.4,True,capacity(ResidualCapacity+cumMaxCapacityInvestment),2358.0183067199996,0.9616569134589267,new
OPT,PWRNGSMEXXX,2043,MEX,NGS,0.0,90.4137,90.4137,7.1675,0.4,True,capacity(ResidualCapacity+cumMaxCapacityInvestment),2366.453555999999,0.9617935878053632,new
OPT,PWRNGSMEXXX,2044,MEX,NGS,0.0,90.4137,90.4137,7.1675,0.4,True,capacity(ResidualCapacity+cumMaxCapacityInvestment),2374.8888052799994,0.9619292912581899,new
OPT,PWRNGSMEXXX,2045,MEX,NGS,0.0,90.4137,90.4137,7.1675,0.4,True,capacity(ResidualCapacity+cumMaxCapacityInvestment),2383.3240545599997,0.9620640341261978,new
OPT,PWRNGSMEXXX,2046,MEX,NGS,0.0,90.4137,90.4137,7.1675,0.4,True,capacity(ResidualCapacity+cumMaxCapacityInvestment),2391.759303839999,0.9621978265727493,new
OPT,PWRNGSMEXXX,2047,MEX,NGS,0.0,90.4137,90.4137,7.1675,0.4,True,capacity(ResidualCapacity+cumMaxCapacityInvestment),2400.194553119999,0.9623306786183345,new
OPT,PWRNGSMEXXX,2048,MEX,NGS,0.0,90.4137,90.4137,7.1675,0.4,True,capacity(ResidualCapacity+cumMaxCapacityInvestment),2408.629802399999,0.9624626001430729,new
OPT,PWRNGSMEXXX,2049,MEX,NGS,0.0,90.4137,90.4137,7.1675,0.4,True,capacity(ResidualCapacity+cumMaxCapacityInvestment),2417.065051679999,0.9625936008891621,new
OPT,PWRNGSMEXXX,2050,MEX,NGS,0.0,90.4137,90.4137,7.1675,0.4,True,capacity(ResidualCapacity+cumMaxCapacityInvestment),2425.500300959999,0.9627236904632769,new
OPT,PWRNGSPANXX,2028,PAN,NGS,0.0,3.1536,3.1536,0.25,0.4,True,capacity(ResidualCapacity+cumMaxCapacityInvestment),18.59331024,0.830390610424193,new
OPT,PWRNGSPANXX,2029,PAN,NGS,0.0,3.1536,3.1536,0.25,0.4,True,capacity(ResidualCapacity+cumMaxCapacityInvestment),18.79766352,0.8322344691059774,new
OPT,PWRNGSPANXX,2030,PAN,NGS,0.0,3.1536,3.1536,0.25,0.4,True,capacity(ResidualCapacity+cumMaxCapacityInvestment),19.0020168,0.8340386689901252,new
OPT,PWRNGSPANXX,2031,PAN,NGS,0.0,3.1536,3.1536,0.25,0.4,True,capacity(ResidualCapacity+cumMaxCapacityInvestment),19.20637008,0.835804475969985,new
OPT,PWRNGSPANXX,2032,PAN,NGS,0.0,7.0641,7.0641,0.56,0.4,True,capacity(ResidualCapacity+cumMaxCapacityInvestment),28.092899520000003,0.7485450017371508,new
OPT,PWRNGSPANXX,2033,PAN,NGS,0.0,7.0641,7.0641,0.56,0.4,True,capacity(ResidualCapacity+cumMaxCapacityInvestment),28.297252800000003,0.7503609254959196,new
OPT,PWRNGSPANXX,2034,PAN,NGS,0.0,10.2177,10.2177,0.81,0.4,True,capacity(ResidualCapacity+cumMaxCapacityInvestment),35.4638088,0.7118837387821694,new
OPT,PWRNGSPANXX,2035,PAN,NGS,0.0,10.8484,10.8484,0.86,0.4,True,capacity(ResidualCapacity+cumMaxCapacityInvestment),36.89712,0.7059824723447251,new
OPT,PWRNGSPANXX,2036,PAN,NGS,0.0,10.8484,10.8484,0.86,0.4,True,capacity(ResidualCapacity+cumMaxCapacityInvestment),36.97659072,0.7066143798343126,new
OPT,PWRNGSPANXX,2037,PAN,NGS,0.0,10.8484,10.8484,0.86,0.4,True,capacity(ResidualCapacity+cumMaxCapacityInvestment),37.05606144000001,0.7072435769363837,new
OPT,PWRNGSPANXX,2038,PAN,NGS,0.0,10.8484,10.8484,0.86,0.4,True,capacity(ResidualCapacity+cumMaxCapacityInvestment),37.13553216000001,0.7078700810517752,new
OPT,PWRNGSPANXX,2039,PAN,NGS,0.0,10.8484,10.8484,0.86,0.4,True,capacity(ResidualCapacity+cumMaxCapacityInvestment),37.21500288000001,0.7084939094326896,new
OPT,PWRNGSPANXX,2040,PAN,NGS,0.0,10.8484,10.8484,0.86,0.4,True,capacity(ResidualCapacity+cumMaxCapacityInvestment),37.2944736,0.709115079184279,new
OPT,PWRNGSPANXX,2041,PAN,NGS,0.0,10.8484,10.8484,0.86,0.4,True,capacity(ResidualCapacity+cumMaxCapacityInvestment),37.37394432000001,0.7097336072662079,new
OPT,PWRNGSPANXX,2042,PAN,NGS,0.0,10.8484,10.8484,0.86,0.4,True,capacity(ResidualCapacity+cumMaxCapacityInvestment),37.45341504000002,0.7103495104941973,new
OPT,PWRNGSPANXX,2043,PAN,NGS,0.0,10.8484,10.8484,0.86,0.4,True,capacity(ResidualCapacity+cumMaxCapacityInvestment),37.532885760000006,0.7109628055415477,new
OPT,PWRNGSPANXX,2044,PAN,NGS,0.0,10.8484,10.8484,0.86,0.4,True,capacity(ResidualCapacity+cumMaxCapacityInvestment),37.61235648,0.7115735089406449,new
OPT,PWRNGSPANXX,2045,PAN,NGS,0.0,10.8484,10.8484,0.86,0.4,True,capacity(ResidualCapacity+cumMaxCapacityInvestment),37.69182720000001,0.7121816370844448,new
OPT,PWRNGSPANXX,2046,PAN,NGS,0.0,10.8484,10.8484,0.86,0.4,True,capacity(ResidualCapacity+cumMaxCapacityInvestment),37.771297920000016,0.7127872062279401,new
OPT,PWRNGSPANXX,2047,PAN,NGS,0.0,10.8484,10.8484,0.86,0.4,True,capacity(ResidualCapacity+cumMaxCapacityInvestment),37.85076864000001,0.7133902324896091,new
OPT,PWRNGSPANXX,2048,PAN,NGS,0.0,10.8484,10.8484,0.86,0.4,True,capacity(ResidualCapacity+cumMaxCapacityInvestment),37.93023936000001,0.7139907318528455,new
OPT,PWRNGSPANXX,2049,PAN,NGS,0.0,10.8484,10.8484,0.86,0.4,True,capacity(ResidualCapacity+cumMaxCapacityInvestment),38.00971008000001,0.7145887201673706,new
OPT,PWRNGSPANXX,2050,PAN,NGS,0.0,10.8484,10.8484,0.86,0.4,True,capacity(ResidualCapacity+cumMaxCapacityInvestment),38.08918080000002,0.715184213150628,new
OPT,PWRNGSPERXX,2031,PER,NGS,0.0,17.9755,17.9755,1.425,0.4,True,capacity(ResidualCapacity+cumMaxCapacityInvestment),203.65507296,0.9117355647530048,new
OPT,PWRNGSPERXX,2032,PER,NGS,0.0,17.9755,17.9755,1.425,0.4,True,capacity(ResidualCapacity+cumMaxCapacityInvestment),206.40532752000001,0.9129116471169658,new
OPT,PWRNGSPERXX,2033,PER,NGS,0.0,17.9755,17.9755,1.425,0.4,True,capacity(ResidualCapacity+cumMaxCapacityInvestment),209.15558208000002,0.914056800104314,new
OPT,PWRNGSPERXX,2034,PER,NGS,0.0,17.9755,17.9755,1.425,0.4,True,capacity(ResidualCapacity+cumMaxCapacityInvestment),211.90583664000002,0.9151722279809688,new
OPT,PWRNGSPERXX,2035,PER,NGS,0.0,17.9755,17.9755,1.425,0.4,True,capacity(ResidualCapacity+cumMaxCapacityInvestment),214.65609120000002,0.9162590732948183,new
OPT,PWRNGSPERXX,2036,PER,NGS,0.0,17.9755,17.9755,1.425,0.4,True,capacity(ResidualCapacity+cumMaxCapacityInvestment),215.74881360000003,0.916683203489931,new
OPT,PWRNGSPERXX,2037,PER,NGS,0.0,17.9755,17.9755,1.425,0.4,True,capacity(ResidualCapacity+cumMaxCapacityInvestment),216.84153600000002,0.9171030590744386,new
OPT,PWRNGSPERXX,2038,PER,NGS,0.0,17.9755,17.9755,1.425,0.4,True,capacity(ResidualCapacity+cumMaxCapacityInvestment),217.93425840000003,0.9175187043470353,new
OPT,PWRNGSPERXX,2039,PER,NGS,0.0,17.9755,17.9755,1.425,0.4,True,capacity(ResidualCapacity+cumMaxCapacityInvestment),219.02698080000005,0.9179302023232746,new
OPT,PWRNGSPERXX,2040,PER,NGS,0.0,17.9755,17.9755,1.425,0.4,True,capacity(ResidualCapacity+cumMaxCapacityInvestment),220.11970320000003,0.918337614767418,new
OPT,PWRNGSPERXX,2041,PER,NGS,0.0,17.9755,17.9755,1.425,0.4,True,capacity(ResidualCapacity+cumMaxCapacityInvestment),221.21242560000002,0.9187410022233398,new
OPT,PWRNGSPERXX,2042,PER,NGS,0.0,17.9755,17.9755,1.425,0.4,True,capacity(ResidualCapacity+cumMaxCapacityInvestment),222.30514800000003,0.919140424044521,new
OPT,PWRNGSPERXX,2043,PER,NGS,0.0,17.9755,17.9755,1.425,0.4,True,capacity(ResidualCapacity+cumMaxCapacityInvestment),223.39787040000002,0.9195359384231623,new
OPT,PWRNGSPERXX,2044,PER,NGS,0.0,17.9755,17.9755,1.425,0.4,True,capacity(ResidualCapacity+cumMaxCapacityInvestment),224.49059280000003,0.9199276024184475,new
OPT,PWRNGSPERXX,2045,PER,NGS,0.0,17.9755,17.9755,1.425,0.4,True,capacity(ResidualCapacity+cumMaxCapacityInvestment),225.58331520000002,0.9203154719839847,new
OPT,PWRNGSPERXX,2046,PER,NGS,0.0,17.9755,17.9755,1.425,0.4,True,capacity(ResidualCapacity+cumMaxCapacityInvestment),226.6760376,0.9206996019944544,new
OPT,PWRNGSPERXX,2047,PER,NGS,0.0,17.9755,17.9755,1.425,0.4,True,capacity(ResidualCapacity+cumMaxCapacityInvestment),227.76876000000004,0.9210800462714904,new
OPT,PWRNGSPERXX,2048,PER,NGS,0.0,17.9755,17.9755,1.425,0.4,True,capacity(ResidualCapacity+cumMaxCapacityInvestment),228.86148240000006,0.9214568576088188,new
OPT,PWRNGSPERXX,2049,PER,NGS,0.0,17.9755,17.9755,1.425,0.4,True,capacity(ResidualCapacity+cumMaxCapacityInvestment),229.95420480000004,0.9218300877966811,new
OPT,PWRNGSPERXX,2050,PER,NGS,0.0,17.9755,17.9755,1.425,0.4,True,capacity(ResidualCapacity+cumMaxCapacityInvestment),231.04692719999997,0.9221997876455635,new
OPT,PWRNGSSLVXX,2030,SLV,NGS,0.0,1.2614,1.2614,0.1,0.4,True,capacity(ResidualCapacity+cumMaxCapacityInvestment),14.906436480000002,0.9153788364045006,new
OPT,PWRNGSSLVXX,2031,SLV,NGS,0.0,1.2614,1.2614,0.1,0.4,True,capacity(ResidualCapacity+cumMaxCapacityInvestment),15.113627999999999,0.9165389011824295,new
OPT,PWRNGSSLVXX,2032,SLV,NGS,0.0,5.0458,5.0458,0.4,0.4,True,capacity(ResidualCapacity+cumMaxCapacityInvestment),23.7134952,0.7872182081366057,new
OPT,PWRNGSSLVXX,2033,SLV,NGS,0.0,5.0458,5.0458,0.4,0.4,True,capacity(ResidualCapacity+cumMaxCapacityInvestment),23.920686720000003,0.7890612397937045,new
OPT,PWRNGSSLVXX,2034,SLV,NGS,0.0,5.0458,5.0458,0.4,0.4,True,capacity(ResidualCapacity+cumMaxCapacityInvestment),24.127878239999998,0.7908726183956406,new
OPT,PWRNGSSLVXX,2035,SLV,NGS,0.0,9.4608,9.4608,0.75,0.4,True,capacity(ResidualCapacity+cumMaxCapacityInvestment),34.16105664,0.7230530630331229,new
OPT,PWRNGSSLVXX,2036,SLV,NGS,0.0,9.4608,9.4608,0.75,0.4,True,capacity(ResidualCapacity+cumMaxCapacityInvestment),34.2433656,0.7237187456831055,new
OPT,PWRNGSSLVXX,2037,SLV,NGS,0.0,9.4608,9.4608,0.75,0.4,True,capacity(ResidualCapacity+cumMaxCapacityInvestment),34.325674559999996,0.7243812358745383,new
OPT,PWRNGSSLVXX,2038,SLV,NGS,0.0,9.4608,9.4608,0.75,0.4,True,capacity(ResidualCapacity+cumMaxCapacityInvestment),34.40798352,0.7250405565179137,new
OPT,PWRNGSSLVXX,2039,SLV,NGS,0.0,9.4608,9.4608,0.75,0.4,True,capacity(ResidualCapacity+cumMaxCapacityInvestment),34.490292479999994,0.7256967303050252,new
OPT,PWRNGSSLVXX,2040,SLV,NGS,0.0,9.4608,9.4608,0.75,0.4,True,capacity(ResidualCapacity+cumMaxCapacityInvestment),34.57260144,0.7263497797115727,new
OPT,PWRNGSSLVXX,2041,SLV,NGS,0.0,9.4608,9.4608,0.75,0.4,True,capacity(ResidualCapacity+cumMaxCapacityInvestment),34.6549104,0.726999726999727,new
OPT,PWRNGSSLVXX,2042,SLV,NGS,0.0,9.4608,9.4608,0.75,0.4,True,capacity(ResidualCapacity+cumMaxCapacityInvestment),34.73721936,0.7276465942206607,new
OPT,PWRNGSSLVXX,2043,SLV,NGS,0.0,9.4608,9.4608,0.75,0.4,True,capacity(ResidualCapacity+cumMaxCapacityInvestment),34.819528319999996,0.7282904032170416,new
OPT,PWRNGSSLVXX,2044,SLV,NGS,0.0,9.4608,9.4608,0.75,0.4,True,capacity(ResidualCapacity+cumMaxCapacityInvestment),34.90183728000001,0.7289311756254914,new
OPT,PWRNGSSLVXX,2045,SLV,NGS,0.0,9.4608,9.4608,0.75,0.4,True,capacity(ResidualCapacity+cumMaxCapacityInvestment),34.98414624,0.7295689328790091,new
OPT,PWRNGSSLVXX,2046,SLV,NGS,0.0,9.4608,9.4608,0.75,0.4,True,capacity(ResidualCapacity+cumMaxCapacityInvestment),35.06645520000001,0.730203696209362,new
OPT,PWRNGSSLVXX,2047,SLV,NGS,0.0,9.4608,9.4608,0.75,0.4,True,capacity(ResidualCapacity+cumMaxCapacityInvestment),35.148764160000006,0.7308354866494402,new
OPT,PWRNGSSLVXX,2048,SLV,NGS,0.0,9.4608,9.4608,0.75,0.4,True,capacity(ResidualCapacity+cumMaxCapacityInvestment),35.231073120000005,0.731464325035581,new
OPT,PWRNGSSLVXX,2049,SLV,NGS,0.0,9.4608,9.4608,0.75,0.4,True,capacity(ResidualCapacity+cumMaxCapacityInvestment),35.313382080000004,0.7320902320098591,new
OPT,PWRNGSSLVXX,2050,SLV,NGS,0.0,9.4608,9.4608,0.75,0.4,True,capacity(ResidualCapacity+cumMaxCapacityInvestment),35.39569104,0.7327132280223452,new
OPT,PWROILCRIXX,2028,CRI,OIL,0.0,2.3652,2.3652,0.75,0.1,True,capacity(ResidualCapacity+cumMaxCapacityInvestment),25.619846399999997,0.9076809453471196,new
OPT,PWROILCRIXX,2029,CRI,OIL,0.0,2.3652,2.3652,0.75,0.1,True,capacity(ResidualCapacity+cumMaxCapacityInvestment),25.619846399999997,0.9076809453471196,new
OPT,PWROILCRIXX,2030,CRI,OIL,0.0,2.3652,2.3652,0.75,0.1,True,capacity(ResidualCapacity+cumMaxCapacityInvestment),25.619846399999997,0.9076809453471196,new
OPT,PWROILCRIXX,2031,CRI,OIL,0.0,2.3652,2.3652,0.75,0.1,True,capacity(ResidualCapacity+cumMaxCapacityInvestment),25.619846399999997,0.9076809453471196,new
OPT,PWROILCRIXX,2032,CRI,OIL,0.0,2.3652,2.3652,0.75,0.1,True,capacity(ResidualCapacity+cumMaxCapacityInvestment),25.619846399999997,0.9076809453471196,new
OPT,PWROILCRIXX,2033,CRI,OIL,0.0,2.3652,2.3652,0.75,0.1,True,capacity(ResidualCapacity+cumMaxCapacityInvestment),25.619846399999997,0.9076809453471196,new
OPT,PWROILCRIXX,2034,CRI,OIL,0.0,2.3652,2.3652,0.75,0.1,True,capacity(ResidualCapacity+cumMaxCapacityInvestment),25.619846399999997,0.9076809453471196,new
OPT,PWROILCRIXX,2035,CRI,OIL,0.0,2.3652,2.3652,0.75,0.1,True,capacity(ResidualCapacity+cumMaxCapacityInvestment),25.619846399999997,0.9076809453471196,new
OPT,PWROILCRIXX,2036,CRI,OIL,0.0,2.3652,2.3652,0.75,0.1,True,capacity(ResidualCapacity+cumMaxCapacityInvestment),25.619846399999997,0.9076809453471196,new
OPT,PWROILCRIXX,2037,CRI,OIL,0.0,2.3652,2.3652,0.75,0.1,True,capacity(ResidualCapacity+cumMaxCapacityInvestment),25.619846399999997,0.9076809453471196,new
OPT,PWROILCRIXX,2038,CRI,OIL,0.0,2.3652,2.3652,0.75,0.1,True,capacity(ResidualCapacity+cumMaxCapacityInvestment),25.619846399999997,0.9076809453471196,new
OPT,PWROILCRIXX,2039,CRI,OIL,0.0,2.3652,2.3652,0.75,0.1,True,capacity(ResidualCapacity+cumMaxCapacityInvestment),25.619846399999997,0.9076809453471196,new
OPT,PWROILCRIXX,2040,CRI,OIL,0.0,2.3652,2.3652,0.75,0.1,True,capacity(ResidualCapacity+cumMaxCapacityInvestment),25.619846399999997,0.9076809453471196,new
OPT,PWROILCRIXX,2041,CRI,OIL,0.0,2.3652,2.3652,0.75,0.1,True,capacity(ResidualCapacity+cumMaxCapacityInvestment),25.619846399999997,0.9076809453471196,new
OPT,PWROILCRIXX,2042,CRI,OIL,0.0,2.3652,2.3652,0.75,0.1,True,capacity(ResidualCapacity+cumMaxCapacityInvestment),25.619846399999997,0.9076809453471196,new
OPT,PWROILCRIXX,2043,CRI,OIL,0.0,2.3652,2.3652,0.75,0.1,True,capacity(ResidualCapacity+cumMaxCapacityInvestment),25.619846399999997,0.9076809453471196,new
OPT,PWROILCRIXX,2044,CRI,OIL,0.0,2.3652,2.3652,0.75,0.1,True,capacity(ResidualCapacity+cumMaxCapacityInvestment),25.619846399999997,0.9076809453471196,new
OPT,PWROILCRIXX,2045,CRI,OIL,0.0,2.3652,2.3652,0.75,0.1,True,capacity(ResidualCapacity+cumMaxCapacityInvestment),25.619846399999997,0.9076809453471196,new
OPT,PWROILCRIXX,2046,CRI,OIL,0.0,2.3652,2.3652,0.75,0.1,True,capacity(ResidualCapacity+cumMaxCapacityInvestment),35.18660736,0.9327812432781243,new
OPT,PWROILCRIXX,2047,CRI,OIL,0.0,2.3652,2.3652,0.75,0.1,True,capacity(ResidualCapacity+cumMaxCapacityInvestment),35.18660736,0.9327812432781243,new
OPT,PWROILCRIXX,2048,CRI,OIL,0.0,2.3652,2.3652,0.75,0.1,True,capacity(ResidualCapacity+cumMaxCapacityInvestment),35.18660736,0.9327812432781243,new
OPT,PWROILCRIXX,2049,CRI,OIL,0.0,2.3652,2.3652,0.75,0.1,True,capacity(ResidualCapacity+cumMaxCapacityInvestment),35.18660736,0.9327812432781243,new
OPT,PWROILCRIXX,2050,CRI,OIL,0.0,2.3652,2.3652,0.75,0.1,True,capacity(ResidualCapacity+cumMaxCapacityInvestment),35.18660736,0.9327812432781243,new
OPT,PWROILHNDXX,2029,HND,OIL,0.0,0.3154,0.3154,0.1,0.1,True,capacity(ResidualCapacity+cumMaxCapacityInvestment),8.61815808,0.9634028527822037,new
OPT,PWROILHNDXX,2030,HND,OIL,0.0,0.3154,0.3154,0.1,0.1,True,capacity(ResidualCapacity+cumMaxCapacityInvestment),8.61815808,0.9634028527822037,new
OPT,PWROILHNDXX,2031,HND,OIL,0.0,0.6307,0.6307,0.2,0.1,True,capacity(ResidualCapacity+cumMaxCapacityInvestment),11.166266880000002,0.9435173808061446,new
OPT,PWROILHNDXX,2032,HND,OIL,0.0,0.9461,0.9461,0.3,0.1,True,capacity(ResidualCapacity+cumMaxCapacityInvestment),13.714375680000002,0.9310139942148646,new
OPT,PWROILHNDXX,2033,HND,OIL,0.0,1.2614,1.2614,0.4,0.1,True,capacity(ResidualCapacity+cumMaxCapacityInvestment),16.26248448,0.9224349759379448,new
OPT,PWROILHNDXX,2034,HND,OIL,0.0,1.2614,1.2614,0.4,0.1,True,capacity(ResidualCapacity+cumMaxCapacityInvestment),16.26248448,0.9224349759379448,new
OPT,PWROILHNDXX,2035,HND,OIL,0.0,1.2614,1.2614,0.4,0.1,True,capacity(ResidualCapacity+cumMaxCapacityInvestment),16.26248448,0.9224349759379448,new
OPT,PWROILHNDXX,2036,HND,OIL,0.0,1.2614,1.2614,0.4,0.1,True,capacity(ResidualCapacity+cumMaxCapacityInvestment),16.26248448,0.9224349759379448,new
OPT,PWROILHNDXX,2037,HND,OIL,0.0,1.2614,1.2614,0.4,0.1,True,capacity(ResidualCapacity+cumMaxCapacityInvestment),16.26248448,0.9224349759379448,new
OPT,PWROILHNDXX,2038,HND,OIL,0.0,1.2614,1.2614,0.4,0.1,True,capacity(ResidualCapacity+cumMaxCapacityInvestment),16.26248448,0.9224349759379448,new
OPT,PWROILHNDXX,2039,HND,OIL,0.0,1.2614,1.2614,0.4,0.1,True,capacity(ResidualCapacity+cumMaxCapacityInvestment),16.26248448,0.9224349759379448,new
OPT,PWROILHNDXX,2040,HND,OIL,0.0,1.2614,1.2614,0.4,0.1,True,capacity(ResidualCapacity+cumMaxCapacityInvestment),16.26248448,0.9224349759379448,new
OPT,PWROILHNDXX,2041,HND,OIL,0.0,1.2614,1.2614,0.4,0.1,True,capacity(ResidualCapacity+cumMaxCapacityInvestment),16.26248448,0.9224349759379448,new
OPT,PWROILHNDXX,2042,HND,OIL,0.0,1.2614,1.2614,0.4,0.1,True,capacity(ResidualCapacity+cumMaxCapacityInvestment),16.26248448,0.9224349759379448,new
OPT,PWROILHNDXX,2043,HND,OIL,0.0,1.2614,1.2614,0.4,0.1,True,capacity(ResidualCapacity+cumMaxCapacityInvestment),16.26248448,0.9224349759379448,new
OPT,PWROILHNDXX,2044,HND,OIL,0.0,1.2614,1.2614,0.4,0.1,True,capacity(ResidualCapacity+cumMaxCapacityInvestment),16.26248448,0.9224349759379448,new
OPT,PWROILHNDXX,2045,HND,OIL,0.0,1.2614,1.2614,0.4,0.1,True,capacity(ResidualCapacity+cumMaxCapacityInvestment),16.26248448,0.9224349759379448,new
OPT,PWROILHNDXX,2046,HND,OIL,0.0,1.2614,1.2614,0.4,0.1,True,capacity(ResidualCapacity+cumMaxCapacityInvestment),26.026030080000005,0.9515331383187273,new
OPT,PWROILHNDXX,2047,HND,OIL,0.0,1.2614,1.2614,0.4,0.1,True,capacity(ResidualCapacity+cumMaxCapacityInvestment),26.026030080000005,0.9515331383187273,new
OPT,PWROILHNDXX,2048,HND,OIL,0.0,1.2614,1.2614,0.4,0.1,True,capacity(ResidualCapacity+cumMaxCapacityInvestment),26.026030080000005,0.9515331383187273,new
OPT,PWROILHNDXX,2049,HND,OIL,0.0,1.2614,1.2614,0.4,0.1,True,capacity(ResidualCapacity+cumMaxCapacityInvestment),26.026030080000005,0.9515331383187273,new
OPT,PWROILHNDXX,2050,HND,OIL,0.0,1.2614,1.2614,0.4,0.1,True,capacity(ResidualCapacity+cumMaxCapacityInvestment),26.026030080000005,0.9515331383187273,new
OPT,PWROILSLVXX,2030,SLV,OIL,0.0,0.9461,0.9461,0.3,0.1,True,capacity(ResidualCapacity+cumMaxCapacityInvestment),13.267825920000002,0.9286921605917483,new
OPT,PWROILSLVXX,2031,SLV,OIL,0.0,0.9461,0.9461,0.3,0.1,True,capacity(ResidualCapacity+cumMaxCapacityInvestment),13.267825920000002,0.9286921605917483,new
OPT,PWROILSLVXX,2032,SLV,OIL,0.0,0.9461,0.9461,0.3,0.1,True,capacity(ResidualCapacity+cumMaxCapacityInvestment),13.267825920000002,0.9286921605917483,new
OPT,PWROILSLVXX,2033,SLV,OIL,0.0,0.9461,0.9461,0.3,0.1,True,capacity(ResidualCapacity+cumMaxCapacityInvestment),13.267825920000002,0.9286921605917483,new
OPT,PWROILSLVXX,2034,SLV,OIL,0.0,0.9461,0.9461,0.3,0.1,True,capacity(ResidualCapacity+cumMaxCapacityInvestment),13.267825920000002,0.9286921605917483,new
OPT,PWROILSLVXX,2035,SLV,OIL,0.0,0.9461,0.9461,0.3,0.1,True,capacity(ResidualCapacity+cumMaxCapacityInvestment),13.267825920000002,0.9286921605917483,new
OPT,PWROILSLVXX,2036,SLV,OIL,0.0,0.9461,0.9461,0.3,0.1,True,capacity(ResidualCapacity+cumMaxCapacityInvestment),13.267825920000002,0.9286921605917483,new
OPT,PWROILSLVXX,2037,SLV,OIL,0.0,0.9461,0.9461,0.3,0.1,True,capacity(ResidualCapacity+cumMaxCapacityInvestment),13.267825920000002,0.9286921605917483,new
OPT,PWROILSLVXX,2038,SLV,OIL,0.0,0.9461,0.9461,0.3,0.1,True,capacity(ResidualCapacity+cumMaxCapacityInvestment),13.267825920000002,0.9286921605917483,new
OPT,PWROILSLVXX,2039,SLV,OIL,0.0,0.9461,0.9461,0.3,0.1,True,capacity(ResidualCapacity+cumMaxCapacityInvestment),13.267825920000002,0.9286921605917483,new
OPT,PWROILSLVXX,2040,SLV,OIL,0.0,0.9461,0.9461,0.3,0.1,True,capacity(ResidualCapacity+cumMaxCapacityInvestment),13.267825920000002,0.9286921605917483,new
OPT,PWROILSLVXX,2041,SLV,OIL,0.0,0.9461,0.9461,0.3,0.1,True,capacity(ResidualCapacity+cumMaxCapacityInvestment),13.267825920000002,0.9286921605917483,new
OPT,PWROILSLVXX,2042,SLV,OIL,0.0,0.9461,0.9461,0.3,0.1,True,capacity(ResidualCapacity+cumMaxCapacityInvestment),13.267825920000002,0.9286921605917483,new
OPT,PWROILSLVXX,2043,SLV,OIL,0.0,0.9461,0.9461,0.3,0.1,True,capacity(ResidualCapacity+cumMaxCapacityInvestment),13.267825920000002,0.9286921605917483,new
OPT,PWROILSLVXX,2044,SLV,OIL,0.0,0.9461,0.9461,0.3,0.1,True,capacity(ResidualCapacity+cumMaxCapacityInvestment),13.267825920000002,0.9286921605917483,new
OPT,PWROILSLVXX,2045,SLV,OIL,0.0,0.9461,0.9461,0.3,0.1,True,capacity(ResidualCapacity+cumMaxCapacityInvestment),13.267825920000002,0.9286921605917483,new
OPT,PWROILSLVXX,2046,SLV,OIL,0.0,0.9461,0.9461,0.3,0.1,True,capacity(ResidualCapacity+cumMaxCapacityInvestment),32.736890880000004,0.9710998822866834,new
OPT,PWROILSLVXX,2047,SLV,OIL,0.0,0.9461,0.9461,0.3,0.1,True,capacity(ResidualCapacity+cumMaxCapacityInvestment),32.736890880000004,0.9710998822866834,new
OPT,PWROILSLVXX,2048,SLV,OIL,0.0,0.9461,0.9461,0.3,0.1,True,capacity(ResidualCapacity+cumMaxCapacityInvestment),32.736890880000004,0.9710998822866834,new
OPT,PWROILSLVXX,2049,SLV,OIL,0.0,0.9461,0.9461,0.3,0.1,True,capacity(ResidualCapacity+cumMaxCapacityInvestment),32.736890880000004,0.9710998822866834,new
OPT,PWROILSLVXX,2050,SLV,OIL,0.0,0.9461,0.9461,0.3,0.1,True,capacity(ResidualCapacity+cumMaxCapacityInvestment),32.736890880000004,0.9710998822866834,new
OPT,PWRPETBRBXX,2040,BRB,PET,0.0,0.8136,0.8136,0.258,0.1,True,capacity(ResidualCapacity+cumMaxCapacityInvestment),8.41632768,0.9033307600494946,new
OPT,PWRPETBRBXX,2041,BRB,PET,0.0,0.8136,0.8136,0.258,0.1,True,capacity(ResidualCapacity+cumMaxCapacityInvestment),8.41632768,0.9033307600494946,new
OPT,PWRPETBRBXX,2042,BRB,PET,0.0,0.8136,0.8136,0.258,0.1,True,capacity(ResidualCapacity+cumMaxCapacityInvestment),8.41632768,0.9033307600494946,new
OPT,PWRPETBRBXX,2043,BRB,PET,0.0,0.8136,0.8136,0.258,0.1,True,capacity(ResidualCapacity+cumMaxCapacityInvestment),8.41632768,0.9033307600494946,new
OPT,PWRPETBRBXX,2044,BRB,PET,0.0,0.8136,0.8136,0.258,0.1,True,capacity(ResidualCapacity+cumMaxCapacityInvestment),8.41632768,0.9033307600494946,new
OPT,PWRPETBRBXX,2045,BRB,PET,0.0,0.8136,0.8136,0.258,0.1,True,capacity(ResidualCapacity+cumMaxCapacityInvestment),8.41632768,0.9033307600494946,new
OPT,PWRPETBRBXX,2046,BRB,PET,0.0,0.8136,0.8136,0.258,0.1,True,capacity(ResidualCapacity+cumMaxCapacityInvestment),7.573685760000001,0.8925754215606643,new
OPT,PWRPETBRBXX,2047,BRB,PET,0.0,0.8136,0.8136,0.258,0.1,True,capacity(ResidualCapacity+cumMaxCapacityInvestment),7.573685760000001,0.8925754215606643,new
OPT,PWRPETBRBXX,2048,BRB,PET,0.0,0.8136,0.8136,0.258,0.1,True,capacity(ResidualCapacity+cumMaxCapacityInvestment),7.573685760000001,0.8925754215606643,new
OPT,PWRPETBRBXX,2049,BRB,PET,0.0,0.8136,0.8136,0.258,0.1,True,capacity(ResidualCapacity+cumMaxCapacityInvestment),7.573685760000001,0.8925754215606643,new
OPT,PWRPETBRBXX,2050,BRB,PET,0.0,0.8136,0.8136,0.258,0.1,True,capacity(ResidualCapacity+cumMaxCapacityInvestment),7.573685760000001,0.8925754215606643,new
OPT,PWRPETECUXX,2024,ECU,PET,32.2137,1.2614,32.2137,0.4,0.1,True,capacity(ResidualCapacity+cumMaxCapacityInvestment),50.0539392,0.35642028350088373,unchanged
OPT,PWRPETECUXX,2025,ECU,PET,32.2137,2.2075,32.2137,0.7,0.1,True,capacity(ResidualCapacity+cumMaxCapacityInvestment),57.698265600000006,0.44168685722158,unchanged
OPT,PWRPETECUXX,2026,ECU,PET,32.2137,2.4503,32.2137,0.777,0.1,True,capacity(ResidualCapacity+cumMaxCapacityInvestment),65.26690560000002,0.506431326813202,unchanged
OPT,PWRPETECUXX,2027,ECU,PET,0.0,2.7972,2.7972,0.887,0.1,True,capacity(ResidualCapacity+cumMaxCapacityInvestment),72.83554560000002,0.9615956745163724,new
OPT,PWRPETECUXX,2028,ECU,PET,0.0,4.6894,4.6894,1.487,0.1,True,capacity(ResidualCapacity+cumMaxCapacityInvestment),88.12419840000001,0.9467864663152499,new
OPT,PWRPETECUXX,2029,ECU,PET,0.0,5.3201,5.3201,1.687,0.1,True,capacity(ResidualCapacity+cumMaxCapacityInvestment),95.69283840000001,0.9444044080105373,new
OPT,PWRPETECUXX,2030,ECU,PET,0.0,5.3201,5.3201,1.687,0.1,True,capacity(ResidualCapacity+cumMaxCapacityInvestment),103.26147840000002,0.9484793353491248,new
OPT,PWRPETECUXX,2031,ECU,PET,0.0,5.3201,5.3201,1.687,0.1,True,capacity(ResidualCapacity+cumMaxCapacityInvestment),110.8301184,0.95199770534577,new
OPT,PWRPETECUXX,2032,ECU,PET,0.0,5.3201,5.3201,1.687,0.1,True,capacity(ResidualCapacity+cumMaxCapacityInvestment),118.3987584,0.9550662517758295,new
OPT,PWRPETECUXX,2033,ECU,PET,0.0,5.3201,5.3201,1.687,0.1,True,capacity(ResidualCapacity+cumMaxCapacityInvestment),125.96739840000001,0.9577660563957476,new
OPT,PWRPETECUXX,2034,ECU,PET,0.0,5.3201,5.3201,1.687,0.1,True,capacity(ResidualCapacity+cumMaxCapacityInvestment),133.5360384,0.9601598185497766,new
OPT,PWRPETECUXX,2035,ECU,PET,0.0,5.3201,5.3201,1.687,0.1,True,capacity(ResidualCapacity+cumMaxCapacityInvestment),141.10467839999998,0.962296785192914,new
OPT,PWRPETECUXX,2036,ECU,PET,0.0,5.3201,5.3201,1.687,0.1,True,capacity(ResidualCapacity+cumMaxCapacityInvestment),141.10467839999998,0.962296785192914,new
OPT,PWRPETECUXX,2037,ECU,PET,0.0,5.3201,5.3201,1.687,0.1,True,capacity(ResidualCapacity+cumMaxCapacityInvestment),141.10467839999998,0.962296785192914,new
OPT,PWRPETECUXX,2038,ECU,PET,0.0,5.3201,5.3201,1.687,0.1,True,capacity(ResidualCapacity+cumMaxCapacityInvestment),141.10467839999998,0.962296785192914,new
OPT,PWRPETECUXX,2039,ECU,PET,0.0,5.3201,5.3201,1.687,0.1,True,capacity(ResidualCapacity+cumMaxCapacityInvestment),141.10467839999998,0.962296785192914,new
OPT,PWRPETECUXX,2040,ECU,PET,0.0,5.3201,5.3201,1.687,0.1,True,capacity(ResidualCapacity+cumMaxCapacityInvestment),141.10467839999998,0.962296785192914,new
OPT,PWRPETECUXX,2041,ECU,PET,0.0,5.3201,5.3201,1.687,0.1,True,capacity(ResidualCapacity+cumMaxCapacityInvestment),141.10467839999998,0.962296785192914,new
OPT,PWRPETECUXX,2042,ECU,PET,0.0,5.3201,5.3201,1.687,0.1,True,capacity(ResidualCapacity+cumMaxCapacityInvestment),141.10467839999998,0.962296785192914,new
OPT,PWRPETECUXX,2043,ECU,PET,0.0,5.3201,5.3201,1.687,0.1,True,capacity(ResidualCapacity+cumMaxCapacityInvestment),141.10467839999998,0.962296785192914,new
OPT,PWRPETECUXX,2044,ECU,PET,0.0,5.3201,5.3201,1.687,0.1,True,capacity(ResidualCapacity+cumMaxCapacityInvestment),141.10467839999998,0.962296785192914,new
OPT,PWRPETECUXX,2045,ECU,PET,0.0,5.3201,5.3201,1.687,0.1,True,capacity(ResidualCapacity+cumMaxCapacityInvestment),172.70122751999997,0.969194775993217,new
OPT,PWRPETECUXX,2046,ECU,PET,0.0,5.3201,5.3201,1.687,0.1,True,capacity(ResidualCapacity+cumMaxCapacityInvestment),145.74173183999997,0.9634963854701509,new
OPT,PWRPETECUXX,2047,ECU,PET,0.0,5.3201,5.3201,1.687,0.1,True,capacity(ResidualCapacity+cumMaxCapacityInvestment),145.74173183999997,0.9634963854701509,new
OPT,PWRPETECUXX,2048,ECU,PET,0.0,5.3201,5.3201,1.687,0.1,True,capacity(ResidualCapacity+cumMaxCapacityInvestment),145.74173183999997,0.9634963854701509,new
OPT,PWRPETECUXX,2049,ECU,PET,0.0,5.3201,5.3201,1.687,0.1,True,capacity(ResidualCapacity+cumMaxCapacityInvestment),145.74173183999997,0.9634963854701509,new
OPT,PWRPETECUXX,2050,ECU,PET,0.0,5.3201,5.3201,1.687,0.1,True,capacity(ResidualCapacity+cumMaxCapacityInvestment),145.74173183999997,0.9634963854701509,new
