TIMESLICE,YEAR,VALUE
S1D1,2023,0.08221644328865774
S1D1,2024,0.08221644328865774
S1D1,2025,0.08221644328865774
S1D1,2026,0.08221644328865774
S1D1,2027,0.08221644328865774
S1D1,2028,0.08221644328865774
S1D1,2029,0.08221644328865774
S1D1,2030,0.08221644328865774
S1D1,2031,0.08221644328865774
S1D1,2032,0.08221644328865774
S1D1,2033,0.08221644328865774
S1D1,2034,0.08221644328865774
S1D1,2035,0.08221644328865774
S1D1,2036,0.08221644328865774
S1D1,2037,0.08221644328865774
S1D1,2038,0.08221644328865774
S1D1,2039,0.08221644328865774
S1D1,2040,0.08221644328865774
S1D1,2041,0.08221644328865774
S1D1,2042,0.08221644328865774
S1D1,2043,0.08221644328865774
S1D1,2044,0.08221644328865774
S1D1,2045,0.08221644328865774
S1D1,2046,0.08221644328865774
S1D1,2047,0.08221644328865774
S1D1,2048,0.08221644328865774
S1D1,2049,0.08221644328865774
S1D1,2050,0.08221644328865774
S1D2,2023,0.06161232246449293
S1D2,2024,0.06161232246449293
S1D2,2025,0.06161232246449293
S1D2,2026,0.06161232246449293
S1D2,2027,0.06161232246449293
S1D2,2028,0.06161232246449293
S1D2,2029,0.06161232246449293
S1D2,2030,0.06161232246449293
S1D2,2031,0.06161232246449293
S1D2,2032,0.06161232246449293
S1D2,2033,0.06161232246449293
S1D2,2034,0.06161232246449293
S1D2,2035,0.06161232246449293
S1D2,2036,0.06161232246449293
S1D2,2037,0.06161232246449293
S1D2,2038,0.06161232246449293
S1D2,2039,0.06161232246449293
S1D2,2040,0.06161232246449293
S1D2,2041,0.06161232246449293
S1D2,2042,0.06161232246449293
S1D2,2043,0.06161232246449293
S1D2,2044,0.06161232246449293
S1D2,2045,0.06161232246449293
S1D2,2046,0.06161232246449293
S1D2,2047,0.06161232246449293
S1D2,2048,0.06161232246449293
S1D2,2049,0.06161232246449293
S1D2,2050,0.06161232246449293
S1D3,2023,0.10272054410882174
S1D3,2024,0.10272054410882174
S1D3,2025,0.10272054410882174
S1D3,2026,0.10272054410882174
S1D3,2027,0.10272054410882174
S1D3,2028,0.10272054410882174
S1D3,2029,0.10272054410882174
S1D3,2030,0.10272054410882174
S1D3,2031,0.10272054410882174
S1D3,2032,0.10272054410882174
S1D3,2033,0.10272054410882174
S1D3,2034,0.10272054410882174
S1D3,2035,0.10272054410882174
S1D3,2036,0.10272054410882174
S1D3,2037,0.10272054410882174
S1D3,2038,0.10272054410882174
S1D3,2039,0.10272054410882174
S1D3,2040,0.10272054410882174
S1D3,2041,0.10272054410882174
S1D3,2042,0.10272054410882174
S1D3,2043,0.10272054410882174
S1D3,2044,0.10272054410882174
S1D3,2045,0.10272054410882174
S1D3,2046,0.10272054410882174
S1D3,2047,0.10272054410882174
S1D3,2048,0.10272054410882174
S1D3,2049,0.10272054410882174
S1D3,2050,0.10272054410882174
S2D1,2023,0.08311662332466495
S2D1,2024,0.08311662332466495
S2D1,2025,0.08311662332466495
S2D1,2026,0.08311662332466495
S2D1,2027,0.08311662332466495
S2D1,2028,0.08311662332466495
S2D1,2029,0.08311662332466495
S2D1,2030,0.08311662332466495
S2D1,2031,0.08311662332466495
S2D1,2032,0.08311662332466495
S2D1,2033,0.08311662332466495
S2D1,2034,0.08311662332466495
S2D1,2035,0.08311662332466495
S2D1,2036,0.08311662332466495
S2D1,2037,0.08311662332466495
S2D1,2038,0.08311662332466495
S2D1,2039,0.08311662332466495
S2D1,2040,0.08311662332466495
S2D1,2041,0.08311662332466495
S2D1,2042,0.08311662332466495
S2D1,2043,0.08311662332466495
S2D1,2044,0.08311662332466495
S2D1,2045,0.08311662332466495
S2D1,2046,0.08311662332466495
S2D1,2047,0.08311662332466495
S2D1,2048,0.08311662332466495
S2D1,2049,0.08311662332466495
S2D1,2050,0.08311662332466495
S2D2,2023,0.06231246249249853
S2D2,2024,0.06231246249249853
S2D2,2025,0.06231246249249853
S2D2,2026,0.06231246249249853
S2D2,2027,0.06231246249249853
S2D2,2028,0.06231246249249853
S2D2,2029,0.06231246249249853
S2D2,2030,0.06231246249249853
S2D2,2031,0.06231246249249853
S2D2,2032,0.06231246249249853
S2D2,2033,0.06231246249249853
S2D2,2034,0.06231246249249853
S2D2,2035,0.06231246249249853
S2D2,2036,0.06231246249249853
S2D2,2037,0.06231246249249853
S2D2,2038,0.06231246249249853
S2D2,2039,0.06231246249249853
S2D2,2040,0.06231246249249853
S2D2,2041,0.06231246249249853
S2D2,2042,0.06231246249249853
S2D2,2043,0.06231246249249853
S2D2,2044,0.06231246249249853
S2D2,2045,0.06231246249249853
S2D2,2046,0.06231246249249853
S2D2,2047,0.06231246249249853
S2D2,2048,0.06231246249249853
S2D2,2049,0.06231246249249853
S2D2,2050,0.06231246249249853
S2D3,2023,0.10392078415683134
S2D3,2024,0.10392078415683134
S2D3,2025,0.10392078415683134
S2D3,2026,0.10392078415683134
S2D3,2027,0.10392078415683134
S2D3,2028,0.10392078415683134
S2D3,2029,0.10392078415683134
S2D3,2030,0.10392078415683134
S2D3,2031,0.10392078415683134
S2D3,2032,0.10392078415683134
S2D3,2033,0.10392078415683134
S2D3,2034,0.10392078415683134
S2D3,2035,0.10392078415683134
S2D3,2036,0.10392078415683134
S2D3,2037,0.10392078415683134
S2D3,2038,0.10392078415683134
S2D3,2039,0.10392078415683134
S2D3,2040,0.10392078415683134
S2D3,2041,0.10392078415683134
S2D3,2042,0.10392078415683134
S2D3,2043,0.10392078415683134
S2D3,2044,0.10392078415683134
S2D3,2045,0.10392078415683134
S2D3,2046,0.10392078415683134
S2D3,2047,0.10392078415683134
S2D3,2048,0.10392078415683134
S2D3,2049,0.10392078415683134
S2D3,2050,0.10392078415683134
S3D1,2023,0.08401680336067215
S3D1,2024,0.08401680336067215
S3D1,2025,0.08401680336067215
S3D1,2026,0.08401680336067215
S3D1,2027,0.08401680336067215
S3D1,2028,0.08401680336067215
S3D1,2029,0.08401680336067215
S3D1,2030,0.08401680336067215
S3D1,2031,0.08401680336067215
S3D1,2032,0.08401680336067215
S3D1,2033,0.08401680336067215
S3D1,2034,0.08401680336067215
S3D1,2035,0.08401680336067215
S3D1,2036,0.08401680336067215
S3D1,2037,0.08401680336067215
S3D1,2038,0.08401680336067215
S3D1,2039,0.08401680336067215
S3D1,2040,0.08401680336067215
S3D1,2041,0.08401680336067215
S3D1,2042,0.08401680336067215
S3D1,2043,0.08401680336067215
S3D1,2044,0.08401680336067215
S3D1,2045,0.08401680336067215
S3D1,2046,0.08401680336067215
S3D1,2047,0.08401680336067215
S3D1,2048,0.08401680336067215
S3D1,2049,0.08401680336067215
S3D1,2050,0.08401680336067215
S3D2,2023,0.06301260252050413
S3D2,2024,0.06301260252050413
S3D2,2025,0.06301260252050413
S3D2,2026,0.06301260252050413
S3D2,2027,0.06301260252050413
S3D2,2028,0.06301260252050413
S3D2,2029,0.06301260252050413
S3D2,2030,0.06301260252050413
S3D2,2031,0.06301260252050413
S3D2,2032,0.06301260252050413
S3D2,2033,0.06301260252050413
S3D2,2034,0.06301260252050413
S3D2,2035,0.06301260252050413
S3D2,2036,0.06301260252050413
S3D2,2037,0.06301260252050413
S3D2,2038,0.06301260252050413
S3D2,2039,0.06301260252050413
S3D2,2040,0.06301260252050413
S3D2,2041,0.06301260252050413
S3D2,2042,0.06301260252050413
S3D2,2043,0.06301260252050413
S3D2,2044,0.06301260252050413
S3D2,2045,0.06301260252050413
S3D2,2046,0.06301260252050413
S3D2,2047,0.06301260252050413
S3D2,2048,0.06301260252050413
S3D2,2049,0.06301260252050413
S3D2,2050,0.06301260252050413
S3D3,2023,0.10502100420084014
S3D3,2024,0.10502100420084014
S3D3,2025,0.10502100420084014
S3D3,2026,0.10502100420084014
S3D3,2027,0.10502100420084014
S3D3,2028,0.10502100420084014
S3D3,2029,0.10502100420084014
S3D3,2030,0.10502100420084014
S3D3,2031,0.10502100420084014
S3D3,2032,0.10502100420084014
S3D3,2033,0.10502100420084014
S3D3,2034,0.10502100420084014
S3D3,2035,0.10502100420084014
S3D3,2036,0.10502100420084014
S3D3,2037,0.10502100420084014
S3D3,2038,0.10502100420084014
S3D3,2039,0.10502100420084014
S3D3,2040,0.10502100420084014
S3D3,2041,0.10502100420084014
S3D3,2042,0.10502100420084014
S3D3,2043,0.10502100420084014
S3D3,2044,0.10502100420084014
S3D3,2045,0.10502100420084014
S3D3,2046,0.10502100420084014
S3D3,2047,0.10502100420084014
S3D3,2048,0.10502100420084014
S3D3,2049,0.10502100420084014
S3D3,2050,0.10502100420084014
S4D1,2023,0.08401680336067215
S4D1,2024,0.08401680336067215
S4D1,2025,0.08401680336067215
S4D1,2026,0.08401680336067215
S4D1,2027,0.08401680336067215
S4D1,2028,0.08401680336067215
S4D1,2029,0.08401680336067215
S4D1,2030,0.08401680336067215
S4D1,2031,0.08401680336067215
S4D1,2032,0.08401680336067215
S4D1,2033,0.08401680336067215
S4D1,2034,0.08401680336067215
S4D1,2035,0.08401680336067215
S4D1,2036,0.08401680336067215
S4D1,2037,0.08401680336067215
S4D1,2038,0.08401680336067215
S4D1,2039,0.08401680336067215
S4D1,2040,0.08401680336067215
S4D1,2041,0.08401680336067215
S4D1,2042,0.08401680336067215
S4D1,2043,0.08401680336067215
S4D1,2044,0.08401680336067215
S4D1,2045,0.08401680336067215
S4D1,2046,0.08401680336067215
S4D1,2047,0.08401680336067215
S4D1,2048,0.08401680336067215
S4D1,2049,0.08401680336067215
S4D1,2050,0.08401680336067215
S4D2,2023,0.06301260252050413
S4D2,2024,0.06301260252050413
S4D2,2025,0.06301260252050413
S4D2,2026,0.06301260252050413
S4D2,2027,0.06301260252050413
S4D2,2028,0.06301260252050413
S4D2,2029,0.06301260252050413
S4D2,2030,0.06301260252050413
S4D2,2031,0.06301260252050413
S4D2,2032,0.06301260252050413
S4D2,2033,0.06301260252050413
S4D2,2034,0.06301260252050413
S4D2,2035,0.06301260252050413
S4D2,2036,0.06301260252050413
S4D2,2037,0.06301260252050413
S4D2,2038,0.06301260252050413
S4D2,2039,0.06301260252050413
S4D2,2040,0.06301260252050413
S4D2,2041,0.06301260252050413
S4D2,2042,0.06301260252050413
S4D2,2043,0.06301260252050413
S4D2,2044,0.06301260252050413
S4D2,2045,0.06301260252050413
S4D2,2046,0.06301260252050413
S4D2,2047,0.06301260252050413
S4D2,2048,0.06301260252050413
S4D2,2049,0.06301260252050413
S4D2,2050,0.06301260252050413
S4D3,2023,0.10502100420084014
S4D3,2024,0.10502100420084014
S4D3,2025,0.10502100420084014
S4D3,2026,0.10502100420084014
S4D3,2027,0.10502100420084014
S4D3,2028,0.10502100420084014
S4D3,2029,0.10502100420084014
S4D3,2030,0.10502100420084014
S4D3,2031,0.10502100420084014
S4D3,2032,0.10502100420084014
S4D3,2033,0.10502100420084014
S4D3,2034,0.10502100420084014
S4D3,2035,0.10502100420084014
S4D3,2036,0.10502100420084014
S4D3,2037,0.10502100420084014
S4D3,2038,0.10502100420084014
S4D3,2039,0.10502100420084014
S4D3,2040,0.10502100420084014
S4D3,2041,0.10502100420084014
S4D3,2042,0.10502100420084014
S4D3,2043,0.10502100420084014
S4D3,2044,0.10502100420084014
S4D3,2045,0.10502100420084014
S4D3,2046,0.10502100420084014
S4D3,2047,0.10502100420084014
S4D3,2048,0.10502100420084014
S4D3,2049,0.10502100420084014
S4D3,2050,0.10502100420084014
