REGION,TECHNOLOGY,YEAR,VALUE
GLOBAL,PWRGEOHNDXX,2023,0.09
GLOBAL,PWRGEOHNDXX,2024,0.09
GLOBAL,PWRGEOHNDXX,2025,0.09
GLOBAL,PWRGEOHNDXX,2026,0.09
GLOBAL,PWRGEOHNDXX,2027,0.09
GLOBAL,PWRGEOHNDXX,2028,0.09
GLOBAL,PWRGEOHNDXX,2029,0.09
GLOBAL,PWRGEOHNDXX,2030,0.09
GLOBAL,PWRGEOHNDXX,2031,0.09
GLOBAL,PWRGEOHNDXX,2032,0.09
GLOBAL,PWRGEOHNDXX,2033,0.0909
GLOBAL,PWRGEOHNDXX,2034,0.0909
GLOBAL,PWRGEOHNDXX,2035,0.0909
GLOBAL,PWRGEOHNDXX,2036,0.0909
GLOBAL,PWRGEOHNDXX,2037,0.0909
GLOBAL,PWRGEOHNDXX,2038,0.0909
GLOBAL,PWRGEOHNDXX,2039,0.0909
GLOBAL,PWRGEOHNDXX,2040,0.0909
GLOBAL,PWRGEOHNDXX,2041,0.0909
GLOBAL,PWRGEOHNDXX,2042,0.0909
GLOBAL,PWRGEOHNDXX,2043,0.0909
GLOBAL,PWRGEOHNDXX,2044,0.0909
GLOBAL,PWRGEOHNDXX,2045,0.0909
GLOBAL,PWRGEOHNDXX,2046,0.0909
GLOBAL,PWRGEOHNDXX,2047,0.0909
GLOBAL,PWRGEOHNDXX,2048,0.0909
GLOBAL,PWRGEOHNDXX,2049,0.0909
GLOBAL,PWRGEOHNDXX,2050,0.0909
GLOBAL,PWRTRNARGXX,2023,31.3144
GLOBAL,PWRTRNARGXX,2024,31.3144
GLOBAL,PWRTRNARGXX,2025,31.3144
GLOBAL,PWRTRNARGXX,2026,31.3144
GLOBAL,PWRTRNARGXX,2027,31.3144
GLOBAL,PWRTRNARGXX,2028,31.3144
GLOBAL,PWRTRNARGXX,2029,31.3144
GLOBAL,PWRTRNARGXX,2030,31.3144
GLOBAL,PWRTRNARGXX,2031,31.3144
GLOBAL,PWRTRNARGXX,2032,31.3144
GLOBAL,PWRTRNARGXX,2033,31.3144
GLOBAL,PWRTRNARGXX,2034,31.3144
GLOBAL,PWRTRNARGXX,2035,31.3144
GLOBAL,PWRTRNARGXX,2036,31.3144
GLOBAL,PWRTRNARGXX,2037,31.3144
GLOBAL,PWRTRNARGXX,2038,31.3144
GLOBAL,PWRTRNARGXX,2039,31.3144
GLOBAL,PWRTRNARGXX,2040,31.3144
GLOBAL,PWRTRNARGXX,2041,31.3144
GLOBAL,PWRTRNARGXX,2042,31.3144
GLOBAL,PWRTRNARGXX,2043,31.3144
GLOBAL,PWRTRNARGXX,2044,31.3144
GLOBAL,PWRTRNARGXX,2045,31.3144
GLOBAL,PWRTRNARGXX,2046,31.3144
GLOBAL,PWRTRNARGXX,2047,31.3144
GLOBAL,PWRTRNARGXX,2048,31.3144
GLOBAL,PWRTRNARGXX,2049,31.3144
GLOBAL,PWRTRNARGXX,2050,31.3144
GLOBAL,PWRTRNBOLXX,2023,3.0098
GLOBAL,PWRTRNBOLXX,2024,3.0098
GLOBAL,PWRTRNBOLXX,2025,3.4703
GLOBAL,PWRTRNBOLXX,2026,3.8323
GLOBAL,PWRTRNBOLXX,2027,3.982
GLOBAL,PWRTRNBOLXX,2028,4.9768
GLOBAL,PWRTRNBOLXX,2029,4.9768
GLOBAL,PWRTRNBOLXX,2030,5.1614
GLOBAL,PWRTRNBOLXX,2031,5.1614
GLOBAL,PWRTRNBOLXX,2032,5.6056
GLOBAL,PWRTRNBOLXX,2033,5.6056
GLOBAL,PWRTRNBOLXX,2034,5.6056
GLOBAL,PWRTRNBOLXX,2035,5.6546
GLOBAL,PWRTRNBOLXX,2036,5.9071
GLOBAL,PWRTRNBOLXX,2037,6.1351
GLOBAL,PWRTRNBOLXX,2038,6.1351
GLOBAL,PWRTRNBOLXX,2039,6.1667
GLOBAL,PWRTRNBOLXX,2040,6.3209
GLOBAL,PWRTRNBOLXX,2041,6.3209
GLOBAL,PWRTRNBOLXX,2042,6.3423
GLOBAL,PWRTRNBOLXX,2043,6.3619
GLOBAL,PWRTRNBOLXX,2044,6.3977
GLOBAL,PWRTRNBOLXX,2045,6.4949
GLOBAL,PWRTRNBOLXX,2046,6.4949
GLOBAL,PWRTRNBOLXX,2047,6.4949
GLOBAL,PWRTRNBOLXX,2048,6.4949
GLOBAL,PWRTRNBOLXX,2049,6.4949
GLOBAL,PWRTRNBOLXX,2050,6.4949
GLOBAL,PWRTRNBRAXX,2023,81.903
GLOBAL,PWRTRNBRAXX,2024,81.903
GLOBAL,PWRTRNBRAXX,2025,81.903
GLOBAL,PWRTRNBRAXX,2026,81.903
GLOBAL,PWRTRNBRAXX,2027,86.8703
GLOBAL,PWRTRNBRAXX,2028,92.8681
GLOBAL,PWRTRNBRAXX,2029,101.297
GLOBAL,PWRTRNBRAXX,2030,103.842
GLOBAL,PWRTRNBRAXX,2031,104.181
GLOBAL,PWRTRNBRAXX,2032,104.181
GLOBAL,PWRTRNBRAXX,2033,104.181
GLOBAL,PWRTRNBRAXX,2034,104.181
GLOBAL,PWRTRNBRAXX,2035,104.181
GLOBAL,PWRTRNBRAXX,2036,104.181
GLOBAL,PWRTRNBRAXX,2037,104.181
GLOBAL,PWRTRNBRAXX,2038,104.181
GLOBAL,PWRTRNBRAXX,2039,104.181
GLOBAL,PWRTRNBRAXX,2040,104.181
GLOBAL,PWRTRNBRAXX,2041,104.181
GLOBAL,PWRTRNBRAXX,2042,104.181
GLOBAL,PWRTRNBRAXX,2043,104.181
GLOBAL,PWRTRNBRAXX,2044,104.181
GLOBAL,PWRTRNBRAXX,2045,104.181
GLOBAL,PWRTRNBRAXX,2046,104.181
GLOBAL,PWRTRNBRAXX,2047,104.181
GLOBAL,PWRTRNBRAXX,2048,104.181
GLOBAL,PWRTRNBRAXX,2049,104.181
GLOBAL,PWRTRNBRAXX,2050,104.181
GLOBAL,PWRTRNBRBXX,2023,0.182
GLOBAL,PWRTRNBRBXX,2024,0.182
GLOBAL,PWRTRNBRBXX,2025,0.182
GLOBAL,PWRTRNBRBXX,2026,0.182
GLOBAL,PWRTRNBRBXX,2027,0.182
GLOBAL,PWRTRNBRBXX,2028,0.182
GLOBAL,PWRTRNBRBXX,2029,0.182
GLOBAL,PWRTRNBRBXX,2030,0.182
GLOBAL,PWRTRNBRBXX,2031,0.182
GLOBAL,PWRTRNBRBXX,2032,0.182
GLOBAL,PWRTRNBRBXX,2033,0.182
GLOBAL,PWRTRNBRBXX,2034,0.182
GLOBAL,PWRTRNBRBXX,2035,0.182
GLOBAL,PWRTRNBRBXX,2036,0.182
GLOBAL,PWRTRNBRBXX,2037,0.182
GLOBAL,PWRTRNBRBXX,2038,0.182
GLOBAL,PWRTRNBRBXX,2039,0.182
GLOBAL,PWRTRNBRBXX,2040,0.182
GLOBAL,PWRTRNBRBXX,2041,0.182
GLOBAL,PWRTRNBRBXX,2042,0.182
GLOBAL,PWRTRNBRBXX,2043,0.182
GLOBAL,PWRTRNBRBXX,2044,0.182
GLOBAL,PWRTRNBRBXX,2045,0.182
GLOBAL,PWRTRNBRBXX,2046,0.182
GLOBAL,PWRTRNBRBXX,2047,0.182
GLOBAL,PWRTRNBRBXX,2048,0.182
GLOBAL,PWRTRNBRBXX,2049,0.182
GLOBAL,PWRTRNBRBXX,2050,0.182
GLOBAL,PWRTRNCHLXX,2023,7.9893
GLOBAL,PWRTRNCHLXX,2024,7.9893
GLOBAL,PWRTRNCHLXX,2025,7.9893
GLOBAL,PWRTRNCHLXX,2026,7.9893
GLOBAL,PWRTRNCHLXX,2027,7.9893
GLOBAL,PWRTRNCHLXX,2028,7.9893
GLOBAL,PWRTRNCHLXX,2029,8.0101
GLOBAL,PWRTRNCHLXX,2030,8.2068
GLOBAL,PWRTRNCHLXX,2031,8.3073
GLOBAL,PWRTRNCHLXX,2032,8.3225
GLOBAL,PWRTRNCHLXX,2033,8.5252
GLOBAL,PWRTRNCHLXX,2034,8.5252
GLOBAL,PWRTRNCHLXX,2035,8.5252
GLOBAL,PWRTRNCHLXX,2036,8.5252
GLOBAL,PWRTRNCHLXX,2037,8.5252
GLOBAL,PWRTRNCHLXX,2038,8.5252
GLOBAL,PWRTRNCHLXX,2039,8.5252
GLOBAL,PWRTRNCHLXX,2040,8.5252
GLOBAL,PWRTRNCHLXX,2041,8.5252
GLOBAL,PWRTRNCHLXX,2042,8.5252
GLOBAL,PWRTRNCHLXX,2043,8.5252
GLOBAL,PWRTRNCHLXX,2044,8.5252
GLOBAL,PWRTRNCHLXX,2045,8.5252
GLOBAL,PWRTRNCHLXX,2046,8.5252
GLOBAL,PWRTRNCHLXX,2047,8.5252
GLOBAL,PWRTRNCHLXX,2048,8.5252
GLOBAL,PWRTRNCHLXX,2049,8.5252
GLOBAL,PWRTRNCHLXX,2050,8.5252
GLOBAL,PWRTRNCOLXX,2023,7.2181
GLOBAL,PWRTRNCOLXX,2024,7.2181
GLOBAL,PWRTRNCOLXX,2025,7.5394
GLOBAL,PWRTRNCOLXX,2026,8.5882
GLOBAL,PWRTRNCOLXX,2027,8.9144
GLOBAL,PWRTRNCOLXX,2028,9.0148
GLOBAL,PWRTRNCOLXX,2029,9.0582
GLOBAL,PWRTRNCOLXX,2030,9.1118
GLOBAL,PWRTRNCOLXX,2031,9.1118
GLOBAL,PWRTRNCOLXX,2032,9.3807
GLOBAL,PWRTRNCOLXX,2033,9.3807
GLOBAL,PWRTRNCOLXX,2034,9.3807
GLOBAL,PWRTRNCOLXX,2035,9.3807
GLOBAL,PWRTRNCOLXX,2036,9.3807
GLOBAL,PWRTRNCOLXX,2037,9.4866
GLOBAL,PWRTRNCOLXX,2038,9.4866
GLOBAL,PWRTRNCOLXX,2039,9.4866
GLOBAL,PWRTRNCOLXX,2040,9.4866
GLOBAL,PWRTRNCOLXX,2041,9.4866
GLOBAL,PWRTRNCOLXX,2042,9.4866
GLOBAL,PWRTRNCOLXX,2043,9.4866
GLOBAL,PWRTRNCOLXX,2044,9.4866
GLOBAL,PWRTRNCOLXX,2045,9.4866
GLOBAL,PWRTRNCOLXX,2046,9.4866
GLOBAL,PWRTRNCOLXX,2047,9.4866
GLOBAL,PWRTRNCOLXX,2048,9.4866
GLOBAL,PWRTRNCOLXX,2049,9.4866
GLOBAL,PWRTRNCOLXX,2050,9.4866
GLOBAL,PWRTRNCRIXX,2023,0.3258
GLOBAL,PWRTRNCRIXX,2024,0.3258
GLOBAL,PWRTRNCRIXX,2025,0.3258
GLOBAL,PWRTRNCRIXX,2026,0.3258
GLOBAL,PWRTRNCRIXX,2027,0.3632
GLOBAL,PWRTRNCRIXX,2028,0.3952
GLOBAL,PWRTRNCRIXX,2029,0.4454
GLOBAL,PWRTRNCRIXX,2030,0.4963
GLOBAL,PWRTRNCRIXX,2031,0.539
GLOBAL,PWRTRNCRIXX,2032,0.539
GLOBAL,PWRTRNCRIXX,2033,0.6088
GLOBAL,PWRTRNCRIXX,2034,0.6088
GLOBAL,PWRTRNCRIXX,2035,0.6088
GLOBAL,PWRTRNCRIXX,2036,0.6088
GLOBAL,PWRTRNCRIXX,2037,0.6088
GLOBAL,PWRTRNCRIXX,2038,0.6088
GLOBAL,PWRTRNCRIXX,2039,0.6088
GLOBAL,PWRTRNCRIXX,2040,0.6088
GLOBAL,PWRTRNCRIXX,2041,0.6088
GLOBAL,PWRTRNCRIXX,2042,0.6088
GLOBAL,PWRTRNCRIXX,2043,0.6088
GLOBAL,PWRTRNCRIXX,2044,0.6088
GLOBAL,PWRTRNCRIXX,2045,0.6088
GLOBAL,PWRTRNCRIXX,2046,0.6088
GLOBAL,PWRTRNCRIXX,2047,0.6088
GLOBAL,PWRTRNCRIXX,2048,0.6088
GLOBAL,PWRTRNCRIXX,2049,0.6088
GLOBAL,PWRTRNCRIXX,2050,0.6088
GLOBAL,PWRTRNDOMXX,2023,3.9849
GLOBAL,PWRTRNDOMXX,2024,3.9849
GLOBAL,PWRTRNDOMXX,2025,10.0865
GLOBAL,PWRTRNDOMXX,2026,15.8542
GLOBAL,PWRTRNDOMXX,2027,16.4732
GLOBAL,PWRTRNDOMXX,2028,16.4732
GLOBAL,PWRTRNDOMXX,2029,16.4732
GLOBAL,PWRTRNDOMXX,2030,16.4732
GLOBAL,PWRTRNDOMXX,2031,16.4732
GLOBAL,PWRTRNDOMXX,2032,16.4732
GLOBAL,PWRTRNDOMXX,2033,16.4732
GLOBAL,PWRTRNDOMXX,2034,16.4732
GLOBAL,PWRTRNDOMXX,2035,16.4732
GLOBAL,PWRTRNDOMXX,2036,16.4732
GLOBAL,PWRTRNDOMXX,2037,16.4732
GLOBAL,PWRTRNDOMXX,2038,16.4732
GLOBAL,PWRTRNDOMXX,2039,16.4732
GLOBAL,PWRTRNDOMXX,2040,16.4732
GLOBAL,PWRTRNDOMXX,2041,16.4732
GLOBAL,PWRTRNDOMXX,2042,16.4732
GLOBAL,PWRTRNDOMXX,2043,16.4732
GLOBAL,PWRTRNDOMXX,2044,16.4732
GLOBAL,PWRTRNDOMXX,2045,16.4732
GLOBAL,PWRTRNDOMXX,2046,16.4732
GLOBAL,PWRTRNDOMXX,2047,16.4732
GLOBAL,PWRTRNDOMXX,2048,16.4732
GLOBAL,PWRTRNDOMXX,2049,16.4732
GLOBAL,PWRTRNDOMXX,2050,16.4732
GLOBAL,PWRTRNECUXX,2023,2.0771
GLOBAL,PWRTRNECUXX,2024,2.0771
GLOBAL,PWRTRNECUXX,2025,5.6978
GLOBAL,PWRTRNECUXX,2026,6.0672
GLOBAL,PWRTRNECUXX,2027,7.3249
GLOBAL,PWRTRNECUXX,2028,7.6277
GLOBAL,PWRTRNECUXX,2029,7.7678
GLOBAL,PWRTRNECUXX,2030,7.9816
GLOBAL,PWRTRNECUXX,2031,8.0844
GLOBAL,PWRTRNECUXX,2032,8.0844
GLOBAL,PWRTRNECUXX,2033,8.0844
GLOBAL,PWRTRNECUXX,2034,8.0844
GLOBAL,PWRTRNECUXX,2035,8.0844
GLOBAL,PWRTRNECUXX,2036,8.0844
GLOBAL,PWRTRNECUXX,2037,8.0844
GLOBAL,PWRTRNECUXX,2038,8.0844
GLOBAL,PWRTRNECUXX,2039,8.0844
GLOBAL,PWRTRNECUXX,2040,8.0844
GLOBAL,PWRTRNECUXX,2041,8.0844
GLOBAL,PWRTRNECUXX,2042,8.0844
GLOBAL,PWRTRNECUXX,2043,8.0844
GLOBAL,PWRTRNECUXX,2044,8.0844
GLOBAL,PWRTRNECUXX,2045,8.0844
GLOBAL,PWRTRNECUXX,2046,8.0844
GLOBAL,PWRTRNECUXX,2047,8.0844
GLOBAL,PWRTRNECUXX,2048,8.0844
GLOBAL,PWRTRNECUXX,2049,8.0844
GLOBAL,PWRTRNECUXX,2050,8.0844
GLOBAL,PWRTRNGTMXX,2023,1.3583
GLOBAL,PWRTRNGTMXX,2024,1.3583
GLOBAL,PWRTRNGTMXX,2025,1.3583
GLOBAL,PWRTRNGTMXX,2026,1.3583
GLOBAL,PWRTRNGTMXX,2027,1.3583
GLOBAL,PWRTRNGTMXX,2028,1.3583
GLOBAL,PWRTRNGTMXX,2029,1.3583
GLOBAL,PWRTRNGTMXX,2030,1.3583
GLOBAL,PWRTRNGTMXX,2031,1.3583
GLOBAL,PWRTRNGTMXX,2032,1.3583
GLOBAL,PWRTRNGTMXX,2033,1.3583
GLOBAL,PWRTRNGTMXX,2034,1.3583
GLOBAL,PWRTRNGTMXX,2035,1.3583
GLOBAL,PWRTRNGTMXX,2036,1.3583
GLOBAL,PWRTRNGTMXX,2037,1.3583
GLOBAL,PWRTRNGTMXX,2038,1.3583
GLOBAL,PWRTRNGTMXX,2039,1.3583
GLOBAL,PWRTRNGTMXX,2040,1.3583
GLOBAL,PWRTRNGTMXX,2041,1.3583
GLOBAL,PWRTRNGTMXX,2042,1.3583
GLOBAL,PWRTRNGTMXX,2043,1.3583
GLOBAL,PWRTRNGTMXX,2044,1.3583
GLOBAL,PWRTRNGTMXX,2045,1.3583
GLOBAL,PWRTRNGTMXX,2046,1.3583
GLOBAL,PWRTRNGTMXX,2047,1.3583
GLOBAL,PWRTRNGTMXX,2048,1.3583
GLOBAL,PWRTRNGTMXX,2049,1.3583
GLOBAL,PWRTRNGTMXX,2050,1.3583
GLOBAL,PWRTRNHNDXX,2023,1.6113
GLOBAL,PWRTRNHNDXX,2024,1.6113
GLOBAL,PWRTRNHNDXX,2025,1.6777
GLOBAL,PWRTRNHNDXX,2026,1.8726
GLOBAL,PWRTRNHNDXX,2027,2.5285
GLOBAL,PWRTRNHNDXX,2028,2.7544
GLOBAL,PWRTRNHNDXX,2029,3.0772
GLOBAL,PWRTRNHNDXX,2030,3.5288
GLOBAL,PWRTRNHNDXX,2031,3.7072
GLOBAL,PWRTRNHNDXX,2032,3.7072
GLOBAL,PWRTRNHNDXX,2033,3.7072
GLOBAL,PWRTRNHNDXX,2034,3.7072
GLOBAL,PWRTRNHNDXX,2035,3.7072
GLOBAL,PWRTRNHNDXX,2036,3.7072
GLOBAL,PWRTRNHNDXX,2037,3.7072
GLOBAL,PWRTRNHNDXX,2038,3.7072
GLOBAL,PWRTRNHNDXX,2039,3.7072
GLOBAL,PWRTRNHNDXX,2040,3.7072
GLOBAL,PWRTRNHNDXX,2041,3.7072
GLOBAL,PWRTRNHNDXX,2042,3.7072
GLOBAL,PWRTRNHNDXX,2043,3.7072
GLOBAL,PWRTRNHNDXX,2044,3.7072
GLOBAL,PWRTRNHNDXX,2045,3.7072
GLOBAL,PWRTRNHNDXX,2046,3.7072
GLOBAL,PWRTRNHNDXX,2047,3.7072
GLOBAL,PWRTRNHNDXX,2048,3.7072
GLOBAL,PWRTRNHNDXX,2049,3.7072
GLOBAL,PWRTRNHNDXX,2050,3.7072
GLOBAL,PWRTRNHTIXX,2023,0.6908
GLOBAL,PWRTRNHTIXX,2024,0.6908
GLOBAL,PWRTRNHTIXX,2025,0.6908
GLOBAL,PWRTRNHTIXX,2026,0.6908
GLOBAL,PWRTRNHTIXX,2027,0.6908
GLOBAL,PWRTRNHTIXX,2028,0.6908
GLOBAL,PWRTRNHTIXX,2029,0.6908
GLOBAL,PWRTRNHTIXX,2030,0.6908
GLOBAL,PWRTRNHTIXX,2031,0.6908
GLOBAL,PWRTRNHTIXX,2032,0.6908
GLOBAL,PWRTRNHTIXX,2033,0.6908
GLOBAL,PWRTRNHTIXX,2034,0.6908
GLOBAL,PWRTRNHTIXX,2035,0.6908
GLOBAL,PWRTRNHTIXX,2036,0.6908
GLOBAL,PWRTRNHTIXX,2037,0.6908
GLOBAL,PWRTRNHTIXX,2038,0.6908
GLOBAL,PWRTRNHTIXX,2039,0.6908
GLOBAL,PWRTRNHTIXX,2040,0.6908
GLOBAL,PWRTRNHTIXX,2041,0.6908
GLOBAL,PWRTRNHTIXX,2042,0.6908
GLOBAL,PWRTRNHTIXX,2043,0.6908
GLOBAL,PWRTRNHTIXX,2044,0.6908
GLOBAL,PWRTRNHTIXX,2045,0.6908
GLOBAL,PWRTRNHTIXX,2046,0.6908
GLOBAL,PWRTRNHTIXX,2047,0.6908
GLOBAL,PWRTRNHTIXX,2048,0.6908
GLOBAL,PWRTRNHTIXX,2049,0.6908
GLOBAL,PWRTRNHTIXX,2050,0.6908
GLOBAL,PWRTRNMEXXX,2023,53.1734
GLOBAL,PWRTRNMEXXX,2024,53.1734
GLOBAL,PWRTRNMEXXX,2025,53.1734
GLOBAL,PWRTRNMEXXX,2026,53.1734
GLOBAL,PWRTRNMEXXX,2027,53.1734
GLOBAL,PWRTRNMEXXX,2028,53.1734
GLOBAL,PWRTRNMEXXX,2029,53.1734
GLOBAL,PWRTRNMEXXX,2030,53.8476
GLOBAL,PWRTRNMEXXX,2031,55.0694
GLOBAL,PWRTRNMEXXX,2032,55.0694
GLOBAL,PWRTRNMEXXX,2033,55.0694
GLOBAL,PWRTRNMEXXX,2034,55.0694
GLOBAL,PWRTRNMEXXX,2035,55.0694
GLOBAL,PWRTRNMEXXX,2036,55.0694
GLOBAL,PWRTRNMEXXX,2037,55.0694
GLOBAL,PWRTRNMEXXX,2038,55.0694
GLOBAL,PWRTRNMEXXX,2039,55.0694
GLOBAL,PWRTRNMEXXX,2040,55.0694
GLOBAL,PWRTRNMEXXX,2041,55.0694
GLOBAL,PWRTRNMEXXX,2042,55.0694
GLOBAL,PWRTRNMEXXX,2043,55.0694
GLOBAL,PWRTRNMEXXX,2044,55.0694
GLOBAL,PWRTRNMEXXX,2045,55.0694
GLOBAL,PWRTRNMEXXX,2046,55.0694
GLOBAL,PWRTRNMEXXX,2047,55.0694
GLOBAL,PWRTRNMEXXX,2048,55.0694
GLOBAL,PWRTRNMEXXX,2049,55.0694
GLOBAL,PWRTRNMEXXX,2050,55.0694
GLOBAL,PWRTRNNICXX,2023,0.5917
GLOBAL,PWRTRNNICXX,2024,0.5917
GLOBAL,PWRTRNNICXX,2025,0.677
GLOBAL,PWRTRNNICXX,2026,0.824
GLOBAL,PWRTRNNICXX,2027,0.824
GLOBAL,PWRTRNNICXX,2028,0.824
GLOBAL,PWRTRNNICXX,2029,0.9207
GLOBAL,PWRTRNNICXX,2030,0.9515
GLOBAL,PWRTRNNICXX,2031,0.9829
GLOBAL,PWRTRNNICXX,2032,1.0072
GLOBAL,PWRTRNNICXX,2033,1.0072
GLOBAL,PWRTRNNICXX,2034,1.0072
GLOBAL,PWRTRNNICXX,2035,1.0072
GLOBAL,PWRTRNNICXX,2036,1.0072
GLOBAL,PWRTRNNICXX,2037,1.0072
GLOBAL,PWRTRNNICXX,2038,1.0072
GLOBAL,PWRTRNNICXX,2039,1.0072
GLOBAL,PWRTRNNICXX,2040,1.0072
GLOBAL,PWRTRNNICXX,2041,1.0072
GLOBAL,PWRTRNNICXX,2042,1.0072
GLOBAL,PWRTRNNICXX,2043,1.0072
GLOBAL,PWRTRNNICXX,2044,1.0072
GLOBAL,PWRTRNNICXX,2045,1.0072
GLOBAL,PWRTRNNICXX,2046,1.0072
GLOBAL,PWRTRNNICXX,2047,1.0072
GLOBAL,PWRTRNNICXX,2048,1.0072
GLOBAL,PWRTRNNICXX,2049,1.0072
GLOBAL,PWRTRNNICXX,2050,1.0072
GLOBAL,PWRTRNPANXX,2023,1.6075
GLOBAL,PWRTRNPANXX,2024,1.6075
GLOBAL,PWRTRNPANXX,2025,1.6075
GLOBAL,PWRTRNPANXX,2026,1.6075
GLOBAL,PWRTRNPANXX,2027,1.6075
GLOBAL,PWRTRNPANXX,2028,1.6075
GLOBAL,PWRTRNPANXX,2029,1.6075
GLOBAL,PWRTRNPANXX,2030,1.6075
GLOBAL,PWRTRNPANXX,2031,1.6075
GLOBAL,PWRTRNPANXX,2032,1.6075
GLOBAL,PWRTRNPANXX,2033,1.6075
GLOBAL,PWRTRNPANXX,2034,1.6075
GLOBAL,PWRTRNPANXX,2035,1.6075
GLOBAL,PWRTRNPANXX,2036,1.6075
GLOBAL,PWRTRNPANXX,2037,1.6075
GLOBAL,PWRTRNPANXX,2038,1.6075
GLOBAL,PWRTRNPANXX,2039,1.6075
GLOBAL,PWRTRNPANXX,2040,1.6075
GLOBAL,PWRTRNPANXX,2041,1.6075
GLOBAL,PWRTRNPANXX,2042,1.6075
GLOBAL,PWRTRNPANXX,2043,1.6075
GLOBAL,PWRTRNPANXX,2044,1.6075
GLOBAL,PWRTRNPANXX,2045,1.6075
GLOBAL,PWRTRNPANXX,2046,1.6075
GLOBAL,PWRTRNPANXX,2047,1.6075
GLOBAL,PWRTRNPANXX,2048,1.6075
GLOBAL,PWRTRNPANXX,2049,1.6075
GLOBAL,PWRTRNPANXX,2050,1.6075
GLOBAL,PWRTRNPERXX,2023,4.4654
GLOBAL,PWRTRNPERXX,2024,4.4654
GLOBAL,PWRTRNPERXX,2025,4.4654
GLOBAL,PWRTRNPERXX,2026,4.4654
GLOBAL,PWRTRNPERXX,2027,4.4654
GLOBAL,PWRTRNPERXX,2028,4.6832
GLOBAL,PWRTRNPERXX,2029,5.0351
GLOBAL,PWRTRNPERXX,2030,7.7983
GLOBAL,PWRTRNPERXX,2031,7.7983
GLOBAL,PWRTRNPERXX,2032,7.7983
GLOBAL,PWRTRNPERXX,2033,7.7983
GLOBAL,PWRTRNPERXX,2034,7.7983
GLOBAL,PWRTRNPERXX,2035,7.7983
GLOBAL,PWRTRNPERXX,2036,7.7983
GLOBAL,PWRTRNPERXX,2037,7.7983
GLOBAL,PWRTRNPERXX,2038,7.7983
GLOBAL,PWRTRNPERXX,2039,7.7983
GLOBAL,PWRTRNPERXX,2040,7.7983
GLOBAL,PWRTRNPERXX,2041,7.7983
GLOBAL,PWRTRNPERXX,2042,7.7983
GLOBAL,PWRTRNPERXX,2043,7.7983
GLOBAL,PWRTRNPERXX,2044,7.7983
GLOBAL,PWRTRNPERXX,2045,7.7983
GLOBAL,PWRTRNPERXX,2046,7.7983
GLOBAL,PWRTRNPERXX,2047,7.7983
GLOBAL,PWRTRNPERXX,2048,7.7983
GLOBAL,PWRTRNPERXX,2049,7.7983
GLOBAL,PWRTRNPERXX,2050,7.7983
GLOBAL,PWRTRNPRYXX,2023,0.0004
GLOBAL,PWRTRNPRYXX,2024,0.0004
GLOBAL,PWRTRNPRYXX,2025,0.0004
GLOBAL,PWRTRNPRYXX,2026,0.0004
GLOBAL,PWRTRNPRYXX,2027,0.0004
GLOBAL,PWRTRNPRYXX,2028,0.0004
GLOBAL,PWRTRNPRYXX,2029,0.0004
GLOBAL,PWRTRNPRYXX,2030,0.0004
GLOBAL,PWRTRNPRYXX,2031,0.0004
GLOBAL,PWRTRNPRYXX,2032,0.0004
GLOBAL,PWRTRNPRYXX,2033,0.0004
GLOBAL,PWRTRNPRYXX,2034,0.0004
GLOBAL,PWRTRNPRYXX,2035,0.0004
GLOBAL,PWRTRNPRYXX,2036,0.0004
GLOBAL,PWRTRNPRYXX,2037,0.0004
GLOBAL,PWRTRNPRYXX,2038,0.0004
GLOBAL,PWRTRNPRYXX,2039,0.0004
GLOBAL,PWRTRNPRYXX,2040,0.0004
GLOBAL,PWRTRNPRYXX,2041,0.0004
GLOBAL,PWRTRNPRYXX,2042,0.0004
GLOBAL,PWRTRNPRYXX,2043,0.0004
GLOBAL,PWRTRNPRYXX,2044,0.0004
GLOBAL,PWRTRNPRYXX,2045,0.0004
GLOBAL,PWRTRNPRYXX,2046,0.0004
GLOBAL,PWRTRNPRYXX,2047,0.0004
GLOBAL,PWRTRNPRYXX,2048,0.0004
GLOBAL,PWRTRNPRYXX,2049,0.0004
GLOBAL,PWRTRNPRYXX,2050,0.0004
GLOBAL,PWRTRNSLVXX,2023,0.5942
GLOBAL,PWRTRNSLVXX,2024,0.5942
GLOBAL,PWRTRNSLVXX,2025,0.5942
GLOBAL,PWRTRNSLVXX,2026,0.6331
GLOBAL,PWRTRNSLVXX,2027,0.6331
GLOBAL,PWRTRNSLVXX,2028,0.6331
GLOBAL,PWRTRNSLVXX,2029,0.6331
GLOBAL,PWRTRNSLVXX,2030,0.6331
GLOBAL,PWRTRNSLVXX,2031,0.6331
GLOBAL,PWRTRNSLVXX,2032,0.6331
GLOBAL,PWRTRNSLVXX,2033,0.6331
GLOBAL,PWRTRNSLVXX,2034,0.6331
GLOBAL,PWRTRNSLVXX,2035,0.6331
GLOBAL,PWRTRNSLVXX,2036,0.6331
GLOBAL,PWRTRNSLVXX,2037,0.6331
GLOBAL,PWRTRNSLVXX,2038,0.6331
GLOBAL,PWRTRNSLVXX,2039,0.6331
GLOBAL,PWRTRNSLVXX,2040,0.6331
GLOBAL,PWRTRNSLVXX,2041,0.6331
GLOBAL,PWRTRNSLVXX,2042,0.6331
GLOBAL,PWRTRNSLVXX,2043,0.6331
GLOBAL,PWRTRNSLVXX,2044,0.6331
GLOBAL,PWRTRNSLVXX,2045,0.6331
GLOBAL,PWRTRNSLVXX,2046,0.6331
GLOBAL,PWRTRNSLVXX,2047,0.6331
GLOBAL,PWRTRNSLVXX,2048,0.6331
GLOBAL,PWRTRNSLVXX,2049,0.6331
GLOBAL,PWRTRNSLVXX,2050,0.6331
GLOBAL,PWRTRNURYXX,2023,0.7751
GLOBAL,PWRTRNURYXX,2024,0.7751
GLOBAL,PWRTRNURYXX,2025,0.7751
GLOBAL,PWRTRNURYXX,2026,0.7751
GLOBAL,PWRTRNURYXX,2027,0.7751
GLOBAL,PWRTRNURYXX,2028,0.7751
GLOBAL,PWRTRNURYXX,2029,0.7751
GLOBAL,PWRTRNURYXX,2030,0.7751
GLOBAL,PWRTRNURYXX,2031,0.7751
GLOBAL,PWRTRNURYXX,2032,0.7751
GLOBAL,PWRTRNURYXX,2033,0.7751
GLOBAL,PWRTRNURYXX,2034,0.7751
GLOBAL,PWRTRNURYXX,2035,0.7751
GLOBAL,PWRTRNURYXX,2036,0.7751
GLOBAL,PWRTRNURYXX,2037,0.7751
GLOBAL,PWRTRNURYXX,2038,0.7751
GLOBAL,PWRTRNURYXX,2039,0.7751
GLOBAL,PWRTRNURYXX,2040,0.7751
GLOBAL,PWRTRNURYXX,2041,0.7751
GLOBAL,PWRTRNURYXX,2042,0.7751
GLOBAL,PWRTRNURYXX,2043,0.7751
GLOBAL,PWRTRNURYXX,2044,0.7751
GLOBAL,PWRTRNURYXX,2045,0.7751
GLOBAL,PWRTRNURYXX,2046,0.7751
GLOBAL,PWRTRNURYXX,2047,0.7751
GLOBAL,PWRTRNURYXX,2048,0.7751
GLOBAL,PWRTRNURYXX,2049,0.7751
GLOBAL,PWRTRNURYXX,2050,0.7751
GLOBAL,RNWNLIARGXX,2023,0
GLOBAL,RNWNLIARGXX,2024,0
GLOBAL,RNWNLIARGXX,2025,0
GLOBAL,RNWNLIARGXX,2026,0
GLOBAL,RNWNLIARGXX,2027,0
GLOBAL,RNWNLIARGXX,2028,0
GLOBAL,RNWNLIARGXX,2029,0
GLOBAL,RNWNLIBOLXX,2023,0
GLOBAL,RNWNLIBOLXX,2024,0
GLOBAL,RNWNLIBOLXX,2025,0
GLOBAL,RNWNLIBOLXX,2026,0
GLOBAL,RNWNLIBOLXX,2027,0
GLOBAL,RNWNLIBOLXX,2028,0
GLOBAL,RNWNLIBOLXX,2029,0
GLOBAL,RNWNLIBRAXX,2023,0
GLOBAL,RNWNLIBRAXX,2024,0
GLOBAL,RNWNLIBRAXX,2025,0
GLOBAL,RNWNLIBRAXX,2026,0
GLOBAL,RNWNLIBRAXX,2027,0
GLOBAL,RNWNLIBRAXX,2028,0
GLOBAL,RNWNLIBRAXX,2029,0
GLOBAL,RNWNLIBRBXX,2023,0
GLOBAL,RNWNLIBRBXX,2024,0
GLOBAL,RNWNLIBRBXX,2025,0
GLOBAL,RNWNLIBRBXX,2026,0
GLOBAL,RNWNLIBRBXX,2027,0
GLOBAL,RNWNLIBRBXX,2028,0
GLOBAL,RNWNLIBRBXX,2029,0
GLOBAL,RNWNLICHLXX,2023,0
GLOBAL,RNWNLICHLXX,2024,0
GLOBAL,RNWNLICHLXX,2025,0
GLOBAL,RNWNLICHLXX,2026,0
GLOBAL,RNWNLICHLXX,2027,0
GLOBAL,RNWNLICHLXX,2028,0
GLOBAL,RNWNLICHLXX,2029,0
GLOBAL,RNWNLICOLXX,2023,0
GLOBAL,RNWNLICOLXX,2024,0
GLOBAL,RNWNLICOLXX,2025,0
GLOBAL,RNWNLICOLXX,2026,0
GLOBAL,RNWNLICOLXX,2027,0
GLOBAL,RNWNLICOLXX,2028,0
GLOBAL,RNWNLICOLXX,2029,0
GLOBAL,RNWNLICRIXX,2023,0
GLOBAL,RNWNLICRIXX,2024,0
GLOBAL,RNWNLICRIXX,2025,0
GLOBAL,RNWNLICRIXX,2026,0
GLOBAL,RNWNLICRIXX,2027,0
GLOBAL,RNWNLICRIXX,2028,0
GLOBAL,RNWNLICRIXX,2029,0
GLOBAL,RNWNLIDOMXX,2023,0
GLOBAL,RNWNLIDOMXX,2024,0
GLOBAL,RNWNLIDOMXX,2025,0
GLOBAL,RNWNLIDOMXX,2026,0
GLOBAL,RNWNLIDOMXX,2027,0
GLOBAL,RNWNLIDOMXX,2028,0
GLOBAL,RNWNLIDOMXX,2029,0
GLOBAL,RNWNLIECUXX,2023,0
GLOBAL,RNWNLIECUXX,2024,0
GLOBAL,RNWNLIECUXX,2025,0
GLOBAL,RNWNLIECUXX,2026,0
GLOBAL,RNWNLIECUXX,2027,0
GLOBAL,RNWNLIECUXX,2028,0
GLOBAL,RNWNLIECUXX,2029,0
GLOBAL,RNWNLIGTMXX,2023,0
GLOBAL,RNWNLIGTMXX,2024,0
GLOBAL,RNWNLIGTMXX,2025,0
GLOBAL,RNWNLIGTMXX,2026,0
GLOBAL,RNWNLIGTMXX,2027,0
GLOBAL,RNWNLIGTMXX,2028,0
GLOBAL,RNWNLIGTMXX,2029,0
GLOBAL,RNWNLIHNDXX,2023,0
GLOBAL,RNWNLIHNDXX,2024,0
GLOBAL,RNWNLIHNDXX,2025,0
GLOBAL,RNWNLIHNDXX,2026,0
GLOBAL,RNWNLIHNDXX,2027,0
GLOBAL,RNWNLIHNDXX,2028,0
GLOBAL,RNWNLIHNDXX,2029,0
GLOBAL,RNWNLIHTIXX,2023,0
GLOBAL,RNWNLIHTIXX,2024,0
GLOBAL,RNWNLIHTIXX,2025,0
GLOBAL,RNWNLIHTIXX,2026,0
GLOBAL,RNWNLIHTIXX,2027,0
GLOBAL,RNWNLIHTIXX,2028,0
GLOBAL,RNWNLIHTIXX,2029,0
GLOBAL,RNWNLIMEXXX,2023,0
GLOBAL,RNWNLIMEXXX,2024,0
GLOBAL,RNWNLIMEXXX,2025,0
GLOBAL,RNWNLIMEXXX,2026,0
GLOBAL,RNWNLIMEXXX,2027,0
GLOBAL,RNWNLIMEXXX,2028,0
GLOBAL,RNWNLIMEXXX,2029,0
GLOBAL,RNWNLINICXX,2023,0
GLOBAL,RNWNLINICXX,2024,0
GLOBAL,RNWNLINICXX,2025,0
GLOBAL,RNWNLINICXX,2026,0
GLOBAL,RNWNLINICXX,2027,0
GLOBAL,RNWNLINICXX,2028,0
GLOBAL,RNWNLINICXX,2029,0
GLOBAL,RNWNLIPANXX,2023,0
GLOBAL,RNWNLIPANXX,2024,0
GLOBAL,RNWNLIPANXX,2025,0
GLOBAL,RNWNLIPANXX,2026,0
GLOBAL,RNWNLIPANXX,2027,0
GLOBAL,RNWNLIPANXX,2028,0
GLOBAL,RNWNLIPANXX,2029,0
GLOBAL,RNWNLIPERXX,2023,0
GLOBAL,RNWNLIPERXX,2024,0
GLOBAL,RNWNLIPERXX,2025,0
GLOBAL,RNWNLIPERXX,2026,0
GLOBAL,RNWNLIPERXX,2027,0
GLOBAL,RNWNLIPERXX,2028,0
GLOBAL,RNWNLIPERXX,2029,0
GLOBAL,RNWNLIPRYXX,2023,0
GLOBAL,RNWNLIPRYXX,2024,0
GLOBAL,RNWNLIPRYXX,2025,0
GLOBAL,RNWNLIPRYXX,2026,0
GLOBAL,RNWNLIPRYXX,2027,0
GLOBAL,RNWNLIPRYXX,2028,0
GLOBAL,RNWNLIPRYXX,2029,0
GLOBAL,RNWNLISLVXX,2023,0
GLOBAL,RNWNLISLVXX,2024,0
GLOBAL,RNWNLISLVXX,2025,0
GLOBAL,RNWNLISLVXX,2026,0
GLOBAL,RNWNLISLVXX,2027,0
GLOBAL,RNWNLISLVXX,2028,0
GLOBAL,RNWNLISLVXX,2029,0
GLOBAL,RNWNLIURYXX,2023,0
GLOBAL,RNWNLIURYXX,2024,0
GLOBAL,RNWNLIURYXX,2025,0
GLOBAL,RNWNLIURYXX,2026,0
GLOBAL,RNWNLIURYXX,2027,0
GLOBAL,RNWNLIURYXX,2028,0
GLOBAL,RNWNLIURYXX,2029,0
GLOBAL,RNWRPOARGXX,2023,0
GLOBAL,RNWRPOARGXX,2024,0
GLOBAL,RNWRPOARGXX,2025,0
GLOBAL,RNWRPOARGXX,2026,0
GLOBAL,RNWRPOARGXX,2027,0
GLOBAL,RNWRPOARGXX,2028,4.6083
GLOBAL,RNWRPOARGXX,2029,4.6083
GLOBAL,RNWRPOARGXX,2030,4.6083
GLOBAL,RNWRPOARGXX,2031,4.6083
GLOBAL,RNWRPOARGXX,2032,4.6083
GLOBAL,RNWRPOARGXX,2033,4.6083
GLOBAL,RNWRPOARGXX,2034,4.6083
GLOBAL,RNWRPOARGXX,2035,4.6083
GLOBAL,RNWRPOARGXX,2036,4.6083
GLOBAL,RNWRPOARGXX,2037,4.6083
GLOBAL,RNWRPOARGXX,2038,4.6083
GLOBAL,RNWRPOARGXX,2039,4.6083
GLOBAL,RNWRPOARGXX,2040,4.6083
GLOBAL,RNWRPOARGXX,2041,4.6083
GLOBAL,RNWRPOARGXX,2042,4.6083
GLOBAL,RNWRPOARGXX,2043,4.6083
GLOBAL,RNWRPOARGXX,2044,4.6083
GLOBAL,RNWRPOARGXX,2045,4.6083
GLOBAL,RNWRPOARGXX,2046,4.6083
GLOBAL,RNWRPOARGXX,2047,4.6083
GLOBAL,RNWRPOARGXX,2048,4.6083
GLOBAL,RNWRPOARGXX,2049,4.6083
GLOBAL,RNWRPOARGXX,2050,4.6083
GLOBAL,RNWRPOBOLXX,2023,0
GLOBAL,RNWRPOBOLXX,2024,0
GLOBAL,RNWRPOBOLXX,2025,0
GLOBAL,RNWRPOBOLXX,2026,0
GLOBAL,RNWRPOBOLXX,2027,0
GLOBAL,RNWRPOBOLXX,2028,0.4287
GLOBAL,RNWRPOBOLXX,2029,0.4287
GLOBAL,RNWRPOBOLXX,2030,0.4287
GLOBAL,RNWRPOBOLXX,2031,0.4287
GLOBAL,RNWRPOBOLXX,2032,0.4287
GLOBAL,RNWRPOBOLXX,2033,0.4287
GLOBAL,RNWRPOBOLXX,2034,0.4287
GLOBAL,RNWRPOBOLXX,2035,0.4287
GLOBAL,RNWRPOBOLXX,2036,0.4287
GLOBAL,RNWRPOBOLXX,2037,0.4287
GLOBAL,RNWRPOBOLXX,2038,0.4287
GLOBAL,RNWRPOBOLXX,2039,0.4287
GLOBAL,RNWRPOBOLXX,2040,0.4287
GLOBAL,RNWRPOBOLXX,2041,0.4287
GLOBAL,RNWRPOBOLXX,2042,0.4287
GLOBAL,RNWRPOBOLXX,2043,0.4287
GLOBAL,RNWRPOBOLXX,2044,0.4287
GLOBAL,RNWRPOBOLXX,2045,0.4287
GLOBAL,RNWRPOBOLXX,2046,0.4287
GLOBAL,RNWRPOBOLXX,2047,0.4287
GLOBAL,RNWRPOBOLXX,2048,0.4287
GLOBAL,RNWRPOBOLXX,2049,0.4287
GLOBAL,RNWRPOBOLXX,2050,0.4287
GLOBAL,RNWRPOBRAXX,2023,0
GLOBAL,RNWRPOBRAXX,2024,0
GLOBAL,RNWRPOBRAXX,2025,0
GLOBAL,RNWRPOBRAXX,2026,0
GLOBAL,RNWRPOBRAXX,2027,0
GLOBAL,RNWRPOBRAXX,2028,42.3923
GLOBAL,RNWRPOBRAXX,2029,42.3923
GLOBAL,RNWRPOBRAXX,2030,42.3923
GLOBAL,RNWRPOBRAXX,2031,42.3923
GLOBAL,RNWRPOBRAXX,2032,42.3923
GLOBAL,RNWRPOBRAXX,2033,42.3923
GLOBAL,RNWRPOBRAXX,2034,42.3923
GLOBAL,RNWRPOBRAXX,2035,42.3923
GLOBAL,RNWRPOBRAXX,2036,42.3923
GLOBAL,RNWRPOBRAXX,2037,42.3923
GLOBAL,RNWRPOBRAXX,2038,42.3923
GLOBAL,RNWRPOBRAXX,2039,42.3923
GLOBAL,RNWRPOBRAXX,2040,42.3923
GLOBAL,RNWRPOBRAXX,2041,42.3923
GLOBAL,RNWRPOBRAXX,2042,42.3923
GLOBAL,RNWRPOBRAXX,2043,42.3923
GLOBAL,RNWRPOBRAXX,2044,42.3923
GLOBAL,RNWRPOBRAXX,2045,42.3923
GLOBAL,RNWRPOBRAXX,2046,42.3923
GLOBAL,RNWRPOBRAXX,2047,42.3923
GLOBAL,RNWRPOBRAXX,2048,42.3923
GLOBAL,RNWRPOBRAXX,2049,42.3923
GLOBAL,RNWRPOBRAXX,2050,42.3923
GLOBAL,RNWRPOBRBXX,2023,0
GLOBAL,RNWRPOBRBXX,2024,0
GLOBAL,RNWRPOBRBXX,2025,0
GLOBAL,RNWRPOBRBXX,2026,0
GLOBAL,RNWRPOBRBXX,2027,0
GLOBAL,RNWRPOBRBXX,2028,0.0103
GLOBAL,RNWRPOBRBXX,2029,0.0103
GLOBAL,RNWRPOBRBXX,2030,0.0103
GLOBAL,RNWRPOBRBXX,2031,0.0103
GLOBAL,RNWRPOBRBXX,2032,0.0103
GLOBAL,RNWRPOBRBXX,2033,0.0103
GLOBAL,RNWRPOBRBXX,2034,0.0103
GLOBAL,RNWRPOBRBXX,2035,0.0103
GLOBAL,RNWRPOBRBXX,2036,0.0103
GLOBAL,RNWRPOBRBXX,2037,0.0103
GLOBAL,RNWRPOBRBXX,2038,0.0103
GLOBAL,RNWRPOBRBXX,2039,0.0103
GLOBAL,RNWRPOBRBXX,2040,0.0103
GLOBAL,RNWRPOBRBXX,2041,0.0103
GLOBAL,RNWRPOBRBXX,2042,0.0103
GLOBAL,RNWRPOBRBXX,2043,0.0103
GLOBAL,RNWRPOBRBXX,2044,0.0103
GLOBAL,RNWRPOBRBXX,2045,0.0103
GLOBAL,RNWRPOBRBXX,2046,0.0103
GLOBAL,RNWRPOBRBXX,2047,0.0103
GLOBAL,RNWRPOBRBXX,2048,0.0103
GLOBAL,RNWRPOBRBXX,2049,0.0103
GLOBAL,RNWRPOBRBXX,2050,0.0103
GLOBAL,RNWRPOCHLXX,2023,0
GLOBAL,RNWRPOCHLXX,2024,0
GLOBAL,RNWRPOCHLXX,2025,0
GLOBAL,RNWRPOCHLXX,2026,0
GLOBAL,RNWRPOCHLXX,2027,0
GLOBAL,RNWRPOCHLXX,2028,6.2177
GLOBAL,RNWRPOCHLXX,2029,6.2177
GLOBAL,RNWRPOCHLXX,2030,6.2177
GLOBAL,RNWRPOCHLXX,2031,6.2177
GLOBAL,RNWRPOCHLXX,2032,6.2177
GLOBAL,RNWRPOCHLXX,2033,6.2177
GLOBAL,RNWRPOCHLXX,2034,6.2177
GLOBAL,RNWRPOCHLXX,2035,6.2177
GLOBAL,RNWRPOCHLXX,2036,6.2177
GLOBAL,RNWRPOCHLXX,2037,6.2177
GLOBAL,RNWRPOCHLXX,2038,6.2177
GLOBAL,RNWRPOCHLXX,2039,6.2177
GLOBAL,RNWRPOCHLXX,2040,6.2177
GLOBAL,RNWRPOCHLXX,2041,6.2177
GLOBAL,RNWRPOCHLXX,2042,6.2177
GLOBAL,RNWRPOCHLXX,2043,6.2177
GLOBAL,RNWRPOCHLXX,2044,6.2177
GLOBAL,RNWRPOCHLXX,2045,6.2177
GLOBAL,RNWRPOCHLXX,2046,6.2177
GLOBAL,RNWRPOCHLXX,2047,6.2177
GLOBAL,RNWRPOCHLXX,2048,6.2177
GLOBAL,RNWRPOCHLXX,2049,6.2177
GLOBAL,RNWRPOCHLXX,2050,6.2177
GLOBAL,RNWRPOCOLXX,2023,0
GLOBAL,RNWRPOCOLXX,2024,0
GLOBAL,RNWRPOCOLXX,2025,0.4998
GLOBAL,RNWRPOCOLXX,2026,0.7519
GLOBAL,RNWRPOCOLXX,2027,0.7233
GLOBAL,RNWRPOCOLXX,2028,6.854
GLOBAL,RNWRPOCOLXX,2029,6.854
GLOBAL,RNWRPOCOLXX,2030,6.854
GLOBAL,RNWRPOCOLXX,2031,6.854
GLOBAL,RNWRPOCOLXX,2032,6.854
GLOBAL,RNWRPOCOLXX,2033,6.854
GLOBAL,RNWRPOCOLXX,2034,6.854
GLOBAL,RNWRPOCOLXX,2035,6.854
GLOBAL,RNWRPOCOLXX,2036,6.854
GLOBAL,RNWRPOCOLXX,2037,6.854
GLOBAL,RNWRPOCOLXX,2038,6.854
GLOBAL,RNWRPOCOLXX,2039,6.854
GLOBAL,RNWRPOCOLXX,2040,6.854
GLOBAL,RNWRPOCOLXX,2041,6.854
GLOBAL,RNWRPOCOLXX,2042,6.854
GLOBAL,RNWRPOCOLXX,2043,6.854
GLOBAL,RNWRPOCOLXX,2044,6.854
GLOBAL,RNWRPOCOLXX,2045,6.854
GLOBAL,RNWRPOCOLXX,2046,6.854
GLOBAL,RNWRPOCOLXX,2047,6.854
GLOBAL,RNWRPOCOLXX,2048,6.854
GLOBAL,RNWRPOCOLXX,2049,6.854
GLOBAL,RNWRPOCOLXX,2050,6.854
GLOBAL,RNWRPOCRIXX,2023,0
GLOBAL,RNWRPOCRIXX,2024,0
GLOBAL,RNWRPOCRIXX,2025,0
GLOBAL,RNWRPOCRIXX,2026,0
GLOBAL,RNWRPOCRIXX,2027,0
GLOBAL,RNWRPOCRIXX,2028,1.5707
GLOBAL,RNWRPOCRIXX,2029,1.5707
GLOBAL,RNWRPOCRIXX,2030,1.5707
GLOBAL,RNWRPOCRIXX,2031,1.5707
GLOBAL,RNWRPOCRIXX,2032,1.5707
GLOBAL,RNWRPOCRIXX,2033,1.5707
GLOBAL,RNWRPOCRIXX,2034,1.5707
GLOBAL,RNWRPOCRIXX,2035,1.5707
GLOBAL,RNWRPOCRIXX,2036,1.5707
GLOBAL,RNWRPOCRIXX,2037,1.5707
GLOBAL,RNWRPOCRIXX,2038,1.5707
GLOBAL,RNWRPOCRIXX,2039,1.5707
GLOBAL,RNWRPOCRIXX,2040,1.5707
GLOBAL,RNWRPOCRIXX,2041,1.5707
GLOBAL,RNWRPOCRIXX,2042,1.5707
GLOBAL,RNWRPOCRIXX,2043,1.5707
GLOBAL,RNWRPOCRIXX,2044,1.5707
GLOBAL,RNWRPOCRIXX,2045,1.5707
GLOBAL,RNWRPOCRIXX,2046,1.5707
GLOBAL,RNWRPOCRIXX,2047,1.5707
GLOBAL,RNWRPOCRIXX,2048,1.5707
GLOBAL,RNWRPOCRIXX,2049,1.5707
GLOBAL,RNWRPOCRIXX,2050,1.5707
GLOBAL,RNWRPODOMXX,2023,0
GLOBAL,RNWRPODOMXX,2024,0
GLOBAL,RNWRPODOMXX,2025,0
GLOBAL,RNWRPODOMXX,2026,0
GLOBAL,RNWRPODOMXX,2027,0
GLOBAL,RNWRPODOMXX,2028,0.4583
GLOBAL,RNWRPODOMXX,2029,0.4583
GLOBAL,RNWRPODOMXX,2030,0.4583
GLOBAL,RNWRPODOMXX,2031,0.4583
GLOBAL,RNWRPODOMXX,2032,0.4583
GLOBAL,RNWRPODOMXX,2033,0.4583
GLOBAL,RNWRPODOMXX,2034,0.4583
GLOBAL,RNWRPODOMXX,2035,0.4583
GLOBAL,RNWRPODOMXX,2036,0.4583
GLOBAL,RNWRPODOMXX,2037,0.4583
GLOBAL,RNWRPODOMXX,2038,0.4583
GLOBAL,RNWRPODOMXX,2039,0.4583
GLOBAL,RNWRPODOMXX,2040,0.4583
GLOBAL,RNWRPODOMXX,2041,0.4583
GLOBAL,RNWRPODOMXX,2042,0.4583
GLOBAL,RNWRPODOMXX,2043,0.4583
GLOBAL,RNWRPODOMXX,2044,0.4583
GLOBAL,RNWRPODOMXX,2045,0.4583
GLOBAL,RNWRPODOMXX,2046,0.4583
GLOBAL,RNWRPODOMXX,2047,0.4583
GLOBAL,RNWRPODOMXX,2048,0.4583
GLOBAL,RNWRPODOMXX,2049,0.4583
GLOBAL,RNWRPODOMXX,2050,0.4583
GLOBAL,RNWRPOECUXX,2023,0
GLOBAL,RNWRPOECUXX,2024,0
GLOBAL,RNWRPOECUXX,2025,0
GLOBAL,RNWRPOECUXX,2026,0
GLOBAL,RNWRPOECUXX,2027,0
GLOBAL,RNWRPOECUXX,2028,3.3231
GLOBAL,RNWRPOECUXX,2029,3.3231
GLOBAL,RNWRPOECUXX,2030,3.3231
GLOBAL,RNWRPOECUXX,2031,3.3231
GLOBAL,RNWRPOECUXX,2032,3.3231
GLOBAL,RNWRPOECUXX,2033,3.3231
GLOBAL,RNWRPOECUXX,2034,3.3231
GLOBAL,RNWRPOECUXX,2035,3.3231
GLOBAL,RNWRPOECUXX,2036,3.3231
GLOBAL,RNWRPOECUXX,2037,3.3231
GLOBAL,RNWRPOECUXX,2038,3.3231
GLOBAL,RNWRPOECUXX,2039,3.3231
GLOBAL,RNWRPOECUXX,2040,3.3231
GLOBAL,RNWRPOECUXX,2041,3.3231
GLOBAL,RNWRPOECUXX,2042,3.3231
GLOBAL,RNWRPOECUXX,2043,3.3231
GLOBAL,RNWRPOECUXX,2044,3.3231
GLOBAL,RNWRPOECUXX,2045,3.3231
GLOBAL,RNWRPOECUXX,2046,3.3231
GLOBAL,RNWRPOECUXX,2047,3.3231
GLOBAL,RNWRPOECUXX,2048,3.3231
GLOBAL,RNWRPOECUXX,2049,3.3231
GLOBAL,RNWRPOECUXX,2050,3.3231
GLOBAL,RNWRPOGTMXX,2023,0
GLOBAL,RNWRPOGTMXX,2024,0
GLOBAL,RNWRPOGTMXX,2025,0
GLOBAL,RNWRPOGTMXX,2026,0
GLOBAL,RNWRPOGTMXX,2027,0
GLOBAL,RNWRPOGTMXX,2028,1.0021
GLOBAL,RNWRPOGTMXX,2029,1.0021
GLOBAL,RNWRPOGTMXX,2030,1.0021
GLOBAL,RNWRPOGTMXX,2031,1.0021
GLOBAL,RNWRPOGTMXX,2032,1.0021
GLOBAL,RNWRPOGTMXX,2033,1.0021
GLOBAL,RNWRPOGTMXX,2034,1.0021
GLOBAL,RNWRPOGTMXX,2035,1.0021
GLOBAL,RNWRPOGTMXX,2036,1.0021
GLOBAL,RNWRPOGTMXX,2037,1.0021
GLOBAL,RNWRPOGTMXX,2038,1.0021
GLOBAL,RNWRPOGTMXX,2039,1.0021
GLOBAL,RNWRPOGTMXX,2040,1.0021
GLOBAL,RNWRPOGTMXX,2041,1.0021
GLOBAL,RNWRPOGTMXX,2042,1.0021
GLOBAL,RNWRPOGTMXX,2043,1.0021
GLOBAL,RNWRPOGTMXX,2044,1.0021
GLOBAL,RNWRPOGTMXX,2045,1.0021
GLOBAL,RNWRPOGTMXX,2046,1.0021
GLOBAL,RNWRPOGTMXX,2047,1.0021
GLOBAL,RNWRPOGTMXX,2048,1.0021
GLOBAL,RNWRPOGTMXX,2049,1.0021
GLOBAL,RNWRPOGTMXX,2050,1.0021
GLOBAL,RNWRPOHNDXX,2023,0
GLOBAL,RNWRPOHNDXX,2024,0
GLOBAL,RNWRPOHNDXX,2025,0
GLOBAL,RNWRPOHNDXX,2026,0
GLOBAL,RNWRPOHNDXX,2027,0
GLOBAL,RNWRPOHNDXX,2028,0.6441
GLOBAL,RNWRPOHNDXX,2029,0.6441
GLOBAL,RNWRPOHNDXX,2030,0.6441
GLOBAL,RNWRPOHNDXX,2031,0.6441
GLOBAL,RNWRPOHNDXX,2032,0.6441
GLOBAL,RNWRPOHNDXX,2033,0.6441
GLOBAL,RNWRPOHNDXX,2034,0.6441
GLOBAL,RNWRPOHNDXX,2035,0.6441
GLOBAL,RNWRPOHNDXX,2036,0.6441
GLOBAL,RNWRPOHNDXX,2037,0.6441
GLOBAL,RNWRPOHNDXX,2038,0.6441
GLOBAL,RNWRPOHNDXX,2039,0.6441
GLOBAL,RNWRPOHNDXX,2040,0.6441
GLOBAL,RNWRPOHNDXX,2041,0.6441
GLOBAL,RNWRPOHNDXX,2042,0.6441
GLOBAL,RNWRPOHNDXX,2043,0.6441
GLOBAL,RNWRPOHNDXX,2044,0.6441
GLOBAL,RNWRPOHNDXX,2045,0.6441
GLOBAL,RNWRPOHNDXX,2046,0.6441
GLOBAL,RNWRPOHNDXX,2047,0.6441
GLOBAL,RNWRPOHNDXX,2048,0.6441
GLOBAL,RNWRPOHNDXX,2049,0.6441
GLOBAL,RNWRPOHNDXX,2050,0.6441
GLOBAL,RNWRPOHTIXX,2023,0
GLOBAL,RNWRPOHTIXX,2024,0
GLOBAL,RNWRPOHTIXX,2025,0
GLOBAL,RNWRPOHTIXX,2026,0
GLOBAL,RNWRPOHTIXX,2027,0
GLOBAL,RNWRPOHTIXX,2028,0.0496
GLOBAL,RNWRPOHTIXX,2029,0.0496
GLOBAL,RNWRPOHTIXX,2030,0.0496
GLOBAL,RNWRPOHTIXX,2031,0.0496
GLOBAL,RNWRPOHTIXX,2032,0.0496
GLOBAL,RNWRPOHTIXX,2033,0.0496
GLOBAL,RNWRPOHTIXX,2034,0.0496
GLOBAL,RNWRPOHTIXX,2035,0.0496
GLOBAL,RNWRPOHTIXX,2036,0.0496
GLOBAL,RNWRPOHTIXX,2037,0.0496
GLOBAL,RNWRPOHTIXX,2038,0.0496
GLOBAL,RNWRPOHTIXX,2039,0.0496
GLOBAL,RNWRPOHTIXX,2040,0.0496
GLOBAL,RNWRPOHTIXX,2041,0.0496
GLOBAL,RNWRPOHTIXX,2042,0.0496
GLOBAL,RNWRPOHTIXX,2043,0.0496
GLOBAL,RNWRPOHTIXX,2044,0.0496
GLOBAL,RNWRPOHTIXX,2045,0.0496
GLOBAL,RNWRPOHTIXX,2046,0.0496
GLOBAL,RNWRPOHTIXX,2047,0.0496
GLOBAL,RNWRPOHTIXX,2048,0.0496
GLOBAL,RNWRPOHTIXX,2049,0.0496
GLOBAL,RNWRPOHTIXX,2050,0.0496
GLOBAL,RNWRPOMEXXX,2023,0
GLOBAL,RNWRPOMEXXX,2024,0
GLOBAL,RNWRPOMEXXX,2025,0
GLOBAL,RNWRPOMEXXX,2026,0.2261
GLOBAL,RNWRPOMEXXX,2027,0.3819
GLOBAL,RNWRPOMEXXX,2028,8.4719
GLOBAL,RNWRPOMEXXX,2029,8.4719
GLOBAL,RNWRPOMEXXX,2030,8.4719
GLOBAL,RNWRPOMEXXX,2031,8.4719
GLOBAL,RNWRPOMEXXX,2032,8.4719
GLOBAL,RNWRPOMEXXX,2033,8.4719
GLOBAL,RNWRPOMEXXX,2034,8.4719
GLOBAL,RNWRPOMEXXX,2035,8.4719
GLOBAL,RNWRPOMEXXX,2036,8.4719
GLOBAL,RNWRPOMEXXX,2037,8.4719
GLOBAL,RNWRPOMEXXX,2038,8.4719
GLOBAL,RNWRPOMEXXX,2039,8.4719
GLOBAL,RNWRPOMEXXX,2040,8.4719
GLOBAL,RNWRPOMEXXX,2041,8.4719
GLOBAL,RNWRPOMEXXX,2042,8.4719
GLOBAL,RNWRPOMEXXX,2043,8.4719
GLOBAL,RNWRPOMEXXX,2044,8.4719
GLOBAL,RNWRPOMEXXX,2045,8.4719
GLOBAL,RNWRPOMEXXX,2046,8.4719
GLOBAL,RNWRPOMEXXX,2047,8.4719
GLOBAL,RNWRPOMEXXX,2048,8.4719
GLOBAL,RNWRPOMEXXX,2049,8.4719
GLOBAL,RNWRPOMEXXX,2050,8.4719
GLOBAL,RNWRPONICXX,2023,0
GLOBAL,RNWRPONICXX,2024,0
GLOBAL,RNWRPONICXX,2025,0
GLOBAL,RNWRPONICXX,2026,0
GLOBAL,RNWRPONICXX,2027,0
GLOBAL,RNWRPONICXX,2028,0.3729
GLOBAL,RNWRPONICXX,2029,0.3729
GLOBAL,RNWRPONICXX,2030,0.3729
GLOBAL,RNWRPONICXX,2031,0.3729
GLOBAL,RNWRPONICXX,2032,0.3729
GLOBAL,RNWRPONICXX,2033,0.3729
GLOBAL,RNWRPONICXX,2034,0.3729
GLOBAL,RNWRPONICXX,2035,0.3729
GLOBAL,RNWRPONICXX,2036,0.3729
GLOBAL,RNWRPONICXX,2037,0.3729
GLOBAL,RNWRPONICXX,2038,0.3729
GLOBAL,RNWRPONICXX,2039,0.3729
GLOBAL,RNWRPONICXX,2040,0.3729
GLOBAL,RNWRPONICXX,2041,0.3729
GLOBAL,RNWRPONICXX,2042,0.3729
GLOBAL,RNWRPONICXX,2043,0.3729
GLOBAL,RNWRPONICXX,2044,0.3729
GLOBAL,RNWRPONICXX,2045,0.3729
GLOBAL,RNWRPONICXX,2046,0.3729
GLOBAL,RNWRPONICXX,2047,0.3729
GLOBAL,RNWRPONICXX,2048,0.3729
GLOBAL,RNWRPONICXX,2049,0.3729
GLOBAL,RNWRPONICXX,2050,0.3729
GLOBAL,RNWRPOPANXX,2023,0
GLOBAL,RNWRPOPANXX,2024,0
GLOBAL,RNWRPOPANXX,2025,0
GLOBAL,RNWRPOPANXX,2026,0
GLOBAL,RNWRPOPANXX,2027,0
GLOBAL,RNWRPOPANXX,2028,0.9608
GLOBAL,RNWRPOPANXX,2029,0.9608
GLOBAL,RNWRPOPANXX,2030,0.9608
GLOBAL,RNWRPOPANXX,2031,0.9608
GLOBAL,RNWRPOPANXX,2032,0.9608
GLOBAL,RNWRPOPANXX,2033,0.9608
GLOBAL,RNWRPOPANXX,2034,0.9608
GLOBAL,RNWRPOPANXX,2035,0.9608
GLOBAL,RNWRPOPANXX,2036,0.9608
GLOBAL,RNWRPOPANXX,2037,0.9608
GLOBAL,RNWRPOPANXX,2038,0.9608
GLOBAL,RNWRPOPANXX,2039,0.9608
GLOBAL,RNWRPOPANXX,2040,0.9608
GLOBAL,RNWRPOPANXX,2041,0.9608
GLOBAL,RNWRPOPANXX,2042,0.9608
GLOBAL,RNWRPOPANXX,2043,0.9608
GLOBAL,RNWRPOPANXX,2044,0.9608
GLOBAL,RNWRPOPANXX,2045,0.9608
GLOBAL,RNWRPOPANXX,2046,0.9608
GLOBAL,RNWRPOPANXX,2047,0.9608
GLOBAL,RNWRPOPANXX,2048,0.9608
GLOBAL,RNWRPOPANXX,2049,0.9608
GLOBAL,RNWRPOPANXX,2050,0.9608
GLOBAL,RNWRPOPERXX,2023,0
GLOBAL,RNWRPOPERXX,2024,0
GLOBAL,RNWRPOPERXX,2025,0
GLOBAL,RNWRPOPERXX,2026,0
GLOBAL,RNWRPOPERXX,2027,0
GLOBAL,RNWRPOPERXX,2028,4.2941
GLOBAL,RNWRPOPERXX,2029,4.2941
GLOBAL,RNWRPOPERXX,2030,4.2941
GLOBAL,RNWRPOPERXX,2031,4.2941
GLOBAL,RNWRPOPERXX,2032,4.2941
GLOBAL,RNWRPOPERXX,2033,4.2941
GLOBAL,RNWRPOPERXX,2034,4.2941
GLOBAL,RNWRPOPERXX,2035,4.2941
GLOBAL,RNWRPOPERXX,2036,4.2941
GLOBAL,RNWRPOPERXX,2037,4.2941
GLOBAL,RNWRPOPERXX,2038,4.2941
GLOBAL,RNWRPOPERXX,2039,4.2941
GLOBAL,RNWRPOPERXX,2040,4.2941
GLOBAL,RNWRPOPERXX,2041,4.2941
GLOBAL,RNWRPOPERXX,2042,4.2941
GLOBAL,RNWRPOPERXX,2043,4.2941
GLOBAL,RNWRPOPERXX,2044,4.2941
GLOBAL,RNWRPOPERXX,2045,4.2941
GLOBAL,RNWRPOPERXX,2046,4.2941
GLOBAL,RNWRPOPERXX,2047,4.2941
GLOBAL,RNWRPOPERXX,2048,4.2941
GLOBAL,RNWRPOPERXX,2049,4.2941
GLOBAL,RNWRPOPERXX,2050,4.2941
GLOBAL,RNWRPOPRYXX,2023,0
GLOBAL,RNWRPOPRYXX,2024,0.2
GLOBAL,RNWRPOPRYXX,2025,1
GLOBAL,RNWRPOPRYXX,2026,1
GLOBAL,RNWRPOPRYXX,2027,0.9898
GLOBAL,RNWRPOPRYXX,2028,6.3248
GLOBAL,RNWRPOPRYXX,2029,6.3248
GLOBAL,RNWRPOPRYXX,2030,6.3248
GLOBAL,RNWRPOPRYXX,2031,6.3248
GLOBAL,RNWRPOPRYXX,2032,6.3248
GLOBAL,RNWRPOPRYXX,2033,6.3248
GLOBAL,RNWRPOPRYXX,2034,6.3248
GLOBAL,RNWRPOPRYXX,2035,6.3248
GLOBAL,RNWRPOPRYXX,2036,6.3248
GLOBAL,RNWRPOPRYXX,2037,6.3248
GLOBAL,RNWRPOPRYXX,2038,6.3248
GLOBAL,RNWRPOPRYXX,2039,6.3248
GLOBAL,RNWRPOPRYXX,2040,6.3248
GLOBAL,RNWRPOPRYXX,2041,6.3248
GLOBAL,RNWRPOPRYXX,2042,6.3248
GLOBAL,RNWRPOPRYXX,2043,6.3248
GLOBAL,RNWRPOPRYXX,2044,6.3248
GLOBAL,RNWRPOPRYXX,2045,6.3248
GLOBAL,RNWRPOPRYXX,2046,6.3248
GLOBAL,RNWRPOPRYXX,2047,6.3248
GLOBAL,RNWRPOPRYXX,2048,6.3248
GLOBAL,RNWRPOPRYXX,2049,6.3248
GLOBAL,RNWRPOPRYXX,2050,6.3248
GLOBAL,RNWRPOSLVXX,2023,0
GLOBAL,RNWRPOSLVXX,2024,0
GLOBAL,RNWRPOSLVXX,2025,0
GLOBAL,RNWRPOSLVXX,2026,0.3301
GLOBAL,RNWRPOSLVXX,2027,0.3176
GLOBAL,RNWRPOSLVXX,2028,0.7697
GLOBAL,RNWRPOSLVXX,2029,0.7697
GLOBAL,RNWRPOSLVXX,2030,0.7697
GLOBAL,RNWRPOSLVXX,2031,0.7697
GLOBAL,RNWRPOSLVXX,2032,0.7697
GLOBAL,RNWRPOSLVXX,2033,0.7697
GLOBAL,RNWRPOSLVXX,2034,0.7697
GLOBAL,RNWRPOSLVXX,2035,0.7697
GLOBAL,RNWRPOSLVXX,2036,0.7697
GLOBAL,RNWRPOSLVXX,2037,0.7697
GLOBAL,RNWRPOSLVXX,2038,0.7697
GLOBAL,RNWRPOSLVXX,2039,0.7697
GLOBAL,RNWRPOSLVXX,2040,0.7697
GLOBAL,RNWRPOSLVXX,2041,0.7697
GLOBAL,RNWRPOSLVXX,2042,0.7697
GLOBAL,RNWRPOSLVXX,2043,0.7697
GLOBAL,RNWRPOSLVXX,2044,0.7697
GLOBAL,RNWRPOSLVXX,2045,0.7697
GLOBAL,RNWRPOSLVXX,2046,0.7697
GLOBAL,RNWRPOSLVXX,2047,0.7697
GLOBAL,RNWRPOSLVXX,2048,0.7697
GLOBAL,RNWRPOSLVXX,2049,0.7697
GLOBAL,RNWRPOSLVXX,2050,0.7697
GLOBAL,RNWRPOURYXX,2023,0
GLOBAL,RNWRPOURYXX,2024,0
GLOBAL,RNWRPOURYXX,2025,0
GLOBAL,RNWRPOURYXX,2026,0
GLOBAL,RNWRPOURYXX,2027,0
GLOBAL,RNWRPOURYXX,2028,1.6069
GLOBAL,RNWRPOURYXX,2029,1.6069
GLOBAL,RNWRPOURYXX,2030,1.6069
GLOBAL,RNWRPOURYXX,2031,1.6069
GLOBAL,RNWRPOURYXX,2032,1.6069
GLOBAL,RNWRPOURYXX,2033,1.6069
GLOBAL,RNWRPOURYXX,2034,1.6069
GLOBAL,RNWRPOURYXX,2035,1.6069
GLOBAL,RNWRPOURYXX,2036,1.6069
GLOBAL,RNWRPOURYXX,2037,1.6069
GLOBAL,RNWRPOURYXX,2038,1.6069
GLOBAL,RNWRPOURYXX,2039,1.6069
GLOBAL,RNWRPOURYXX,2040,1.6069
GLOBAL,RNWRPOURYXX,2041,1.6069
GLOBAL,RNWRPOURYXX,2042,1.6069
GLOBAL,RNWRPOURYXX,2043,1.6069
GLOBAL,RNWRPOURYXX,2044,1.6069
GLOBAL,RNWRPOURYXX,2045,1.6069
GLOBAL,RNWRPOURYXX,2046,1.6069
GLOBAL,RNWRPOURYXX,2047,1.6069
GLOBAL,RNWRPOURYXX,2048,1.6069
GLOBAL,RNWRPOURYXX,2049,1.6069
GLOBAL,RNWRPOURYXX,2050,1.6069
GLOBAL,RNWTRNARGXX,2023,6.1
GLOBAL,RNWTRNARGXX,2024,6.1
GLOBAL,RNWTRNARGXX,2025,6.1
GLOBAL,RNWTRNARGXX,2026,6.1
GLOBAL,RNWTRNARGXX,2027,6.1
GLOBAL,RNWTRNARGXX,2028,6.1
GLOBAL,RNWTRNARGXX,2029,6.1
GLOBAL,RNWTRNARGXX,2030,6.1
GLOBAL,RNWTRNARGXX,2031,6.1
GLOBAL,RNWTRNARGXX,2032,6.1
GLOBAL,RNWTRNARGXX,2033,6.1
GLOBAL,RNWTRNARGXX,2034,6.1
GLOBAL,RNWTRNARGXX,2035,6.1
GLOBAL,RNWTRNARGXX,2036,6.1
GLOBAL,RNWTRNARGXX,2037,6.1
GLOBAL,RNWTRNARGXX,2038,6.1
GLOBAL,RNWTRNARGXX,2039,6.1
GLOBAL,RNWTRNARGXX,2040,6.1
GLOBAL,RNWTRNARGXX,2041,6.1
GLOBAL,RNWTRNARGXX,2042,6.1
GLOBAL,RNWTRNARGXX,2043,6.1
GLOBAL,RNWTRNARGXX,2044,6.1
GLOBAL,RNWTRNARGXX,2045,6.1
GLOBAL,RNWTRNARGXX,2046,6.1
GLOBAL,RNWTRNARGXX,2047,6.1
GLOBAL,RNWTRNARGXX,2048,6.1
GLOBAL,RNWTRNARGXX,2049,6.1
GLOBAL,RNWTRNARGXX,2050,6.1
GLOBAL,RNWTRNBOLXX,2023,2.1153
GLOBAL,RNWTRNBOLXX,2024,2.1153
GLOBAL,RNWTRNBOLXX,2025,2.6669
GLOBAL,RNWTRNBOLXX,2026,3.1176
GLOBAL,RNWTRNBOLXX,2027,3.3113
GLOBAL,RNWTRNBOLXX,2028,4.6507
GLOBAL,RNWTRNBOLXX,2029,4.6507
GLOBAL,RNWTRNBOLXX,2030,4.9197
GLOBAL,RNWTRNBOLXX,2031,4.9197
GLOBAL,RNWTRNBOLXX,2032,5.8405
GLOBAL,RNWTRNBOLXX,2033,5.8405
GLOBAL,RNWTRNBOLXX,2034,5.8405
GLOBAL,RNWTRNBOLXX,2035,6.033
GLOBAL,RNWTRNBOLXX,2036,7.1454
GLOBAL,RNWTRNBOLXX,2037,8.2825
GLOBAL,RNWTRNBOLXX,2038,8.2825
GLOBAL,RNWTRNBOLXX,2039,8.4923
GLOBAL,RNWTRNBOLXX,2040,9.7031
GLOBAL,RNWTRNBOLXX,2041,9.7031
GLOBAL,RNWTRNBOLXX,2042,9.9022
GLOBAL,RNWTRNBOLXX,2043,10.1031
GLOBAL,RNWTRNBOLXX,2044,10.5084
GLOBAL,RNWTRNBOLXX,2045,11.7435
GLOBAL,RNWTRNBOLXX,2046,11.7435
GLOBAL,RNWTRNBOLXX,2047,11.7435
GLOBAL,RNWTRNBOLXX,2048,11.7435
GLOBAL,RNWTRNBOLXX,2049,11.7435
GLOBAL,RNWTRNBOLXX,2050,11.7435
GLOBAL,RNWTRNBRAXX,2023,53
GLOBAL,RNWTRNBRAXX,2024,53
GLOBAL,RNWTRNBRAXX,2025,56.2585
GLOBAL,RNWTRNBRAXX,2026,73.3737
GLOBAL,RNWTRNBRAXX,2027,98.3235
GLOBAL,RNWTRNBRAXX,2028,132.1
GLOBAL,RNWTRNBRAXX,2029,180.091
GLOBAL,RNWTRNBRAXX,2030,194.739
GLOBAL,RNWTRNBRAXX,2031,196.768
GLOBAL,RNWTRNBRAXX,2032,196.768
GLOBAL,RNWTRNBRAXX,2033,196.768
GLOBAL,RNWTRNBRAXX,2034,196.768
GLOBAL,RNWTRNBRAXX,2035,196.768
GLOBAL,RNWTRNBRAXX,2036,196.768
GLOBAL,RNWTRNBRAXX,2037,196.768
GLOBAL,RNWTRNBRAXX,2038,196.768
GLOBAL,RNWTRNBRAXX,2039,196.768
GLOBAL,RNWTRNBRAXX,2040,196.768
GLOBAL,RNWTRNBRAXX,2041,196.768
GLOBAL,RNWTRNBRAXX,2042,196.768
GLOBAL,RNWTRNBRAXX,2043,196.768
GLOBAL,RNWTRNBRAXX,2044,196.768
GLOBAL,RNWTRNBRAXX,2045,196.768
GLOBAL,RNWTRNBRAXX,2046,196.768
GLOBAL,RNWTRNBRAXX,2047,196.768
GLOBAL,RNWTRNBRAXX,2048,196.768
GLOBAL,RNWTRNBRAXX,2049,196.768
GLOBAL,RNWTRNBRAXX,2050,196.768
GLOBAL,RNWTRNBRBXX,2023,0.0304
GLOBAL,RNWTRNBRBXX,2024,0.0304
GLOBAL,RNWTRNBRBXX,2025,0.0304
GLOBAL,RNWTRNBRBXX,2026,0.0304
GLOBAL,RNWTRNBRBXX,2027,0.0304
GLOBAL,RNWTRNBRBXX,2028,0.0304
GLOBAL,RNWTRNBRBXX,2029,0.0304
GLOBAL,RNWTRNBRBXX,2030,0.0304
GLOBAL,RNWTRNBRBXX,2031,0.0304
GLOBAL,RNWTRNBRBXX,2032,0.0304
GLOBAL,RNWTRNBRBXX,2033,0.0304
GLOBAL,RNWTRNBRBXX,2034,0.0304
GLOBAL,RNWTRNBRBXX,2035,0.0304
GLOBAL,RNWTRNBRBXX,2036,0.0304
GLOBAL,RNWTRNBRBXX,2037,0.0304
GLOBAL,RNWTRNBRBXX,2038,0.0304
GLOBAL,RNWTRNBRBXX,2039,0.0304
GLOBAL,RNWTRNBRBXX,2040,0.0304
GLOBAL,RNWTRNBRBXX,2041,0.0304
GLOBAL,RNWTRNBRBXX,2042,0.0304
GLOBAL,RNWTRNBRBXX,2043,0.0304
GLOBAL,RNWTRNBRBXX,2044,0.0304
GLOBAL,RNWTRNBRBXX,2045,0.0304
GLOBAL,RNWTRNBRBXX,2046,0.0304
GLOBAL,RNWTRNBRBXX,2047,0.0304
GLOBAL,RNWTRNBRBXX,2048,0.0304
GLOBAL,RNWTRNBRBXX,2049,0.0304
GLOBAL,RNWTRNBRBXX,2050,0.0304
GLOBAL,RNWTRNCHLXX,2023,8.5808
GLOBAL,RNWTRNCHLXX,2024,8.5808
GLOBAL,RNWTRNCHLXX,2025,8.5808
GLOBAL,RNWTRNCHLXX,2026,8.5808
GLOBAL,RNWTRNCHLXX,2027,8.5808
GLOBAL,RNWTRNCHLXX,2028,8.5808
GLOBAL,RNWTRNCHLXX,2029,8.6545
GLOBAL,RNWTRNCHLXX,2030,9.4563
GLOBAL,RNWTRNCHLXX,2031,9.9175
GLOBAL,RNWTRNCHLXX,2032,9.9968
GLOBAL,RNWTRNCHLXX,2033,11.2116
GLOBAL,RNWTRNCHLXX,2034,11.2116
GLOBAL,RNWTRNCHLXX,2035,11.2116
GLOBAL,RNWTRNCHLXX,2036,11.2116
GLOBAL,RNWTRNCHLXX,2037,11.2116
GLOBAL,RNWTRNCHLXX,2038,11.2116
GLOBAL,RNWTRNCHLXX,2039,11.2116
GLOBAL,RNWTRNCHLXX,2040,11.2116
GLOBAL,RNWTRNCHLXX,2041,11.2116
GLOBAL,RNWTRNCHLXX,2042,11.2116
GLOBAL,RNWTRNCHLXX,2043,11.2116
GLOBAL,RNWTRNCHLXX,2044,11.2116
GLOBAL,RNWTRNCHLXX,2045,11.2116
GLOBAL,RNWTRNCHLXX,2046,11.2116
GLOBAL,RNWTRNCHLXX,2047,11.2116
GLOBAL,RNWTRNCHLXX,2048,11.2116
GLOBAL,RNWTRNCHLXX,2049,11.2116
GLOBAL,RNWTRNCHLXX,2050,11.2116
GLOBAL,RNWTRNCOLXX,2023,11.4259
GLOBAL,RNWTRNCOLXX,2024,11.4259
GLOBAL,RNWTRNCOLXX,2025,12.1756
GLOBAL,RNWTRNCOLXX,2026,14.6967
GLOBAL,RNWTRNCOLXX,2027,15.5046
GLOBAL,RNWTRNCOLXX,2028,15.7611
GLOBAL,RNWTRNCOLXX,2029,15.8753
GLOBAL,RNWTRNCOLXX,2030,16.0211
GLOBAL,RNWTRNCOLXX,2031,16.0211
GLOBAL,RNWTRNCOLXX,2032,17.0122
GLOBAL,RNWTRNCOLXX,2033,17.0122
GLOBAL,RNWTRNCOLXX,2034,17.0122
GLOBAL,RNWTRNCOLXX,2035,17.0122
GLOBAL,RNWTRNCOLXX,2036,17.0122
GLOBAL,RNWTRNCOLXX,2037,17.8514
GLOBAL,RNWTRNCOLXX,2038,17.8514
GLOBAL,RNWTRNCOLXX,2039,17.8514
GLOBAL,RNWTRNCOLXX,2040,17.8514
GLOBAL,RNWTRNCOLXX,2041,17.8514
GLOBAL,RNWTRNCOLXX,2042,17.8514
GLOBAL,RNWTRNCOLXX,2043,17.8514
GLOBAL,RNWTRNCOLXX,2044,17.8514
GLOBAL,RNWTRNCOLXX,2045,17.8514
GLOBAL,RNWTRNCOLXX,2046,17.8514
GLOBAL,RNWTRNCOLXX,2047,17.8514
GLOBAL,RNWTRNCOLXX,2048,17.8514
GLOBAL,RNWTRNCOLXX,2049,17.8514
GLOBAL,RNWTRNCOLXX,2050,17.8514
GLOBAL,RNWTRNCRIXX,2023,2.0616
GLOBAL,RNWTRNCRIXX,2024,2.0616
GLOBAL,RNWTRNCRIXX,2025,2.0616
GLOBAL,RNWTRNCRIXX,2026,2.0616
GLOBAL,RNWTRNCRIXX,2027,2.4336
GLOBAL,RNWTRNCRIXX,2028,2.7745
GLOBAL,RNWTRNCRIXX,2029,3.3542
GLOBAL,RNWTRNCRIXX,2030,3.9911
GLOBAL,RNWTRNCRIXX,2031,4.5783
GLOBAL,RNWTRNCRIXX,2032,4.5783
GLOBAL,RNWTRNCRIXX,2033,5.7685
GLOBAL,RNWTRNCRIXX,2034,5.7685
GLOBAL,RNWTRNCRIXX,2035,5.7685
GLOBAL,RNWTRNCRIXX,2036,5.7685
GLOBAL,RNWTRNCRIXX,2037,5.7685
GLOBAL,RNWTRNCRIXX,2038,5.7685
GLOBAL,RNWTRNCRIXX,2039,5.7685
GLOBAL,RNWTRNCRIXX,2040,5.7685
GLOBAL,RNWTRNCRIXX,2041,5.7685
GLOBAL,RNWTRNCRIXX,2042,5.7685
GLOBAL,RNWTRNCRIXX,2043,5.7685
GLOBAL,RNWTRNCRIXX,2044,5.7685
GLOBAL,RNWTRNCRIXX,2045,5.7685
GLOBAL,RNWTRNCRIXX,2046,5.7685
GLOBAL,RNWTRNCRIXX,2047,5.7685
GLOBAL,RNWTRNCRIXX,2048,5.7685
GLOBAL,RNWTRNCRIXX,2049,5.7685
GLOBAL,RNWTRNCRIXX,2050,5.7685
GLOBAL,RNWTRNDOMXX,2023,0.839
GLOBAL,RNWTRNDOMXX,2024,0.839
GLOBAL,RNWTRNDOMXX,2025,3.8442
GLOBAL,RNWTRNDOMXX,2026,7.0187
GLOBAL,RNWTRNDOMXX,2027,7.398
GLOBAL,RNWTRNDOMXX,2028,7.398
GLOBAL,RNWTRNDOMXX,2029,7.398
GLOBAL,RNWTRNDOMXX,2030,7.398
GLOBAL,RNWTRNDOMXX,2031,7.398
GLOBAL,RNWTRNDOMXX,2032,7.398
GLOBAL,RNWTRNDOMXX,2033,7.398
GLOBAL,RNWTRNDOMXX,2034,7.398
GLOBAL,RNWTRNDOMXX,2035,7.398
GLOBAL,RNWTRNDOMXX,2036,7.398
GLOBAL,RNWTRNDOMXX,2037,7.398
GLOBAL,RNWTRNDOMXX,2038,7.398
GLOBAL,RNWTRNDOMXX,2039,7.398
GLOBAL,RNWTRNDOMXX,2040,7.398
GLOBAL,RNWTRNDOMXX,2041,7.398
GLOBAL,RNWTRNDOMXX,2042,7.398
GLOBAL,RNWTRNDOMXX,2043,7.398
GLOBAL,RNWTRNDOMXX,2044,7.398
GLOBAL,RNWTRNDOMXX,2045,7.398
GLOBAL,RNWTRNDOMXX,2046,7.398
GLOBAL,RNWTRNDOMXX,2047,7.398
GLOBAL,RNWTRNDOMXX,2048,7.398
GLOBAL,RNWTRNDOMXX,2049,7.398
GLOBAL,RNWTRNDOMXX,2050,7.398
GLOBAL,RNWTRNECUXX,2023,4.3615
GLOBAL,RNWTRNECUXX,2024,4.3615
GLOBAL,RNWTRNECUXX,2025,12.0556
GLOBAL,RNWTRNECUXX,2026,12.9393
GLOBAL,RNWTRNECUXX,2027,16.3467
GLOBAL,RNWTRNECUXX,2028,17.2829
GLOBAL,RNWTRNECUXX,2029,17.782
GLOBAL,RNWTRNECUXX,2030,18.6702
GLOBAL,RNWTRNECUXX,2031,19.1539
GLOBAL,RNWTRNECUXX,2032,19.1539
GLOBAL,RNWTRNECUXX,2033,19.1539
GLOBAL,RNWTRNECUXX,2034,19.1539
GLOBAL,RNWTRNECUXX,2035,19.1539
GLOBAL,RNWTRNECUXX,2036,19.1539
GLOBAL,RNWTRNECUXX,2037,19.1539
GLOBAL,RNWTRNECUXX,2038,19.1539
GLOBAL,RNWTRNECUXX,2039,19.1539
GLOBAL,RNWTRNECUXX,2040,19.1539
GLOBAL,RNWTRNECUXX,2041,19.1539
GLOBAL,RNWTRNECUXX,2042,19.1539
GLOBAL,RNWTRNECUXX,2043,19.1539
GLOBAL,RNWTRNECUXX,2044,19.1539
GLOBAL,RNWTRNECUXX,2045,19.1539
GLOBAL,RNWTRNECUXX,2046,19.1539
GLOBAL,RNWTRNECUXX,2047,19.1539
GLOBAL,RNWTRNECUXX,2048,19.1539
GLOBAL,RNWTRNECUXX,2049,19.1539
GLOBAL,RNWTRNECUXX,2050,19.1539
GLOBAL,RNWTRNGTMXX,2023,1.6512
GLOBAL,RNWTRNGTMXX,2024,1.6512
GLOBAL,RNWTRNGTMXX,2025,1.6512
GLOBAL,RNWTRNGTMXX,2026,1.6512
GLOBAL,RNWTRNGTMXX,2027,1.6512
GLOBAL,RNWTRNGTMXX,2028,1.6512
GLOBAL,RNWTRNGTMXX,2029,1.6512
GLOBAL,RNWTRNGTMXX,2030,1.6512
GLOBAL,RNWTRNGTMXX,2031,1.6512
GLOBAL,RNWTRNGTMXX,2032,1.6512
GLOBAL,RNWTRNGTMXX,2033,1.6512
GLOBAL,RNWTRNGTMXX,2034,1.6512
GLOBAL,RNWTRNGTMXX,2035,1.6512
GLOBAL,RNWTRNGTMXX,2036,1.6512
GLOBAL,RNWTRNGTMXX,2037,1.6512
GLOBAL,RNWTRNGTMXX,2038,1.6512
GLOBAL,RNWTRNGTMXX,2039,1.6512
GLOBAL,RNWTRNGTMXX,2040,1.6512
GLOBAL,RNWTRNGTMXX,2041,1.6512
GLOBAL,RNWTRNGTMXX,2042,1.6512
GLOBAL,RNWTRNGTMXX,2043,1.6512
GLOBAL,RNWTRNGTMXX,2044,1.6512
GLOBAL,RNWTRNGTMXX,2045,1.6512
GLOBAL,RNWTRNGTMXX,2046,1.6512
GLOBAL,RNWTRNGTMXX,2047,1.6512
GLOBAL,RNWTRNGTMXX,2048,1.6512
GLOBAL,RNWTRNGTMXX,2049,1.6512
GLOBAL,RNWTRNGTMXX,2050,1.6512
GLOBAL,RNWTRNHNDXX,2023,1.6704
GLOBAL,RNWTRNHNDXX,2024,1.9595
GLOBAL,RNWTRNHNDXX,2025,2.0547
GLOBAL,RNWTRNHNDXX,2026,2.3376
GLOBAL,RNWTRNHNDXX,2027,3.3029
GLOBAL,RNWTRNHNDXX,2028,3.6398
GLOBAL,RNWTRNHNDXX,2029,4.1276
GLOBAL,RNWTRNHNDXX,2030,4.8194
GLOBAL,RNWTRNHNDXX,2031,5.1188
GLOBAL,RNWTRNHNDXX,2032,5.1188
GLOBAL,RNWTRNHNDXX,2033,5.1188
GLOBAL,RNWTRNHNDXX,2034,5.1188
GLOBAL,RNWTRNHNDXX,2035,5.1188
GLOBAL,RNWTRNHNDXX,2036,5.1188
GLOBAL,RNWTRNHNDXX,2037,5.1188
GLOBAL,RNWTRNHNDXX,2038,5.1188
GLOBAL,RNWTRNHNDXX,2039,5.1188
GLOBAL,RNWTRNHNDXX,2040,5.1188
GLOBAL,RNWTRNHNDXX,2041,5.1188
GLOBAL,RNWTRNHNDXX,2042,5.1188
GLOBAL,RNWTRNHNDXX,2043,5.1188
GLOBAL,RNWTRNHNDXX,2044,5.1188
GLOBAL,RNWTRNHNDXX,2045,5.1188
GLOBAL,RNWTRNHNDXX,2046,5.1188
GLOBAL,RNWTRNHNDXX,2047,5.1188
GLOBAL,RNWTRNHNDXX,2048,5.1188
GLOBAL,RNWTRNHNDXX,2049,5.1188
GLOBAL,RNWTRNHNDXX,2050,5.1188
GLOBAL,RNWTRNHTIXX,2023,0.0784
GLOBAL,RNWTRNHTIXX,2024,0.0784
GLOBAL,RNWTRNHTIXX,2025,0.0784
GLOBAL,RNWTRNHTIXX,2026,0.0784
GLOBAL,RNWTRNHTIXX,2027,0.0784
GLOBAL,RNWTRNHTIXX,2028,0.0784
GLOBAL,RNWTRNHTIXX,2029,0.0784
GLOBAL,RNWTRNHTIXX,2030,0.0784
GLOBAL,RNWTRNHTIXX,2031,0.0784
GLOBAL,RNWTRNHTIXX,2032,0.0784
GLOBAL,RNWTRNHTIXX,2033,0.0784
GLOBAL,RNWTRNHTIXX,2034,0.0784
GLOBAL,RNWTRNHTIXX,2035,0.0784
GLOBAL,RNWTRNHTIXX,2036,0.0784
GLOBAL,RNWTRNHTIXX,2037,0.0784
GLOBAL,RNWTRNHTIXX,2038,0.0784
GLOBAL,RNWTRNHTIXX,2039,0.0784
GLOBAL,RNWTRNHTIXX,2040,0.0784
GLOBAL,RNWTRNHTIXX,2041,0.0784
GLOBAL,RNWTRNHTIXX,2042,0.0784
GLOBAL,RNWTRNHTIXX,2043,0.0784
GLOBAL,RNWTRNHTIXX,2044,0.0784
GLOBAL,RNWTRNHTIXX,2045,0.0784
GLOBAL,RNWTRNHTIXX,2046,0.0784
GLOBAL,RNWTRNHTIXX,2047,0.0784
GLOBAL,RNWTRNHTIXX,2048,0.0784
GLOBAL,RNWTRNHTIXX,2049,0.0784
GLOBAL,RNWTRNHTIXX,2050,0.0784
GLOBAL,RNWTRNMEXXX,2023,11.1193
GLOBAL,RNWTRNMEXXX,2024,11.1193
GLOBAL,RNWTRNMEXXX,2025,11.1193
GLOBAL,RNWTRNMEXXX,2026,11.3182
GLOBAL,RNWTRNMEXXX,2027,11.3182
GLOBAL,RNWTRNMEXXX,2028,11.801
GLOBAL,RNWTRNMEXXX,2029,11.884
GLOBAL,RNWTRNMEXXX,2030,13.0333
GLOBAL,RNWTRNMEXXX,2031,14.3264
GLOBAL,RNWTRNMEXXX,2032,14.3264
GLOBAL,RNWTRNMEXXX,2033,14.3264
GLOBAL,RNWTRNMEXXX,2034,14.3264
GLOBAL,RNWTRNMEXXX,2035,14.3264
GLOBAL,RNWTRNMEXXX,2036,14.3264
GLOBAL,RNWTRNMEXXX,2037,14.3264
GLOBAL,RNWTRNMEXXX,2038,14.3264
GLOBAL,RNWTRNMEXXX,2039,14.3264
GLOBAL,RNWTRNMEXXX,2040,14.3264
GLOBAL,RNWTRNMEXXX,2041,14.3264
GLOBAL,RNWTRNMEXXX,2042,14.3264
GLOBAL,RNWTRNMEXXX,2043,14.3264
GLOBAL,RNWTRNMEXXX,2044,14.3264
GLOBAL,RNWTRNMEXXX,2045,14.3264
GLOBAL,RNWTRNMEXXX,2046,14.3264
GLOBAL,RNWTRNMEXXX,2047,14.3264
GLOBAL,RNWTRNMEXXX,2048,14.3264
GLOBAL,RNWTRNMEXXX,2049,14.3264
GLOBAL,RNWTRNMEXXX,2050,14.3264
GLOBAL,RNWTRNNICXX,2023,0.542
GLOBAL,RNWTRNNICXX,2024,0.542
GLOBAL,RNWTRNNICXX,2025,0.6463
GLOBAL,RNWTRNNICXX,2026,0.8389
GLOBAL,RNWTRNNICXX,2027,0.8389
GLOBAL,RNWTRNNICXX,2028,0.8389
GLOBAL,RNWTRNNICXX,2029,0.9959
GLOBAL,RNWTRNNICXX,2030,1.0497
GLOBAL,RNWTRNNICXX,2031,1.1116
GLOBAL,RNWTRNNICXX,2032,1.166
GLOBAL,RNWTRNNICXX,2033,1.166
GLOBAL,RNWTRNNICXX,2034,1.166
GLOBAL,RNWTRNNICXX,2035,1.166
GLOBAL,RNWTRNNICXX,2036,1.166
GLOBAL,RNWTRNNICXX,2037,1.166
GLOBAL,RNWTRNNICXX,2038,1.166
GLOBAL,RNWTRNNICXX,2039,1.166
GLOBAL,RNWTRNNICXX,2040,1.166
GLOBAL,RNWTRNNICXX,2041,1.166
GLOBAL,RNWTRNNICXX,2042,1.166
GLOBAL,RNWTRNNICXX,2043,1.166
GLOBAL,RNWTRNNICXX,2044,1.166
GLOBAL,RNWTRNNICXX,2045,1.166
GLOBAL,RNWTRNNICXX,2046,1.166
GLOBAL,RNWTRNNICXX,2047,1.166
GLOBAL,RNWTRNNICXX,2048,1.166
GLOBAL,RNWTRNNICXX,2049,1.166
GLOBAL,RNWTRNNICXX,2050,1.166
GLOBAL,RNWTRNPANXX,2023,1.8761
GLOBAL,RNWTRNPANXX,2024,1.8761
GLOBAL,RNWTRNPANXX,2025,1.8761
GLOBAL,RNWTRNPANXX,2026,1.8761
GLOBAL,RNWTRNPANXX,2027,1.8761
GLOBAL,RNWTRNPANXX,2028,1.8761
GLOBAL,RNWTRNPANXX,2029,1.8761
GLOBAL,RNWTRNPANXX,2030,1.8761
GLOBAL,RNWTRNPANXX,2031,1.8761
GLOBAL,RNWTRNPANXX,2032,1.8761
GLOBAL,RNWTRNPANXX,2033,1.8761
GLOBAL,RNWTRNPANXX,2034,1.8761
GLOBAL,RNWTRNPANXX,2035,1.8761
GLOBAL,RNWTRNPANXX,2036,1.8761
GLOBAL,RNWTRNPANXX,2037,1.8761
GLOBAL,RNWTRNPANXX,2038,1.8761
GLOBAL,RNWTRNPANXX,2039,1.8761
GLOBAL,RNWTRNPANXX,2040,1.8761
GLOBAL,RNWTRNPANXX,2041,1.8761
GLOBAL,RNWTRNPANXX,2042,1.8761
GLOBAL,RNWTRNPANXX,2043,1.8761
GLOBAL,RNWTRNPANXX,2044,1.8761
GLOBAL,RNWTRNPANXX,2045,1.8761
GLOBAL,RNWTRNPANXX,2046,1.8761
GLOBAL,RNWTRNPANXX,2047,1.8761
GLOBAL,RNWTRNPANXX,2048,1.8761
GLOBAL,RNWTRNPANXX,2049,1.8761
GLOBAL,RNWTRNPANXX,2050,1.8761
GLOBAL,RNWTRNPERXX,2023,5.6361
GLOBAL,RNWTRNPERXX,2024,5.6361
GLOBAL,RNWTRNPERXX,2025,5.6361
GLOBAL,RNWTRNPERXX,2026,5.6361
GLOBAL,RNWTRNPERXX,2027,5.6361
GLOBAL,RNWTRNPERXX,2028,5.8382
GLOBAL,RNWTRNPERXX,2029,6.1793
GLOBAL,RNWTRNPERXX,2030,8.9759
GLOBAL,RNWTRNPERXX,2031,8.9759
GLOBAL,RNWTRNPERXX,2032,8.9759
GLOBAL,RNWTRNPERXX,2033,8.9759
GLOBAL,RNWTRNPERXX,2034,8.9759
GLOBAL,RNWTRNPERXX,2035,8.9759
GLOBAL,RNWTRNPERXX,2036,8.9759
GLOBAL,RNWTRNPERXX,2037,8.9759
GLOBAL,RNWTRNPERXX,2038,8.9759
GLOBAL,RNWTRNPERXX,2039,8.9759
GLOBAL,RNWTRNPERXX,2040,8.9759
GLOBAL,RNWTRNPERXX,2041,8.9759
GLOBAL,RNWTRNPERXX,2042,8.9759
GLOBAL,RNWTRNPERXX,2043,8.9759
GLOBAL,RNWTRNPERXX,2044,8.9759
GLOBAL,RNWTRNPERXX,2045,8.9759
GLOBAL,RNWTRNPERXX,2046,8.9759
GLOBAL,RNWTRNPERXX,2047,8.9759
GLOBAL,RNWTRNPERXX,2048,8.9759
GLOBAL,RNWTRNPERXX,2049,8.9759
GLOBAL,RNWTRNPERXX,2050,8.9759
GLOBAL,RNWTRNSLVXX,2023,1.5153
GLOBAL,RNWTRNSLVXX,2024,1.5153
GLOBAL,RNWTRNSLVXX,2025,1.5153
GLOBAL,RNWTRNSLVXX,2026,1.6128
GLOBAL,RNWTRNSLVXX,2027,1.6128
GLOBAL,RNWTRNSLVXX,2028,1.6128
GLOBAL,RNWTRNSLVXX,2029,1.6128
GLOBAL,RNWTRNSLVXX,2030,1.6128
GLOBAL,RNWTRNSLVXX,2031,1.6128
GLOBAL,RNWTRNSLVXX,2032,1.6128
GLOBAL,RNWTRNSLVXX,2033,1.6128
GLOBAL,RNWTRNSLVXX,2034,1.6128
GLOBAL,RNWTRNSLVXX,2035,1.6128
GLOBAL,RNWTRNSLVXX,2036,1.6128
GLOBAL,RNWTRNSLVXX,2037,1.6128
GLOBAL,RNWTRNSLVXX,2038,1.6128
GLOBAL,RNWTRNSLVXX,2039,1.6128
GLOBAL,RNWTRNSLVXX,2040,1.6128
GLOBAL,RNWTRNSLVXX,2041,1.6128
GLOBAL,RNWTRNSLVXX,2042,1.6128
GLOBAL,RNWTRNSLVXX,2043,1.6128
GLOBAL,RNWTRNSLVXX,2044,1.6128
GLOBAL,RNWTRNSLVXX,2045,1.6128
GLOBAL,RNWTRNSLVXX,2046,1.6128
GLOBAL,RNWTRNSLVXX,2047,1.6128
GLOBAL,RNWTRNSLVXX,2048,1.6128
GLOBAL,RNWTRNSLVXX,2049,1.6128
GLOBAL,RNWTRNSLVXX,2050,1.6128
GLOBAL,RNWTRNURYXX,2023,2.109
GLOBAL,RNWTRNURYXX,2024,2.109
GLOBAL,RNWTRNURYXX,2025,2.109
GLOBAL,RNWTRNURYXX,2026,2.109
GLOBAL,RNWTRNURYXX,2027,2.109
GLOBAL,RNWTRNURYXX,2028,2.109
GLOBAL,RNWTRNURYXX,2029,2.109
GLOBAL,RNWTRNURYXX,2030,2.109
GLOBAL,RNWTRNURYXX,2031,2.109
GLOBAL,RNWTRNURYXX,2032,2.109
GLOBAL,RNWTRNURYXX,2033,2.109
GLOBAL,RNWTRNURYXX,2034,2.109
GLOBAL,RNWTRNURYXX,2035,2.109
GLOBAL,RNWTRNURYXX,2036,2.109
GLOBAL,RNWTRNURYXX,2037,2.109
GLOBAL,RNWTRNURYXX,2038,2.109
GLOBAL,RNWTRNURYXX,2039,2.109
GLOBAL,RNWTRNURYXX,2040,2.109
GLOBAL,RNWTRNURYXX,2041,2.109
GLOBAL,RNWTRNURYXX,2042,2.109
GLOBAL,RNWTRNURYXX,2043,2.109
GLOBAL,RNWTRNURYXX,2044,2.109
GLOBAL,RNWTRNURYXX,2045,2.109
GLOBAL,RNWTRNURYXX,2046,2.109
GLOBAL,RNWTRNURYXX,2047,2.109
GLOBAL,RNWTRNURYXX,2048,2.109
GLOBAL,RNWTRNURYXX,2049,2.109
GLOBAL,RNWTRNURYXX,2050,2.109
GLOBAL,TRNNLIARGXX,2023,0
GLOBAL,TRNNLIARGXX,2024,0
GLOBAL,TRNNLIARGXX,2025,0
GLOBAL,TRNNLIARGXX,2026,0
GLOBAL,TRNNLIARGXX,2027,0
GLOBAL,TRNNLIARGXX,2028,0
GLOBAL,TRNNLIARGXX,2029,0
GLOBAL,TRNNLIBOLXX,2023,0
GLOBAL,TRNNLIBOLXX,2024,0
GLOBAL,TRNNLIBOLXX,2025,0
GLOBAL,TRNNLIBOLXX,2026,0
GLOBAL,TRNNLIBOLXX,2027,0
GLOBAL,TRNNLIBOLXX,2028,0
GLOBAL,TRNNLIBOLXX,2029,0
GLOBAL,TRNNLIBRAXX,2023,0
GLOBAL,TRNNLIBRAXX,2024,0
GLOBAL,TRNNLIBRAXX,2025,0
GLOBAL,TRNNLIBRAXX,2026,0
GLOBAL,TRNNLIBRAXX,2027,0
GLOBAL,TRNNLIBRAXX,2028,0
GLOBAL,TRNNLIBRAXX,2029,0
GLOBAL,TRNNLIBRBXX,2023,0
GLOBAL,TRNNLIBRBXX,2024,0
GLOBAL,TRNNLIBRBXX,2025,0
GLOBAL,TRNNLIBRBXX,2026,0
GLOBAL,TRNNLIBRBXX,2027,0
GLOBAL,TRNNLIBRBXX,2028,0
GLOBAL,TRNNLIBRBXX,2029,0
GLOBAL,TRNNLICHLXX,2023,0
GLOBAL,TRNNLICHLXX,2024,0
GLOBAL,TRNNLICHLXX,2025,0
GLOBAL,TRNNLICHLXX,2026,0
GLOBAL,TRNNLICHLXX,2027,0
GLOBAL,TRNNLICHLXX,2028,0
GLOBAL,TRNNLICHLXX,2029,0
GLOBAL,TRNNLICOLXX,2023,0
GLOBAL,TRNNLICOLXX,2024,0
GLOBAL,TRNNLICOLXX,2025,0
GLOBAL,TRNNLICOLXX,2026,0
GLOBAL,TRNNLICOLXX,2027,0
GLOBAL,TRNNLICOLXX,2028,0
GLOBAL,TRNNLICOLXX,2029,0
GLOBAL,TRNNLICRIXX,2023,0
GLOBAL,TRNNLICRIXX,2024,0
GLOBAL,TRNNLICRIXX,2025,0
GLOBAL,TRNNLICRIXX,2026,0
GLOBAL,TRNNLICRIXX,2027,0
GLOBAL,TRNNLICRIXX,2028,0
GLOBAL,TRNNLICRIXX,2029,0
GLOBAL,TRNNLIDOMXX,2023,0
GLOBAL,TRNNLIDOMXX,2024,0
GLOBAL,TRNNLIDOMXX,2025,0
GLOBAL,TRNNLIDOMXX,2026,0
GLOBAL,TRNNLIDOMXX,2027,0
GLOBAL,TRNNLIDOMXX,2028,0
GLOBAL,TRNNLIDOMXX,2029,0
GLOBAL,TRNNLIECUXX,2023,0
GLOBAL,TRNNLIECUXX,2024,0
GLOBAL,TRNNLIECUXX,2025,0
GLOBAL,TRNNLIECUXX,2026,0
GLOBAL,TRNNLIECUXX,2027,0
GLOBAL,TRNNLIECUXX,2028,0
GLOBAL,TRNNLIECUXX,2029,0
GLOBAL,TRNNLIGTMXX,2023,0
GLOBAL,TRNNLIGTMXX,2024,0
GLOBAL,TRNNLIGTMXX,2025,0
GLOBAL,TRNNLIGTMXX,2026,0
GLOBAL,TRNNLIGTMXX,2027,0
GLOBAL,TRNNLIGTMXX,2028,0
GLOBAL,TRNNLIGTMXX,2029,0
GLOBAL,TRNNLIHNDXX,2023,0
GLOBAL,TRNNLIHNDXX,2024,0
GLOBAL,TRNNLIHNDXX,2025,0
GLOBAL,TRNNLIHNDXX,2026,0
GLOBAL,TRNNLIHNDXX,2027,0
GLOBAL,TRNNLIHNDXX,2028,0
GLOBAL,TRNNLIHNDXX,2029,0
GLOBAL,TRNNLIHTIXX,2023,0
GLOBAL,TRNNLIHTIXX,2024,0
GLOBAL,TRNNLIHTIXX,2025,0
GLOBAL,TRNNLIHTIXX,2026,0
GLOBAL,TRNNLIHTIXX,2027,0
GLOBAL,TRNNLIHTIXX,2028,0
GLOBAL,TRNNLIHTIXX,2029,0
GLOBAL,TRNNLIMEXXX,2023,0
GLOBAL,TRNNLIMEXXX,2024,0
GLOBAL,TRNNLIMEXXX,2025,0
GLOBAL,TRNNLIMEXXX,2026,0
GLOBAL,TRNNLIMEXXX,2027,0
GLOBAL,TRNNLIMEXXX,2028,0
GLOBAL,TRNNLIMEXXX,2029,0
GLOBAL,TRNNLINICXX,2023,0
GLOBAL,TRNNLINICXX,2024,0
GLOBAL,TRNNLINICXX,2025,0
GLOBAL,TRNNLINICXX,2026,0
GLOBAL,TRNNLINICXX,2027,0
GLOBAL,TRNNLINICXX,2028,0
GLOBAL,TRNNLINICXX,2029,0
GLOBAL,TRNNLIPANXX,2023,0
GLOBAL,TRNNLIPANXX,2024,0
GLOBAL,TRNNLIPANXX,2025,0
GLOBAL,TRNNLIPANXX,2026,0
GLOBAL,TRNNLIPANXX,2027,0
GLOBAL,TRNNLIPANXX,2028,0
GLOBAL,TRNNLIPANXX,2029,0
GLOBAL,TRNNLIPERXX,2023,0
GLOBAL,TRNNLIPERXX,2024,0
GLOBAL,TRNNLIPERXX,2025,0
GLOBAL,TRNNLIPERXX,2026,0
GLOBAL,TRNNLIPERXX,2027,0
GLOBAL,TRNNLIPERXX,2028,0
GLOBAL,TRNNLIPERXX,2029,0
GLOBAL,TRNNLIPRYXX,2023,0
GLOBAL,TRNNLIPRYXX,2024,0
GLOBAL,TRNNLIPRYXX,2025,0
GLOBAL,TRNNLIPRYXX,2026,0
GLOBAL,TRNNLIPRYXX,2027,0
GLOBAL,TRNNLIPRYXX,2028,0
GLOBAL,TRNNLIPRYXX,2029,0
GLOBAL,TRNNLISLVXX,2023,0
GLOBAL,TRNNLISLVXX,2024,0
GLOBAL,TRNNLISLVXX,2025,0
GLOBAL,TRNNLISLVXX,2026,0
GLOBAL,TRNNLISLVXX,2027,0
GLOBAL,TRNNLISLVXX,2028,0
GLOBAL,TRNNLISLVXX,2029,0
GLOBAL,TRNNLIURYXX,2023,0
GLOBAL,TRNNLIURYXX,2024,0
GLOBAL,TRNNLIURYXX,2025,0
GLOBAL,TRNNLIURYXX,2026,0
GLOBAL,TRNNLIURYXX,2027,0
GLOBAL,TRNNLIURYXX,2028,0
GLOBAL,TRNNLIURYXX,2029,0
GLOBAL,TRNRPOARGXX,2023,0
GLOBAL,TRNRPOARGXX,2024,0
GLOBAL,TRNRPOARGXX,2025,0
GLOBAL,TRNRPOARGXX,2026,0
GLOBAL,TRNRPOARGXX,2027,0
GLOBAL,TRNRPOARGXX,2028,23.8586
GLOBAL,TRNRPOARGXX,2029,23.8586
GLOBAL,TRNRPOARGXX,2030,23.8586
GLOBAL,TRNRPOARGXX,2031,23.8586
GLOBAL,TRNRPOARGXX,2032,23.8586
GLOBAL,TRNRPOARGXX,2033,23.8586
GLOBAL,TRNRPOARGXX,2034,23.8586
GLOBAL,TRNRPOARGXX,2035,23.8586
GLOBAL,TRNRPOARGXX,2036,23.8586
GLOBAL,TRNRPOARGXX,2037,23.8586
GLOBAL,TRNRPOARGXX,2038,23.8586
GLOBAL,TRNRPOARGXX,2039,23.8586
GLOBAL,TRNRPOARGXX,2040,23.8586
GLOBAL,TRNRPOARGXX,2041,23.8586
GLOBAL,TRNRPOARGXX,2042,23.8586
GLOBAL,TRNRPOARGXX,2043,23.8586
GLOBAL,TRNRPOARGXX,2044,23.8586
GLOBAL,TRNRPOARGXX,2045,23.8586
GLOBAL,TRNRPOARGXX,2046,23.8586
GLOBAL,TRNRPOARGXX,2047,23.8586
GLOBAL,TRNRPOARGXX,2048,23.8586
GLOBAL,TRNRPOARGXX,2049,23.8586
GLOBAL,TRNRPOARGXX,2050,23.8586
GLOBAL,TRNRPOBOLXX,2023,0
GLOBAL,TRNRPOBOLXX,2024,0
GLOBAL,TRNRPOBOLXX,2025,0
GLOBAL,TRNRPOBOLXX,2026,0
GLOBAL,TRNRPOBOLXX,2027,0
GLOBAL,TRNRPOBOLXX,2028,1.2532
GLOBAL,TRNRPOBOLXX,2029,1.2532
GLOBAL,TRNRPOBOLXX,2030,1.2532
GLOBAL,TRNRPOBOLXX,2031,1.2532
GLOBAL,TRNRPOBOLXX,2032,1.2532
GLOBAL,TRNRPOBOLXX,2033,1.2532
GLOBAL,TRNRPOBOLXX,2034,1.2532
GLOBAL,TRNRPOBOLXX,2035,1.2532
GLOBAL,TRNRPOBOLXX,2036,1.2532
GLOBAL,TRNRPOBOLXX,2037,1.2532
GLOBAL,TRNRPOBOLXX,2038,1.2532
GLOBAL,TRNRPOBOLXX,2039,1.2532
GLOBAL,TRNRPOBOLXX,2040,1.2532
GLOBAL,TRNRPOBOLXX,2041,1.2532
GLOBAL,TRNRPOBOLXX,2042,1.2532
GLOBAL,TRNRPOBOLXX,2043,1.2532
GLOBAL,TRNRPOBOLXX,2044,1.2532
GLOBAL,TRNRPOBOLXX,2045,1.2532
GLOBAL,TRNRPOBOLXX,2046,1.2532
GLOBAL,TRNRPOBOLXX,2047,1.2532
GLOBAL,TRNRPOBOLXX,2048,1.2532
GLOBAL,TRNRPOBOLXX,2049,1.2532
GLOBAL,TRNRPOBOLXX,2050,1.2532
GLOBAL,TRNRPOBRAXX,2023,0
GLOBAL,TRNRPOBRAXX,2024,0
GLOBAL,TRNRPOBRAXX,2025,0
GLOBAL,TRNRPOBRAXX,2026,0
GLOBAL,TRNRPOBRAXX,2027,0
GLOBAL,TRNRPOBRAXX,2028,62.4023
GLOBAL,TRNRPOBRAXX,2029,62.4023
GLOBAL,TRNRPOBRAXX,2030,62.4023
GLOBAL,TRNRPOBRAXX,2031,62.4023
GLOBAL,TRNRPOBRAXX,2032,62.4023
GLOBAL,TRNRPOBRAXX,2033,62.4023
GLOBAL,TRNRPOBRAXX,2034,62.4023
GLOBAL,TRNRPOBRAXX,2035,62.4023
GLOBAL,TRNRPOBRAXX,2036,62.4023
GLOBAL,TRNRPOBRAXX,2037,62.4023
GLOBAL,TRNRPOBRAXX,2038,62.4023
GLOBAL,TRNRPOBRAXX,2039,62.4023
GLOBAL,TRNRPOBRAXX,2040,62.4023
GLOBAL,TRNRPOBRAXX,2041,62.4023
GLOBAL,TRNRPOBRAXX,2042,62.4023
GLOBAL,TRNRPOBRAXX,2043,62.4023
GLOBAL,TRNRPOBRAXX,2044,62.4023
GLOBAL,TRNRPOBRAXX,2045,62.4023
GLOBAL,TRNRPOBRAXX,2046,62.4023
GLOBAL,TRNRPOBRAXX,2047,62.4023
GLOBAL,TRNRPOBRAXX,2048,62.4023
GLOBAL,TRNRPOBRAXX,2049,62.4023
GLOBAL,TRNRPOBRAXX,2050,62.4023
GLOBAL,TRNRPOBRBXX,2023,0
GLOBAL,TRNRPOBRBXX,2024,0
GLOBAL,TRNRPOBRBXX,2025,0
GLOBAL,TRNRPOBRBXX,2026,0
GLOBAL,TRNRPOBRBXX,2027,0
GLOBAL,TRNRPOBRBXX,2028,0.1386
GLOBAL,TRNRPOBRBXX,2029,0.1386
GLOBAL,TRNRPOBRBXX,2030,0.1386
GLOBAL,TRNRPOBRBXX,2031,0.1386
GLOBAL,TRNRPOBRBXX,2032,0.1386
GLOBAL,TRNRPOBRBXX,2033,0.1386
GLOBAL,TRNRPOBRBXX,2034,0.1386
GLOBAL,TRNRPOBRBXX,2035,0.1386
GLOBAL,TRNRPOBRBXX,2036,0.1386
GLOBAL,TRNRPOBRBXX,2037,0.1386
GLOBAL,TRNRPOBRBXX,2038,0.1386
GLOBAL,TRNRPOBRBXX,2039,0.1386
GLOBAL,TRNRPOBRBXX,2040,0.1386
GLOBAL,TRNRPOBRBXX,2041,0.1386
GLOBAL,TRNRPOBRBXX,2042,0.1386
GLOBAL,TRNRPOBRBXX,2043,0.1386
GLOBAL,TRNRPOBRBXX,2044,0.1386
GLOBAL,TRNRPOBRBXX,2045,0.1386
GLOBAL,TRNRPOBRBXX,2046,0.1386
GLOBAL,TRNRPOBRBXX,2047,0.1386
GLOBAL,TRNRPOBRBXX,2048,0.1386
GLOBAL,TRNRPOBRBXX,2049,0.1386
GLOBAL,TRNRPOBRBXX,2050,0.1386
GLOBAL,TRNRPOCHLXX,2023,0
GLOBAL,TRNRPOCHLXX,2024,0
GLOBAL,TRNRPOCHLXX,2025,0
GLOBAL,TRNRPOCHLXX,2026,0
GLOBAL,TRNRPOCHLXX,2027,0
GLOBAL,TRNRPOCHLXX,2028,5.4852
GLOBAL,TRNRPOCHLXX,2029,5.4852
GLOBAL,TRNRPOCHLXX,2030,5.4852
GLOBAL,TRNRPOCHLXX,2031,5.4852
GLOBAL,TRNRPOCHLXX,2032,5.4852
GLOBAL,TRNRPOCHLXX,2033,5.4852
GLOBAL,TRNRPOCHLXX,2034,5.4852
GLOBAL,TRNRPOCHLXX,2035,5.4852
GLOBAL,TRNRPOCHLXX,2036,5.4852
GLOBAL,TRNRPOCHLXX,2037,5.4852
GLOBAL,TRNRPOCHLXX,2038,5.4852
GLOBAL,TRNRPOCHLXX,2039,5.4852
GLOBAL,TRNRPOCHLXX,2040,5.4852
GLOBAL,TRNRPOCHLXX,2041,5.4852
GLOBAL,TRNRPOCHLXX,2042,5.4852
GLOBAL,TRNRPOCHLXX,2043,5.4852
GLOBAL,TRNRPOCHLXX,2044,5.4852
GLOBAL,TRNRPOCHLXX,2045,5.4852
GLOBAL,TRNRPOCHLXX,2046,5.4852
GLOBAL,TRNRPOCHLXX,2047,5.4852
GLOBAL,TRNRPOCHLXX,2048,5.4852
GLOBAL,TRNRPOCHLXX,2049,5.4852
GLOBAL,TRNRPOCHLXX,2050,5.4852
GLOBAL,TRNRPOCOLXX,2023,0
GLOBAL,TRNRPOCOLXX,2024,0
GLOBAL,TRNRPOCOLXX,2025,0.2142
GLOBAL,TRNRPOCOLXX,2026,0.3191
GLOBAL,TRNRPOCOLXX,2027,0.3069
GLOBAL,TRNRPOCOLXX,2028,4.1585
GLOBAL,TRNRPOCOLXX,2029,4.1585
GLOBAL,TRNRPOCOLXX,2030,4.1585
GLOBAL,TRNRPOCOLXX,2031,4.1585
GLOBAL,TRNRPOCOLXX,2032,4.1585
GLOBAL,TRNRPOCOLXX,2033,4.1585
GLOBAL,TRNRPOCOLXX,2034,4.1585
GLOBAL,TRNRPOCOLXX,2035,4.1585
GLOBAL,TRNRPOCOLXX,2036,4.1585
GLOBAL,TRNRPOCOLXX,2037,4.1585
GLOBAL,TRNRPOCOLXX,2038,4.1585
GLOBAL,TRNRPOCOLXX,2039,4.1585
GLOBAL,TRNRPOCOLXX,2040,4.1585
GLOBAL,TRNRPOCOLXX,2041,4.1585
GLOBAL,TRNRPOCOLXX,2042,4.1585
GLOBAL,TRNRPOCOLXX,2043,4.1585
GLOBAL,TRNRPOCOLXX,2044,4.1585
GLOBAL,TRNRPOCOLXX,2045,4.1585
GLOBAL,TRNRPOCOLXX,2046,4.1585
GLOBAL,TRNRPOCOLXX,2047,4.1585
GLOBAL,TRNRPOCOLXX,2048,4.1585
GLOBAL,TRNRPOCOLXX,2049,4.1585
GLOBAL,TRNRPOCOLXX,2050,4.1585
GLOBAL,TRNRPOCRIXX,2023,0
GLOBAL,TRNRPOCRIXX,2024,0
GLOBAL,TRNRPOCRIXX,2025,0
GLOBAL,TRNRPOCRIXX,2026,0
GLOBAL,TRNRPOCRIXX,2027,0
GLOBAL,TRNRPOCRIXX,2028,0.2178
GLOBAL,TRNRPOCRIXX,2029,0.2178
GLOBAL,TRNRPOCRIXX,2030,0.2178
GLOBAL,TRNRPOCRIXX,2031,0.2178
GLOBAL,TRNRPOCRIXX,2032,0.2178
GLOBAL,TRNRPOCRIXX,2033,0.2178
GLOBAL,TRNRPOCRIXX,2034,0.2178
GLOBAL,TRNRPOCRIXX,2035,0.2178
GLOBAL,TRNRPOCRIXX,2036,0.2178
GLOBAL,TRNRPOCRIXX,2037,0.2178
GLOBAL,TRNRPOCRIXX,2038,0.2178
GLOBAL,TRNRPOCRIXX,2039,0.2178
GLOBAL,TRNRPOCRIXX,2040,0.2178
GLOBAL,TRNRPOCRIXX,2041,0.2178
GLOBAL,TRNRPOCRIXX,2042,0.2178
GLOBAL,TRNRPOCRIXX,2043,0.2178
GLOBAL,TRNRPOCRIXX,2044,0.2178
GLOBAL,TRNRPOCRIXX,2045,0.2178
GLOBAL,TRNRPOCRIXX,2046,0.2178
GLOBAL,TRNRPOCRIXX,2047,0.2178
GLOBAL,TRNRPOCRIXX,2048,0.2178
GLOBAL,TRNRPOCRIXX,2049,0.2178
GLOBAL,TRNRPOCRIXX,2050,0.2178
GLOBAL,TRNRPODOMXX,2023,0
GLOBAL,TRNRPODOMXX,2024,0
GLOBAL,TRNRPODOMXX,2025,0
GLOBAL,TRNRPODOMXX,2026,0
GLOBAL,TRNRPODOMXX,2027,0
GLOBAL,TRNRPODOMXX,2028,3.0361
GLOBAL,TRNRPODOMXX,2029,3.0361
GLOBAL,TRNRPODOMXX,2030,3.0361
GLOBAL,TRNRPODOMXX,2031,3.0361
GLOBAL,TRNRPODOMXX,2032,3.0361
GLOBAL,TRNRPODOMXX,2033,3.0361
GLOBAL,TRNRPODOMXX,2034,3.0361
GLOBAL,TRNRPODOMXX,2035,3.0361
GLOBAL,TRNRPODOMXX,2036,3.0361
GLOBAL,TRNRPODOMXX,2037,3.0361
GLOBAL,TRNRPODOMXX,2038,3.0361
GLOBAL,TRNRPODOMXX,2039,3.0361
GLOBAL,TRNRPODOMXX,2040,3.0361
GLOBAL,TRNRPODOMXX,2041,3.0361
GLOBAL,TRNRPODOMXX,2042,3.0361
GLOBAL,TRNRPODOMXX,2043,3.0361
GLOBAL,TRNRPODOMXX,2044,3.0361
GLOBAL,TRNRPODOMXX,2045,3.0361
GLOBAL,TRNRPODOMXX,2046,3.0361
GLOBAL,TRNRPODOMXX,2047,3.0361
GLOBAL,TRNRPODOMXX,2048,3.0361
GLOBAL,TRNRPODOMXX,2049,3.0361
GLOBAL,TRNRPODOMXX,2050,3.0361
GLOBAL,TRNRPOECUXX,2023,0
GLOBAL,TRNRPOECUXX,2024,0
GLOBAL,TRNRPOECUXX,2025,0
GLOBAL,TRNRPOECUXX,2026,0
GLOBAL,TRNRPOECUXX,2027,0
GLOBAL,TRNRPOECUXX,2028,1.5825
GLOBAL,TRNRPOECUXX,2029,1.5825
GLOBAL,TRNRPOECUXX,2030,1.5825
GLOBAL,TRNRPOECUXX,2031,1.5825
GLOBAL,TRNRPOECUXX,2032,1.5825
GLOBAL,TRNRPOECUXX,2033,1.5825
GLOBAL,TRNRPOECUXX,2034,1.5825
GLOBAL,TRNRPOECUXX,2035,1.5825
GLOBAL,TRNRPOECUXX,2036,1.5825
GLOBAL,TRNRPOECUXX,2037,1.5825
GLOBAL,TRNRPOECUXX,2038,1.5825
GLOBAL,TRNRPOECUXX,2039,1.5825
GLOBAL,TRNRPOECUXX,2040,1.5825
GLOBAL,TRNRPOECUXX,2041,1.5825
GLOBAL,TRNRPOECUXX,2042,1.5825
GLOBAL,TRNRPOECUXX,2043,1.5825
GLOBAL,TRNRPOECUXX,2044,1.5825
GLOBAL,TRNRPOECUXX,2045,1.5825
GLOBAL,TRNRPOECUXX,2046,1.5825
GLOBAL,TRNRPOECUXX,2047,1.5825
GLOBAL,TRNRPOECUXX,2048,1.5825
GLOBAL,TRNRPOECUXX,2049,1.5825
GLOBAL,TRNRPOECUXX,2050,1.5825
GLOBAL,TRNRPOGTMXX,2023,0
GLOBAL,TRNRPOGTMXX,2024,0
GLOBAL,TRNRPOGTMXX,2025,0
GLOBAL,TRNRPOGTMXX,2026,0
GLOBAL,TRNRPOGTMXX,2027,0
GLOBAL,TRNRPOGTMXX,2028,1.0349
GLOBAL,TRNRPOGTMXX,2029,1.0349
GLOBAL,TRNRPOGTMXX,2030,1.0349
GLOBAL,TRNRPOGTMXX,2031,1.0349
GLOBAL,TRNRPOGTMXX,2032,1.0349
GLOBAL,TRNRPOGTMXX,2033,1.0349
GLOBAL,TRNRPOGTMXX,2034,1.0349
GLOBAL,TRNRPOGTMXX,2035,1.0349
GLOBAL,TRNRPOGTMXX,2036,1.0349
GLOBAL,TRNRPOGTMXX,2037,1.0349
GLOBAL,TRNRPOGTMXX,2038,1.0349
GLOBAL,TRNRPOGTMXX,2039,1.0349
GLOBAL,TRNRPOGTMXX,2040,1.0349
GLOBAL,TRNRPOGTMXX,2041,1.0349
GLOBAL,TRNRPOGTMXX,2042,1.0349
GLOBAL,TRNRPOGTMXX,2043,1.0349
GLOBAL,TRNRPOGTMXX,2044,1.0349
GLOBAL,TRNRPOGTMXX,2045,1.0349
GLOBAL,TRNRPOGTMXX,2046,1.0349
GLOBAL,TRNRPOGTMXX,2047,1.0349
GLOBAL,TRNRPOGTMXX,2048,1.0349
GLOBAL,TRNRPOGTMXX,2049,1.0349
GLOBAL,TRNRPOGTMXX,2050,1.0349
GLOBAL,TRNRPOHNDXX,2023,0
GLOBAL,TRNRPOHNDXX,2024,0
GLOBAL,TRNRPOHNDXX,2025,0
GLOBAL,TRNRPOHNDXX,2026,0
GLOBAL,TRNRPOHNDXX,2027,0
GLOBAL,TRNRPOHNDXX,2028,1.2276
GLOBAL,TRNRPOHNDXX,2029,1.2276
GLOBAL,TRNRPOHNDXX,2030,1.2276
GLOBAL,TRNRPOHNDXX,2031,1.2276
GLOBAL,TRNRPOHNDXX,2032,1.2276
GLOBAL,TRNRPOHNDXX,2033,1.2276
GLOBAL,TRNRPOHNDXX,2034,1.2276
GLOBAL,TRNRPOHNDXX,2035,1.2276
GLOBAL,TRNRPOHNDXX,2036,1.2276
GLOBAL,TRNRPOHNDXX,2037,1.2276
GLOBAL,TRNRPOHNDXX,2038,1.2276
GLOBAL,TRNRPOHNDXX,2039,1.2276
GLOBAL,TRNRPOHNDXX,2040,1.2276
GLOBAL,TRNRPOHNDXX,2041,1.2276
GLOBAL,TRNRPOHNDXX,2042,1.2276
GLOBAL,TRNRPOHNDXX,2043,1.2276
GLOBAL,TRNRPOHNDXX,2044,1.2276
GLOBAL,TRNRPOHNDXX,2045,1.2276
GLOBAL,TRNRPOHNDXX,2046,1.2276
GLOBAL,TRNRPOHNDXX,2047,1.2276
GLOBAL,TRNRPOHNDXX,2048,1.2276
GLOBAL,TRNRPOHNDXX,2049,1.2276
GLOBAL,TRNRPOHNDXX,2050,1.2276
GLOBAL,TRNRPOHTIXX,2023,0
GLOBAL,TRNRPOHTIXX,2024,0
GLOBAL,TRNRPOHTIXX,2025,0
GLOBAL,TRNRPOHTIXX,2026,0
GLOBAL,TRNRPOHTIXX,2027,0
GLOBAL,TRNRPOHTIXX,2028,0.5264
GLOBAL,TRNRPOHTIXX,2029,0.5264
GLOBAL,TRNRPOHTIXX,2030,0.5264
GLOBAL,TRNRPOHTIXX,2031,0.5264
GLOBAL,TRNRPOHTIXX,2032,0.5264
GLOBAL,TRNRPOHTIXX,2033,0.5264
GLOBAL,TRNRPOHTIXX,2034,0.5264
GLOBAL,TRNRPOHTIXX,2035,0.5264
GLOBAL,TRNRPOHTIXX,2036,0.5264
GLOBAL,TRNRPOHTIXX,2037,0.5264
GLOBAL,TRNRPOHTIXX,2038,0.5264
GLOBAL,TRNRPOHTIXX,2039,0.5264
GLOBAL,TRNRPOHTIXX,2040,0.5264
GLOBAL,TRNRPOHTIXX,2041,0.5264
GLOBAL,TRNRPOHTIXX,2042,0.5264
GLOBAL,TRNRPOHTIXX,2043,0.5264
GLOBAL,TRNRPOHTIXX,2044,0.5264
GLOBAL,TRNRPOHTIXX,2045,0.5264
GLOBAL,TRNRPOHTIXX,2046,0.5264
GLOBAL,TRNRPOHTIXX,2047,0.5264
GLOBAL,TRNRPOHTIXX,2048,0.5264
GLOBAL,TRNRPOHTIXX,2049,0.5264
GLOBAL,TRNRPOHTIXX,2050,0.5264
GLOBAL,TRNRPOMEXXX,2023,0
GLOBAL,TRNRPOMEXXX,2024,0
GLOBAL,TRNRPOMEXXX,2025,0
GLOBAL,TRNRPOMEXXX,2026,0.2966
GLOBAL,TRNRPOMEXXX,2027,0.4892
GLOBAL,TRNRPOMEXXX,2028,40.5131
GLOBAL,TRNRPOMEXXX,2029,40.5131
GLOBAL,TRNRPOMEXXX,2030,40.5131
GLOBAL,TRNRPOMEXXX,2031,40.5131
GLOBAL,TRNRPOMEXXX,2032,40.5131
GLOBAL,TRNRPOMEXXX,2033,40.5131
GLOBAL,TRNRPOMEXXX,2034,40.5131
GLOBAL,TRNRPOMEXXX,2035,40.5131
GLOBAL,TRNRPOMEXXX,2036,40.5131
GLOBAL,TRNRPOMEXXX,2037,40.5131
GLOBAL,TRNRPOMEXXX,2038,40.5131
GLOBAL,TRNRPOMEXXX,2039,40.5131
GLOBAL,TRNRPOMEXXX,2040,40.5131
GLOBAL,TRNRPOMEXXX,2041,40.5131
GLOBAL,TRNRPOMEXXX,2042,40.5131
GLOBAL,TRNRPOMEXXX,2043,40.5131
GLOBAL,TRNRPOMEXXX,2044,40.5131
GLOBAL,TRNRPOMEXXX,2045,40.5131
GLOBAL,TRNRPOMEXXX,2046,40.5131
GLOBAL,TRNRPOMEXXX,2047,40.5131
GLOBAL,TRNRPOMEXXX,2048,40.5131
GLOBAL,TRNRPOMEXXX,2049,40.5131
GLOBAL,TRNRPOMEXXX,2050,40.5131
GLOBAL,TRNRPONICXX,2023,0
GLOBAL,TRNRPONICXX,2024,0
GLOBAL,TRNRPONICXX,2025,0
GLOBAL,TRNRPONICXX,2026,0
GLOBAL,TRNRPONICXX,2027,0
GLOBAL,TRNRPONICXX,2028,0.4028
GLOBAL,TRNRPONICXX,2029,0.4028
GLOBAL,TRNRPONICXX,2030,0.4028
GLOBAL,TRNRPONICXX,2031,0.4028
GLOBAL,TRNRPONICXX,2032,0.4028
GLOBAL,TRNRPONICXX,2033,0.4028
GLOBAL,TRNRPONICXX,2034,0.4028
GLOBAL,TRNRPONICXX,2035,0.4028
GLOBAL,TRNRPONICXX,2036,0.4028
GLOBAL,TRNRPONICXX,2037,0.4028
GLOBAL,TRNRPONICXX,2038,0.4028
GLOBAL,TRNRPONICXX,2039,0.4028
GLOBAL,TRNRPONICXX,2040,0.4028
GLOBAL,TRNRPONICXX,2041,0.4028
GLOBAL,TRNRPONICXX,2042,0.4028
GLOBAL,TRNRPONICXX,2043,0.4028
GLOBAL,TRNRPONICXX,2044,0.4028
GLOBAL,TRNRPONICXX,2045,0.4028
GLOBAL,TRNRPONICXX,2046,0.4028
GLOBAL,TRNRPONICXX,2047,0.4028
GLOBAL,TRNRPONICXX,2048,0.4028
GLOBAL,TRNRPONICXX,2049,0.4028
GLOBAL,TRNRPONICXX,2050,0.4028
GLOBAL,TRNRPOPANXX,2023,0
GLOBAL,TRNRPOPANXX,2024,0
GLOBAL,TRNRPOPANXX,2025,0
GLOBAL,TRNRPOPANXX,2026,0
GLOBAL,TRNRPOPANXX,2027,0
GLOBAL,TRNRPOPANXX,2028,1.1848
GLOBAL,TRNRPOPANXX,2029,1.1848
GLOBAL,TRNRPOPANXX,2030,1.1848
GLOBAL,TRNRPOPANXX,2031,1.1848
GLOBAL,TRNRPOPANXX,2032,1.1848
GLOBAL,TRNRPOPANXX,2033,1.1848
GLOBAL,TRNRPOPANXX,2034,1.1848
GLOBAL,TRNRPOPANXX,2035,1.1848
GLOBAL,TRNRPOPANXX,2036,1.1848
GLOBAL,TRNRPOPANXX,2037,1.1848
GLOBAL,TRNRPOPANXX,2038,1.1848
GLOBAL,TRNRPOPANXX,2039,1.1848
GLOBAL,TRNRPOPANXX,2040,1.1848
GLOBAL,TRNRPOPANXX,2041,1.1848
GLOBAL,TRNRPOPANXX,2042,1.1848
GLOBAL,TRNRPOPANXX,2043,1.1848
GLOBAL,TRNRPOPANXX,2044,1.1848
GLOBAL,TRNRPOPANXX,2045,1.1848
GLOBAL,TRNRPOPANXX,2046,1.1848
GLOBAL,TRNRPOPANXX,2047,1.1848
GLOBAL,TRNRPOPANXX,2048,1.1848
GLOBAL,TRNRPOPANXX,2049,1.1848
GLOBAL,TRNRPOPANXX,2050,1.1848
GLOBAL,TRNRPOPERXX,2023,0
GLOBAL,TRNRPOPERXX,2024,0
GLOBAL,TRNRPOPERXX,2025,0
GLOBAL,TRNRPOPERXX,2026,0
GLOBAL,TRNRPOPERXX,2027,0
GLOBAL,TRNRPOPERXX,2028,3.4022
GLOBAL,TRNRPOPERXX,2029,3.4022
GLOBAL,TRNRPOPERXX,2030,3.4022
GLOBAL,TRNRPOPERXX,2031,3.4022
GLOBAL,TRNRPOPERXX,2032,3.4022
GLOBAL,TRNRPOPERXX,2033,3.4022
GLOBAL,TRNRPOPERXX,2034,3.4022
GLOBAL,TRNRPOPERXX,2035,3.4022
GLOBAL,TRNRPOPERXX,2036,3.4022
GLOBAL,TRNRPOPERXX,2037,3.4022
GLOBAL,TRNRPOPERXX,2038,3.4022
GLOBAL,TRNRPOPERXX,2039,3.4022
GLOBAL,TRNRPOPERXX,2040,3.4022
GLOBAL,TRNRPOPERXX,2041,3.4022
GLOBAL,TRNRPOPERXX,2042,3.4022
GLOBAL,TRNRPOPERXX,2043,3.4022
GLOBAL,TRNRPOPERXX,2044,3.4022
GLOBAL,TRNRPOPERXX,2045,3.4022
GLOBAL,TRNRPOPERXX,2046,3.4022
GLOBAL,TRNRPOPERXX,2047,3.4022
GLOBAL,TRNRPOPERXX,2048,3.4022
GLOBAL,TRNRPOPERXX,2049,3.4022
GLOBAL,TRNRPOPERXX,2050,3.4022
GLOBAL,TRNRPOPRYXX,2023,0
GLOBAL,TRNRPOPRYXX,2024,0
GLOBAL,TRNRPOPRYXX,2025,0
GLOBAL,TRNRPOPRYXX,2026,0
GLOBAL,TRNRPOPRYXX,2027,0
GLOBAL,TRNRPOPRYXX,2028,0.0003
GLOBAL,TRNRPOPRYXX,2029,0.0003
GLOBAL,TRNRPOPRYXX,2030,0.0003
GLOBAL,TRNRPOPRYXX,2031,0.0003
GLOBAL,TRNRPOPRYXX,2032,0.0003
GLOBAL,TRNRPOPRYXX,2033,0.0003
GLOBAL,TRNRPOPRYXX,2034,0.0003
GLOBAL,TRNRPOPRYXX,2035,0.0003
GLOBAL,TRNRPOPRYXX,2036,0.0003
GLOBAL,TRNRPOPRYXX,2037,0.0003
GLOBAL,TRNRPOPRYXX,2038,0.0003
GLOBAL,TRNRPOPRYXX,2039,0.0003
GLOBAL,TRNRPOPRYXX,2040,0.0003
GLOBAL,TRNRPOPRYXX,2041,0.0003
GLOBAL,TRNRPOPRYXX,2042,0.0003
GLOBAL,TRNRPOPRYXX,2043,0.0003
GLOBAL,TRNRPOPRYXX,2044,0.0003
GLOBAL,TRNRPOPRYXX,2045,0.0003
GLOBAL,TRNRPOPRYXX,2046,0.0003
GLOBAL,TRNRPOPRYXX,2047,0.0003
GLOBAL,TRNRPOPRYXX,2048,0.0003
GLOBAL,TRNRPOPRYXX,2049,0.0003
GLOBAL,TRNRPOPRYXX,2050,0.0003
GLOBAL,TRNRPOSLVXX,2023,0
GLOBAL,TRNRPOSLVXX,2024,0
GLOBAL,TRNRPOSLVXX,2025,0
GLOBAL,TRNRPOSLVXX,2026,0.1319
GLOBAL,TRNRPOSLVXX,2027,0.1268
GLOBAL,TRNRPOSLVXX,2028,0.3765
GLOBAL,TRNRPOSLVXX,2029,0.3765
GLOBAL,TRNRPOSLVXX,2030,0.3765
GLOBAL,TRNRPOSLVXX,2031,0.3765
GLOBAL,TRNRPOSLVXX,2032,0.3765
GLOBAL,TRNRPOSLVXX,2033,0.3765
GLOBAL,TRNRPOSLVXX,2034,0.3765
GLOBAL,TRNRPOSLVXX,2035,0.3765
GLOBAL,TRNRPOSLVXX,2036,0.3765
GLOBAL,TRNRPOSLVXX,2037,0.3765
GLOBAL,TRNRPOSLVXX,2038,0.3765
GLOBAL,TRNRPOSLVXX,2039,0.3765
GLOBAL,TRNRPOSLVXX,2040,0.3765
GLOBAL,TRNRPOSLVXX,2041,0.3765
GLOBAL,TRNRPOSLVXX,2042,0.3765
GLOBAL,TRNRPOSLVXX,2043,0.3765
GLOBAL,TRNRPOSLVXX,2044,0.3765
GLOBAL,TRNRPOSLVXX,2045,0.3765
GLOBAL,TRNRPOSLVXX,2046,0.3765
GLOBAL,TRNRPOSLVXX,2047,0.3765
GLOBAL,TRNRPOSLVXX,2048,0.3765
GLOBAL,TRNRPOSLVXX,2049,0.3765
GLOBAL,TRNRPOSLVXX,2050,0.3765
GLOBAL,TRNRPOURYXX,2023,0
GLOBAL,TRNRPOURYXX,2024,0
GLOBAL,TRNRPOURYXX,2025,0
GLOBAL,TRNRPOURYXX,2026,0
GLOBAL,TRNRPOURYXX,2027,0
GLOBAL,TRNRPOURYXX,2028,0.5906
GLOBAL,TRNRPOURYXX,2029,0.5906
GLOBAL,TRNRPOURYXX,2030,0.5906
GLOBAL,TRNRPOURYXX,2031,0.5906
GLOBAL,TRNRPOURYXX,2032,0.5906
GLOBAL,TRNRPOURYXX,2033,0.5906
GLOBAL,TRNRPOURYXX,2034,0.5906
GLOBAL,TRNRPOURYXX,2035,0.5906
GLOBAL,TRNRPOURYXX,2036,0.5906
GLOBAL,TRNRPOURYXX,2037,0.5906
GLOBAL,TRNRPOURYXX,2038,0.5906
GLOBAL,TRNRPOURYXX,2039,0.5906
GLOBAL,TRNRPOURYXX,2040,0.5906
GLOBAL,TRNRPOURYXX,2041,0.5906
GLOBAL,TRNRPOURYXX,2042,0.5906
GLOBAL,TRNRPOURYXX,2043,0.5906
GLOBAL,TRNRPOURYXX,2044,0.5906
GLOBAL,TRNRPOURYXX,2045,0.5906
GLOBAL,TRNRPOURYXX,2046,0.5906
GLOBAL,TRNRPOURYXX,2047,0.5906
GLOBAL,TRNRPOURYXX,2048,0.5906
GLOBAL,TRNRPOURYXX,2049,0.5906
GLOBAL,TRNRPOURYXX,2050,0.5906
