REGION,TECHNOLOGY,YEAR,VALUE
GLOBAL,DSPTRNARGXX,2023,2.8665
GLOBAL,DSPTRNARGXX,2024,3.0303
GLOBAL,DSPTRNARGXX,2025,3.1941
GLOBAL,DSPTRNARGXX,2026,3.3579
GLOBAL,DSPTRNARGXX,2027,3.5217
GLOBAL,DSPTRNARGXX,2028,3.6855
GLOBAL,DSPTRNARGXX,2029,3.8493
GLOBAL,DSPTRNARGXX,2030,4.0131
GLOBAL,DSPTRNARGXX,2031,4.1769
GLOBAL,DSPTRNARGXX,2032,4.3407
GLOBAL,DSPTRNARGXX,2033,4.5045
GLOBAL,DSPTRNARGXX,2034,4.6683
GLOBAL,DSPTRNARGXX,2035,4.8321
GLOBAL,DSPTRNARGXX,2036,4.9959
GLOBAL,DSPTRNARGXX,2037,5.1597
GLOBAL,DSPTRNARGXX,2038,5.3235
GLOBAL,DSPTRNARGXX,2039,5.4873
GLOBAL,DSPTRNARGXX,2040,5.6511
GLOBAL,DSPTRNARGXX,2041,5.8149
GLOBAL,DSPTRNARGXX,2042,5.9787
GLOBAL,DSPTRNARGXX,2043,6.1425
GLOBAL,DSPTRNARGXX,2044,6.3063
GLOBAL,DSPTRNARGXX,2045,6.4701
GLOBAL,DSPTRNARGXX,2046,6.6339
GLOBAL,DSPTRNARGXX,2047,6.7977
GLOBAL,DSPTRNARGXX,2048,6.9615
GLOBAL,DSPTRNARGXX,2049,7.1253
GLOBAL,DSPTRNARGXX,2050,7.2891
GLOBAL,DSPTRNBOLXX,2023,4.9157
GLOBAL,DSPTRNBOLXX,2024,5.1966
GLOBAL,DSPTRNBOLXX,2025,5.4775
GLOBAL,DSPTRNBOLXX,2026,5.7584
GLOBAL,DSPTRNBOLXX,2027,6.0393
GLOBAL,DSPTRNBOLXX,2028,6.3202
GLOBAL,DSPTRNBOLXX,2029,6.6011
GLOBAL,DSPTRNBOLXX,2030,6.882
GLOBAL,DSPTRNBOLXX,2031,7.1629
GLOBAL,DSPTRNBOLXX,2032,7.4438
GLOBAL,DSPTRNBOLXX,2033,7.7247
GLOBAL,DSPTRNBOLXX,2034,8.0056
GLOBAL,DSPTRNBOLXX,2035,8.2865
GLOBAL,DSPTRNBOLXX,2036,8.5674
GLOBAL,DSPTRNBOLXX,2037,8.8483
GLOBAL,DSPTRNBOLXX,2038,9.1292
GLOBAL,DSPTRNBOLXX,2039,9.4101
GLOBAL,DSPTRNBOLXX,2040,9.691
GLOBAL,DSPTRNBOLXX,2041,9.9719
GLOBAL,DSPTRNBOLXX,2042,10.2528
GLOBAL,DSPTRNBOLXX,2043,10.5337
GLOBAL,DSPTRNBOLXX,2044,10.8146
GLOBAL,DSPTRNBOLXX,2045,11.0955
GLOBAL,DSPTRNBOLXX,2046,11.3764
GLOBAL,DSPTRNBOLXX,2047,11.6573
GLOBAL,DSPTRNBOLXX,2048,11.9382
GLOBAL,DSPTRNBOLXX,2049,12.2191
GLOBAL,DSPTRNBOLXX,2050,12.5
GLOBAL,DSPTRNBRAXX,2023,6.2389
GLOBAL,DSPTRNBRAXX,2024,6.5954
GLOBAL,DSPTRNBRAXX,2025,6.9519
GLOBAL,DSPTRNBRAXX,2026,7.3084
GLOBAL,DSPTRNBRAXX,2027,7.6649
GLOBAL,DSPTRNBRAXX,2028,8.0214
GLOBAL,DSPTRNBRAXX,2029,8.3779
GLOBAL,DSPTRNBRAXX,2030,8.7344
GLOBAL,DSPTRNBRAXX,2031,9.0909
GLOBAL,DSPTRNBRAXX,2032,9.4474
GLOBAL,DSPTRNBRAXX,2033,9.8039
GLOBAL,DSPTRNBRAXX,2034,10.1604
GLOBAL,DSPTRNBRAXX,2035,10.5169
GLOBAL,DSPTRNBRAXX,2036,10.8734
GLOBAL,DSPTRNBRAXX,2037,11.2299
GLOBAL,DSPTRNBRAXX,2038,11.5865
GLOBAL,DSPTRNBRAXX,2039,11.943
GLOBAL,DSPTRNBRAXX,2040,12.2995
GLOBAL,DSPTRNBRAXX,2041,12.656
GLOBAL,DSPTRNBRAXX,2042,13.0125
GLOBAL,DSPTRNBRAXX,2043,13.369
GLOBAL,DSPTRNBRAXX,2044,13.7255
GLOBAL,DSPTRNBRAXX,2045,14.082
GLOBAL,DSPTRNBRAXX,2046,14.4385
GLOBAL,DSPTRNBRAXX,2047,14.795
GLOBAL,DSPTRNBRAXX,2048,15.1515
GLOBAL,DSPTRNBRAXX,2049,15.508
GLOBAL,DSPTRNBRAXX,2050,15.8645
GLOBAL,DSPTRNBRBXX,2023,6.5177
GLOBAL,DSPTRNBRBXX,2024,6.8901
GLOBAL,DSPTRNBRBXX,2025,7.2626
GLOBAL,DSPTRNBRBXX,2026,7.635
GLOBAL,DSPTRNBRBXX,2027,8.0074
GLOBAL,DSPTRNBRBXX,2028,8.3799
GLOBAL,DSPTRNBRBXX,2029,8.7523
GLOBAL,DSPTRNBRBXX,2030,9.1248
GLOBAL,DSPTRNBRBXX,2031,9.4972
GLOBAL,DSPTRNBRBXX,2032,9.8696
GLOBAL,DSPTRNBRBXX,2033,10.2421
GLOBAL,DSPTRNBRBXX,2034,10.6145
GLOBAL,DSPTRNBRBXX,2035,10.987
GLOBAL,DSPTRNBRBXX,2036,11.3594
GLOBAL,DSPTRNBRBXX,2037,11.7318
GLOBAL,DSPTRNBRBXX,2038,12.1043
GLOBAL,DSPTRNBRBXX,2039,12.4767
GLOBAL,DSPTRNBRBXX,2040,12.8492
GLOBAL,DSPTRNBRBXX,2041,13.2216
GLOBAL,DSPTRNBRBXX,2042,13.594
GLOBAL,DSPTRNBRBXX,2043,13.9665
GLOBAL,DSPTRNBRBXX,2044,14.3389
GLOBAL,DSPTRNBRBXX,2045,14.7114
GLOBAL,DSPTRNBRBXX,2046,15.0838
GLOBAL,DSPTRNBRBXX,2047,15.4562
GLOBAL,DSPTRNBRBXX,2048,15.8287
GLOBAL,DSPTRNBRBXX,2049,16.2011
GLOBAL,DSPTRNBRBXX,2050,16.5736
GLOBAL,DSPTRNCHLXX,2023,2.2786
GLOBAL,DSPTRNCHLXX,2024,2.4089
GLOBAL,DSPTRNCHLXX,2025,2.5391
GLOBAL,DSPTRNCHLXX,2026,2.6693
GLOBAL,DSPTRNCHLXX,2027,2.7995
GLOBAL,DSPTRNCHLXX,2028,2.9297
GLOBAL,DSPTRNCHLXX,2029,3.0599
GLOBAL,DSPTRNCHLXX,2030,3.1901
GLOBAL,DSPTRNCHLXX,2031,3.3203
GLOBAL,DSPTRNCHLXX,2032,3.4505
GLOBAL,DSPTRNCHLXX,2033,3.5807
GLOBAL,DSPTRNCHLXX,2034,3.7109
GLOBAL,DSPTRNCHLXX,2035,3.8411
GLOBAL,DSPTRNCHLXX,2036,3.9714
GLOBAL,DSPTRNCHLXX,2037,4.1016
GLOBAL,DSPTRNCHLXX,2038,4.2318
GLOBAL,DSPTRNCHLXX,2039,4.362
GLOBAL,DSPTRNCHLXX,2040,4.4922
GLOBAL,DSPTRNCHLXX,2041,4.6224
GLOBAL,DSPTRNCHLXX,2042,4.7526
GLOBAL,DSPTRNCHLXX,2043,4.8828
GLOBAL,DSPTRNCHLXX,2044,5.013
GLOBAL,DSPTRNCHLXX,2045,5.1432
GLOBAL,DSPTRNCHLXX,2046,5.2734
GLOBAL,DSPTRNCHLXX,2047,5.4036
GLOBAL,DSPTRNCHLXX,2048,5.5339
GLOBAL,DSPTRNCHLXX,2049,5.6641
GLOBAL,DSPTRNCHLXX,2050,5.7943
GLOBAL,DSPTRNCOLXX,2023,6.4576
GLOBAL,DSPTRNCOLXX,2024,6.8266
GLOBAL,DSPTRNCOLXX,2025,7.1956
GLOBAL,DSPTRNCOLXX,2026,7.5646
GLOBAL,DSPTRNCOLXX,2027,7.9336
GLOBAL,DSPTRNCOLXX,2028,8.3026
GLOBAL,DSPTRNCOLXX,2029,8.6716
GLOBAL,DSPTRNCOLXX,2030,9.0406
GLOBAL,DSPTRNCOLXX,2031,9.4096
GLOBAL,DSPTRNCOLXX,2032,9.7786
GLOBAL,DSPTRNCOLXX,2033,10.1476
GLOBAL,DSPTRNCOLXX,2034,10.5166
GLOBAL,DSPTRNCOLXX,2035,10.8856
GLOBAL,DSPTRNCOLXX,2036,11.2546
GLOBAL,DSPTRNCOLXX,2037,11.6236
GLOBAL,DSPTRNCOLXX,2038,11.9926
GLOBAL,DSPTRNCOLXX,2039,12.3616
GLOBAL,DSPTRNCOLXX,2040,12.7306
GLOBAL,DSPTRNCOLXX,2041,13.0996
GLOBAL,DSPTRNCOLXX,2042,13.4686
GLOBAL,DSPTRNCOLXX,2043,13.8376
GLOBAL,DSPTRNCOLXX,2044,14.2066
GLOBAL,DSPTRNCOLXX,2045,14.5756
GLOBAL,DSPTRNCOLXX,2046,14.9446
GLOBAL,DSPTRNCOLXX,2047,15.3137
GLOBAL,DSPTRNCOLXX,2048,15.6827
GLOBAL,DSPTRNCOLXX,2049,16.0517
GLOBAL,DSPTRNCOLXX,2050,16.4207
GLOBAL,DSPTRNCRIXX,2023,1.4875
GLOBAL,DSPTRNCRIXX,2024,1.5725
GLOBAL,DSPTRNCRIXX,2025,1.6575
GLOBAL,DSPTRNCRIXX,2026,1.7425
GLOBAL,DSPTRNCRIXX,2027,1.8275
GLOBAL,DSPTRNCRIXX,2028,1.9125
GLOBAL,DSPTRNCRIXX,2029,1.9975
GLOBAL,DSPTRNCRIXX,2030,2.0824
GLOBAL,DSPTRNCRIXX,2031,2.1674
GLOBAL,DSPTRNCRIXX,2032,2.2524
GLOBAL,DSPTRNCRIXX,2033,2.3374
GLOBAL,DSPTRNCRIXX,2034,2.4224
GLOBAL,DSPTRNCRIXX,2035,2.5074
GLOBAL,DSPTRNCRIXX,2036,2.5924
GLOBAL,DSPTRNCRIXX,2037,2.6774
GLOBAL,DSPTRNCRIXX,2038,2.7624
GLOBAL,DSPTRNCRIXX,2039,2.8474
GLOBAL,DSPTRNCRIXX,2040,2.9324
GLOBAL,DSPTRNCRIXX,2041,3.0174
GLOBAL,DSPTRNCRIXX,2042,3.1024
GLOBAL,DSPTRNCRIXX,2043,3.1874
GLOBAL,DSPTRNCRIXX,2044,3.2724
GLOBAL,DSPTRNCRIXX,2045,3.3574
GLOBAL,DSPTRNCRIXX,2046,3.4424
GLOBAL,DSPTRNCRIXX,2047,3.5274
GLOBAL,DSPTRNCRIXX,2048,3.6124
GLOBAL,DSPTRNCRIXX,2049,3.6974
GLOBAL,DSPTRNCRIXX,2050,3.7824
GLOBAL,DSPTRNDOMXX,2023,6.5177
GLOBAL,DSPTRNDOMXX,2024,6.8901
GLOBAL,DSPTRNDOMXX,2025,7.2626
GLOBAL,DSPTRNDOMXX,2026,7.635
GLOBAL,DSPTRNDOMXX,2027,8.0074
GLOBAL,DSPTRNDOMXX,2028,8.3799
GLOBAL,DSPTRNDOMXX,2029,8.7523
GLOBAL,DSPTRNDOMXX,2030,9.1248
GLOBAL,DSPTRNDOMXX,2031,9.4972
GLOBAL,DSPTRNDOMXX,2032,9.8696
GLOBAL,DSPTRNDOMXX,2033,10.2421
GLOBAL,DSPTRNDOMXX,2034,10.6145
GLOBAL,DSPTRNDOMXX,2035,10.987
GLOBAL,DSPTRNDOMXX,2036,11.3594
GLOBAL,DSPTRNDOMXX,2037,11.7318
GLOBAL,DSPTRNDOMXX,2038,12.1043
GLOBAL,DSPTRNDOMXX,2039,12.4767
GLOBAL,DSPTRNDOMXX,2040,12.8492
GLOBAL,DSPTRNDOMXX,2041,13.2216
GLOBAL,DSPTRNDOMXX,2042,13.594
GLOBAL,DSPTRNDOMXX,2043,13.9665
GLOBAL,DSPTRNDOMXX,2044,14.3389
GLOBAL,DSPTRNDOMXX,2045,14.7114
GLOBAL,DSPTRNDOMXX,2046,15.0838
GLOBAL,DSPTRNDOMXX,2047,15.4562
GLOBAL,DSPTRNDOMXX,2048,15.8287
GLOBAL,DSPTRNDOMXX,2049,16.2011
GLOBAL,DSPTRNDOMXX,2050,16.5736
GLOBAL,DSPTRNECUXX,2023,2.3956
GLOBAL,DSPTRNECUXX,2024,2.5325
GLOBAL,DSPTRNECUXX,2025,2.6694
GLOBAL,DSPTRNECUXX,2026,2.8063
GLOBAL,DSPTRNECUXX,2027,2.9432
GLOBAL,DSPTRNECUXX,2028,3.0801
GLOBAL,DSPTRNECUXX,2029,3.217
GLOBAL,DSPTRNECUXX,2030,3.3539
GLOBAL,DSPTRNECUXX,2031,3.4908
GLOBAL,DSPTRNECUXX,2032,3.6277
GLOBAL,DSPTRNECUXX,2033,3.7645
GLOBAL,DSPTRNECUXX,2034,3.9014
GLOBAL,DSPTRNECUXX,2035,4.0383
GLOBAL,DSPTRNECUXX,2036,4.1752
GLOBAL,DSPTRNECUXX,2037,4.3121
GLOBAL,DSPTRNECUXX,2038,4.449
GLOBAL,DSPTRNECUXX,2039,4.5859
GLOBAL,DSPTRNECUXX,2040,4.7228
GLOBAL,DSPTRNECUXX,2041,4.8597
GLOBAL,DSPTRNECUXX,2042,4.9966
GLOBAL,DSPTRNECUXX,2043,5.1335
GLOBAL,DSPTRNECUXX,2044,5.2704
GLOBAL,DSPTRNECUXX,2045,5.4073
GLOBAL,DSPTRNECUXX,2046,5.5441
GLOBAL,DSPTRNECUXX,2047,5.681
GLOBAL,DSPTRNECUXX,2048,5.8179
GLOBAL,DSPTRNECUXX,2049,5.9548
GLOBAL,DSPTRNECUXX,2050,6.0917
GLOBAL,DSPTRNGTMXX,2023,1.6541
GLOBAL,DSPTRNGTMXX,2024,1.7486
GLOBAL,DSPTRNGTMXX,2025,1.8431
GLOBAL,DSPTRNGTMXX,2026,1.9376
GLOBAL,DSPTRNGTMXX,2027,2.0321
GLOBAL,DSPTRNGTMXX,2028,2.1267
GLOBAL,DSPTRNGTMXX,2029,2.2212
GLOBAL,DSPTRNGTMXX,2030,2.3157
GLOBAL,DSPTRNGTMXX,2031,2.4102
GLOBAL,DSPTRNGTMXX,2032,2.5047
GLOBAL,DSPTRNGTMXX,2033,2.5992
GLOBAL,DSPTRNGTMXX,2034,2.6938
GLOBAL,DSPTRNGTMXX,2035,2.7883
GLOBAL,DSPTRNGTMXX,2036,2.8828
GLOBAL,DSPTRNGTMXX,2037,2.9773
GLOBAL,DSPTRNGTMXX,2038,3.0718
GLOBAL,DSPTRNGTMXX,2039,3.1664
GLOBAL,DSPTRNGTMXX,2040,3.2609
GLOBAL,DSPTRNGTMXX,2041,3.3554
GLOBAL,DSPTRNGTMXX,2042,3.4499
GLOBAL,DSPTRNGTMXX,2043,3.5444
GLOBAL,DSPTRNGTMXX,2044,3.6389
GLOBAL,DSPTRNGTMXX,2045,3.7335
GLOBAL,DSPTRNGTMXX,2046,3.828
GLOBAL,DSPTRNGTMXX,2047,3.9225
GLOBAL,DSPTRNGTMXX,2048,4.017
GLOBAL,DSPTRNGTMXX,2049,4.1115
GLOBAL,DSPTRNGTMXX,2050,4.206
GLOBAL,DSPTRNHNDXX,2023,2.3011
GLOBAL,DSPTRNHNDXX,2024,2.4326
GLOBAL,DSPTRNHNDXX,2025,2.5641
GLOBAL,DSPTRNHNDXX,2026,2.6956
GLOBAL,DSPTRNHNDXX,2027,2.8271
GLOBAL,DSPTRNHNDXX,2028,2.9586
GLOBAL,DSPTRNHNDXX,2029,3.0901
GLOBAL,DSPTRNHNDXX,2030,3.2216
GLOBAL,DSPTRNHNDXX,2031,3.3531
GLOBAL,DSPTRNHNDXX,2032,3.4845
GLOBAL,DSPTRNHNDXX,2033,3.616
GLOBAL,DSPTRNHNDXX,2034,3.7475
GLOBAL,DSPTRNHNDXX,2035,3.879
GLOBAL,DSPTRNHNDXX,2036,4.0105
GLOBAL,DSPTRNHNDXX,2037,4.142
GLOBAL,DSPTRNHNDXX,2038,4.2735
GLOBAL,DSPTRNHNDXX,2039,4.405
GLOBAL,DSPTRNHNDXX,2040,4.5365
GLOBAL,DSPTRNHNDXX,2041,4.668
GLOBAL,DSPTRNHNDXX,2042,4.7995
GLOBAL,DSPTRNHNDXX,2043,4.931
GLOBAL,DSPTRNHNDXX,2044,5.0625
GLOBAL,DSPTRNHNDXX,2045,5.194
GLOBAL,DSPTRNHNDXX,2046,5.3254
GLOBAL,DSPTRNHNDXX,2047,5.4569
GLOBAL,DSPTRNHNDXX,2048,5.5884
GLOBAL,DSPTRNHNDXX,2049,5.7199
GLOBAL,DSPTRNHNDXX,2050,5.8514
GLOBAL,DSPTRNHTIXX,2023,6.5177
GLOBAL,DSPTRNHTIXX,2024,6.8901
GLOBAL,DSPTRNHTIXX,2025,7.2626
GLOBAL,DSPTRNHTIXX,2026,7.635
GLOBAL,DSPTRNHTIXX,2027,8.0074
GLOBAL,DSPTRNHTIXX,2028,8.3799
GLOBAL,DSPTRNHTIXX,2029,8.7523
GLOBAL,DSPTRNHTIXX,2030,9.1248
GLOBAL,DSPTRNHTIXX,2031,9.4972
GLOBAL,DSPTRNHTIXX,2032,9.8696
GLOBAL,DSPTRNHTIXX,2033,10.2421
GLOBAL,DSPTRNHTIXX,2034,10.6145
GLOBAL,DSPTRNHTIXX,2035,10.987
GLOBAL,DSPTRNHTIXX,2036,11.3594
GLOBAL,DSPTRNHTIXX,2037,11.7318
GLOBAL,DSPTRNHTIXX,2038,12.1043
GLOBAL,DSPTRNHTIXX,2039,12.4767
GLOBAL,DSPTRNHTIXX,2040,12.8492
GLOBAL,DSPTRNHTIXX,2041,13.2216
GLOBAL,DSPTRNHTIXX,2042,13.594
GLOBAL,DSPTRNHTIXX,2043,13.9665
GLOBAL,DSPTRNHTIXX,2044,14.3389
GLOBAL,DSPTRNHTIXX,2045,14.7114
GLOBAL,DSPTRNHTIXX,2046,15.0838
GLOBAL,DSPTRNHTIXX,2047,15.4562
GLOBAL,DSPTRNHTIXX,2048,15.8287
GLOBAL,DSPTRNHTIXX,2049,16.2011
GLOBAL,DSPTRNHTIXX,2050,16.5736
GLOBAL,DSPTRNMEXXX,2023,15.0862
GLOBAL,DSPTRNMEXXX,2024,15.9483
GLOBAL,DSPTRNMEXXX,2025,16.8103
GLOBAL,DSPTRNMEXXX,2026,17.6724
GLOBAL,DSPTRNMEXXX,2027,18.5345
GLOBAL,DSPTRNMEXXX,2028,19.3966
GLOBAL,DSPTRNMEXXX,2029,20.2586
GLOBAL,DSPTRNMEXXX,2030,21.1207
GLOBAL,DSPTRNMEXXX,2031,21.9828
GLOBAL,DSPTRNMEXXX,2032,22.8448
GLOBAL,DSPTRNMEXXX,2033,23.7069
GLOBAL,DSPTRNMEXXX,2034,24.569
GLOBAL,DSPTRNMEXXX,2035,25.431
GLOBAL,DSPTRNMEXXX,2036,26.2931
GLOBAL,DSPTRNMEXXX,2037,27.1552
GLOBAL,DSPTRNMEXXX,2038,28.0172
GLOBAL,DSPTRNMEXXX,2039,28.8793
GLOBAL,DSPTRNMEXXX,2040,29.7414
GLOBAL,DSPTRNMEXXX,2041,30.6034
GLOBAL,DSPTRNMEXXX,2042,31.4655
GLOBAL,DSPTRNMEXXX,2043,32.3276
GLOBAL,DSPTRNMEXXX,2044,33.1897
GLOBAL,DSPTRNMEXXX,2045,34.0517
GLOBAL,DSPTRNMEXXX,2046,34.9138
GLOBAL,DSPTRNMEXXX,2047,35.7759
GLOBAL,DSPTRNMEXXX,2048,36.6379
GLOBAL,DSPTRNMEXXX,2049,37.5
GLOBAL,DSPTRNMEXXX,2050,38.3621
GLOBAL,DSPTRNNICXX,2023,1.6541
GLOBAL,DSPTRNNICXX,2024,1.7486
GLOBAL,DSPTRNNICXX,2025,1.8431
GLOBAL,DSPTRNNICXX,2026,1.9376
GLOBAL,DSPTRNNICXX,2027,2.0321
GLOBAL,DSPTRNNICXX,2028,2.1267
GLOBAL,DSPTRNNICXX,2029,2.2212
GLOBAL,DSPTRNNICXX,2030,2.3157
GLOBAL,DSPTRNNICXX,2031,2.4102
GLOBAL,DSPTRNNICXX,2032,2.5047
GLOBAL,DSPTRNNICXX,2033,2.5992
GLOBAL,DSPTRNNICXX,2034,2.6938
GLOBAL,DSPTRNNICXX,2035,2.7883
GLOBAL,DSPTRNNICXX,2036,2.8828
GLOBAL,DSPTRNNICXX,2037,2.9773
GLOBAL,DSPTRNNICXX,2038,3.0718
GLOBAL,DSPTRNNICXX,2039,3.1664
GLOBAL,DSPTRNNICXX,2040,3.2609
GLOBAL,DSPTRNNICXX,2041,3.3554
GLOBAL,DSPTRNNICXX,2042,3.4499
GLOBAL,DSPTRNNICXX,2043,3.5444
GLOBAL,DSPTRNNICXX,2044,3.6389
GLOBAL,DSPTRNNICXX,2045,3.7335
GLOBAL,DSPTRNNICXX,2046,3.828
GLOBAL,DSPTRNNICXX,2047,3.9225
GLOBAL,DSPTRNNICXX,2048,4.017
GLOBAL,DSPTRNNICXX,2049,4.1115
GLOBAL,DSPTRNNICXX,2050,4.206
GLOBAL,DSPTRNPANXX,2023,4.7361
GLOBAL,DSPTRNPANXX,2024,5.0068
GLOBAL,DSPTRNPANXX,2025,5.2774
GLOBAL,DSPTRNPANXX,2026,5.548
GLOBAL,DSPTRNPANXX,2027,5.8187
GLOBAL,DSPTRNPANXX,2028,6.0893
GLOBAL,DSPTRNPANXX,2029,6.3599
GLOBAL,DSPTRNPANXX,2030,6.6306
GLOBAL,DSPTRNPANXX,2031,6.9012
GLOBAL,DSPTRNPANXX,2032,7.1719
GLOBAL,DSPTRNPANXX,2033,7.4425
GLOBAL,DSPTRNPANXX,2034,7.7131
GLOBAL,DSPTRNPANXX,2035,7.9838
GLOBAL,DSPTRNPANXX,2036,8.2544
GLOBAL,DSPTRNPANXX,2037,8.525
GLOBAL,DSPTRNPANXX,2038,8.7957
GLOBAL,DSPTRNPANXX,2039,9.0663
GLOBAL,DSPTRNPANXX,2040,9.3369
GLOBAL,DSPTRNPANXX,2041,9.6076
GLOBAL,DSPTRNPANXX,2042,9.8782
GLOBAL,DSPTRNPANXX,2043,10.1488
GLOBAL,DSPTRNPANXX,2044,10.4195
GLOBAL,DSPTRNPANXX,2045,10.6901
GLOBAL,DSPTRNPANXX,2046,10.9608
GLOBAL,DSPTRNPANXX,2047,11.2314
GLOBAL,DSPTRNPANXX,2048,11.502
GLOBAL,DSPTRNPANXX,2049,11.7727
GLOBAL,DSPTRNPANXX,2050,12.0433
GLOBAL,DSPTRNPERXX,2023,1.47
GLOBAL,DSPTRNPERXX,2024,1.554
GLOBAL,DSPTRNPERXX,2025,1.638
GLOBAL,DSPTRNPERXX,2026,1.722
GLOBAL,DSPTRNPERXX,2027,1.806
GLOBAL,DSPTRNPERXX,2028,1.89
GLOBAL,DSPTRNPERXX,2029,1.974
GLOBAL,DSPTRNPERXX,2030,2.058
GLOBAL,DSPTRNPERXX,2031,2.142
GLOBAL,DSPTRNPERXX,2032,2.226
GLOBAL,DSPTRNPERXX,2033,2.31
GLOBAL,DSPTRNPERXX,2034,2.394
GLOBAL,DSPTRNPERXX,2035,2.478
GLOBAL,DSPTRNPERXX,2036,2.5619
GLOBAL,DSPTRNPERXX,2037,2.6459
GLOBAL,DSPTRNPERXX,2038,2.7299
GLOBAL,DSPTRNPERXX,2039,2.8139
GLOBAL,DSPTRNPERXX,2040,2.8979
GLOBAL,DSPTRNPERXX,2041,2.9819
GLOBAL,DSPTRNPERXX,2042,3.0659
GLOBAL,DSPTRNPERXX,2043,3.1499
GLOBAL,DSPTRNPERXX,2044,3.2339
GLOBAL,DSPTRNPERXX,2045,3.3179
GLOBAL,DSPTRNPERXX,2046,3.4019
GLOBAL,DSPTRNPERXX,2047,3.4859
GLOBAL,DSPTRNPERXX,2048,3.5699
GLOBAL,DSPTRNPERXX,2049,3.6539
GLOBAL,DSPTRNPERXX,2050,3.7379
GLOBAL,DSPTRNPRYXX,2023,5.3272
GLOBAL,DSPTRNPRYXX,2024,5.6317
GLOBAL,DSPTRNPRYXX,2025,5.9361
GLOBAL,DSPTRNPRYXX,2026,6.2405
GLOBAL,DSPTRNPRYXX,2027,6.5449
GLOBAL,DSPTRNPRYXX,2028,6.8493
GLOBAL,DSPTRNPRYXX,2029,7.1537
GLOBAL,DSPTRNPRYXX,2030,7.4581
GLOBAL,DSPTRNPRYXX,2031,7.7626
GLOBAL,DSPTRNPRYXX,2032,8.067
GLOBAL,DSPTRNPRYXX,2033,8.3714
GLOBAL,DSPTRNPRYXX,2034,8.6758
GLOBAL,DSPTRNPRYXX,2035,8.9802
GLOBAL,DSPTRNPRYXX,2036,9.2846
GLOBAL,DSPTRNPRYXX,2037,9.589
GLOBAL,DSPTRNPRYXX,2038,9.8935
GLOBAL,DSPTRNPRYXX,2039,10.1979
GLOBAL,DSPTRNPRYXX,2040,10.5023
GLOBAL,DSPTRNPRYXX,2041,10.8067
GLOBAL,DSPTRNPRYXX,2042,11.1111
GLOBAL,DSPTRNPRYXX,2043,11.4155
GLOBAL,DSPTRNPRYXX,2044,11.7199
GLOBAL,DSPTRNPRYXX,2045,12.0244
GLOBAL,DSPTRNPRYXX,2046,12.3288
GLOBAL,DSPTRNPRYXX,2047,12.6332
GLOBAL,DSPTRNPRYXX,2048,12.9376
GLOBAL,DSPTRNPRYXX,2049,13.242
GLOBAL,DSPTRNPRYXX,2050,13.5464
GLOBAL,DSPTRNSLVXX,2023,1.4141
GLOBAL,DSPTRNSLVXX,2024,1.4949
GLOBAL,DSPTRNSLVXX,2025,1.5758
GLOBAL,DSPTRNSLVXX,2026,1.6566
GLOBAL,DSPTRNSLVXX,2027,1.7374
GLOBAL,DSPTRNSLVXX,2028,1.8182
GLOBAL,DSPTRNSLVXX,2029,1.899
GLOBAL,DSPTRNSLVXX,2030,1.9798
GLOBAL,DSPTRNSLVXX,2031,2.0606
GLOBAL,DSPTRNSLVXX,2032,2.1414
GLOBAL,DSPTRNSLVXX,2033,2.2222
GLOBAL,DSPTRNSLVXX,2034,2.303
GLOBAL,DSPTRNSLVXX,2035,2.3838
GLOBAL,DSPTRNSLVXX,2036,2.4646
GLOBAL,DSPTRNSLVXX,2037,2.5455
GLOBAL,DSPTRNSLVXX,2038,2.6263
GLOBAL,DSPTRNSLVXX,2039,2.7071
GLOBAL,DSPTRNSLVXX,2040,2.7879
GLOBAL,DSPTRNSLVXX,2041,2.8687
GLOBAL,DSPTRNSLVXX,2042,2.9495
GLOBAL,DSPTRNSLVXX,2043,3.0303
GLOBAL,DSPTRNSLVXX,2044,3.1111
GLOBAL,DSPTRNSLVXX,2045,3.1919
GLOBAL,DSPTRNSLVXX,2046,3.2727
GLOBAL,DSPTRNSLVXX,2047,3.3535
GLOBAL,DSPTRNSLVXX,2048,3.4343
GLOBAL,DSPTRNSLVXX,2049,3.5152
GLOBAL,DSPTRNSLVXX,2050,3.596
GLOBAL,DSPTRNURYXX,2023,5.3272
GLOBAL,DSPTRNURYXX,2024,5.6317
GLOBAL,DSPTRNURYXX,2025,5.9361
GLOBAL,DSPTRNURYXX,2026,6.2405
GLOBAL,DSPTRNURYXX,2027,6.5449
GLOBAL,DSPTRNURYXX,2028,6.8493
GLOBAL,DSPTRNURYXX,2029,7.1537
GLOBAL,DSPTRNURYXX,2030,7.4581
GLOBAL,DSPTRNURYXX,2031,7.7626
GLOBAL,DSPTRNURYXX,2032,8.067
GLOBAL,DSPTRNURYXX,2033,8.3714
GLOBAL,DSPTRNURYXX,2034,8.6758
GLOBAL,DSPTRNURYXX,2035,8.9802
GLOBAL,DSPTRNURYXX,2036,9.2846
GLOBAL,DSPTRNURYXX,2037,9.589
GLOBAL,DSPTRNURYXX,2038,9.8935
GLOBAL,DSPTRNURYXX,2039,10.1979
GLOBAL,DSPTRNURYXX,2040,10.5023
GLOBAL,DSPTRNURYXX,2041,10.8067
GLOBAL,DSPTRNURYXX,2042,11.1111
GLOBAL,DSPTRNURYXX,2043,11.4155
GLOBAL,DSPTRNURYXX,2044,11.7199
GLOBAL,DSPTRNURYXX,2045,12.0244
GLOBAL,DSPTRNURYXX,2046,12.3288
GLOBAL,DSPTRNURYXX,2047,12.6332
GLOBAL,DSPTRNURYXX,2048,12.9376
GLOBAL,DSPTRNURYXX,2049,13.242
GLOBAL,DSPTRNURYXX,2050,13.5464
GLOBAL,PWRNGSBRAXX,2023,0.0
GLOBAL,PWRNGSBRAXX,2024,0.0
GLOBAL,PWRNGSBRAXX,2025,1.3928
GLOBAL,PWRNGSBRAXX,2026,0.0
GLOBAL,PWRNGSBRAXX,2027,0.0
GLOBAL,PWRNGSBRAXX,2028,0.0
GLOBAL,PWRNGSBRAXX,2029,0.0
GLOBAL,PWRNGSBRAXX,2030,0.0
GLOBAL,PWRNGSBRAXX,2031,0.0
GLOBAL,PWRNGSBRAXX,2032,0.0
GLOBAL,PWRNGSBRAXX,2033,0.0
GLOBAL,PWRNGSBRAXX,2034,0.0
GLOBAL,PWRNGSBRAXX,2035,0.0
GLOBAL,PWRNGSBRAXX,2036,0.0
GLOBAL,PWRNGSBRAXX,2037,0.0
GLOBAL,PWRNGSBRAXX,2038,0.0
GLOBAL,PWRNGSBRAXX,2039,0.0
GLOBAL,PWRNGSBRAXX,2040,0.0
GLOBAL,PWRNGSBRAXX,2041,0.0
GLOBAL,PWRNGSBRAXX,2042,0.0
GLOBAL,PWRNGSBRAXX,2043,0.0
GLOBAL,PWRNGSBRAXX,2044,0.0
GLOBAL,PWRNGSBRAXX,2045,0.0
GLOBAL,PWRNGSBRAXX,2046,0.0
GLOBAL,PWRNGSBRAXX,2047,0.0
GLOBAL,PWRNGSBRAXX,2048,0.0
GLOBAL,PWRNGSBRAXX,2049,0.0
GLOBAL,PWRNGSBRAXX,2050,0.0
GLOBAL,PWRNGSDOMXX,2023,0.0
GLOBAL,PWRNGSDOMXX,2024,0.0
GLOBAL,PWRNGSDOMXX,2025,0.0
GLOBAL,PWRNGSDOMXX,2026,0.0
GLOBAL,PWRNGSDOMXX,2027,0.0
GLOBAL,PWRNGSDOMXX,2028,0.0
GLOBAL,PWRNGSDOMXX,2029,0.0
GLOBAL,PWRNGSDOMXX,2030,0.0
GLOBAL,PWRNGSDOMXX,2031,0.0
GLOBAL,PWRNGSDOMXX,2032,0.0
GLOBAL,PWRNGSDOMXX,2033,0.0606
GLOBAL,PWRNGSDOMXX,2034,0.0
GLOBAL,PWRNGSDOMXX,2035,0.0
GLOBAL,PWRNGSDOMXX,2036,0.0
GLOBAL,PWRNGSDOMXX,2037,0.0
GLOBAL,PWRNGSDOMXX,2038,0.1818
GLOBAL,PWRNGSDOMXX,2039,0.0
GLOBAL,PWRNGSDOMXX,2040,0.1818
GLOBAL,PWRNGSDOMXX,2041,0.0
GLOBAL,PWRNGSDOMXX,2042,0.0
GLOBAL,PWRNGSDOMXX,2043,0.0
GLOBAL,PWRNGSDOMXX,2044,0.0
GLOBAL,PWRNGSDOMXX,2045,0.0
GLOBAL,PWRNGSDOMXX,2046,0.0
GLOBAL,PWRNGSDOMXX,2047,0.0
GLOBAL,PWRNGSDOMXX,2048,0.0
GLOBAL,PWRNGSDOMXX,2049,0.0
GLOBAL,PWRNGSDOMXX,2050,0.0
GLOBAL,PWRNGSGTMXX,2023,0.0
GLOBAL,PWRNGSGTMXX,2024,0.0
GLOBAL,PWRNGSGTMXX,2025,0.0
GLOBAL,PWRNGSGTMXX,2026,0.0
GLOBAL,PWRNGSGTMXX,2027,0.0
GLOBAL,PWRNGSGTMXX,2028,0.0
GLOBAL,PWRNGSGTMXX,2029,0.0
GLOBAL,PWRNGSGTMXX,2030,0.0
GLOBAL,PWRNGSGTMXX,2031,0.0
GLOBAL,PWRNGSGTMXX,2032,0.0
GLOBAL,PWRNGSGTMXX,2033,0.0
GLOBAL,PWRNGSGTMXX,2034,0.0
GLOBAL,PWRNGSGTMXX,2035,0.0505
GLOBAL,PWRNGSGTMXX,2036,0.0
GLOBAL,PWRNGSGTMXX,2037,0.0
GLOBAL,PWRNGSGTMXX,2038,0.0
GLOBAL,PWRNGSGTMXX,2039,0.0
GLOBAL,PWRNGSGTMXX,2040,0.0
GLOBAL,PWRNGSGTMXX,2041,0.0
GLOBAL,PWRNGSGTMXX,2042,0.0
GLOBAL,PWRNGSGTMXX,2043,0.0
GLOBAL,PWRNGSGTMXX,2044,0.0
GLOBAL,PWRNGSGTMXX,2045,0.0
GLOBAL,PWRNGSGTMXX,2046,0.606
GLOBAL,PWRNGSGTMXX,2047,0.0
GLOBAL,PWRNGSGTMXX,2048,0.0
GLOBAL,PWRNGSGTMXX,2049,0.0
GLOBAL,PWRNGSGTMXX,2050,0.0
GLOBAL,PWRNGSMEXXX,2023,0.0
GLOBAL,PWRNGSMEXXX,2024,0.0
GLOBAL,PWRNGSMEXXX,2025,5.2059
GLOBAL,PWRNGSMEXXX,2026,1.5539
GLOBAL,PWRNGSMEXXX,2027,0.0
GLOBAL,PWRNGSMEXXX,2028,2.5159
GLOBAL,PWRNGSMEXXX,2029,0.9433
GLOBAL,PWRNGSMEXXX,2030,0.0
GLOBAL,PWRNGSMEXXX,2031,0.0
GLOBAL,PWRNGSMEXXX,2032,0.0
GLOBAL,PWRNGSMEXXX,2033,0.0
GLOBAL,PWRNGSMEXXX,2034,0.0
GLOBAL,PWRNGSMEXXX,2035,0.0
GLOBAL,PWRNGSMEXXX,2036,0.0
GLOBAL,PWRNGSMEXXX,2037,0.0
GLOBAL,PWRNGSMEXXX,2038,0.0
GLOBAL,PWRNGSMEXXX,2039,0.0
GLOBAL,PWRNGSMEXXX,2040,0.0
GLOBAL,PWRNGSMEXXX,2041,0.0
GLOBAL,PWRNGSMEXXX,2042,0.0
GLOBAL,PWRNGSMEXXX,2043,0.0
GLOBAL,PWRNGSMEXXX,2044,0.0
GLOBAL,PWRNGSMEXXX,2045,0.0
GLOBAL,PWRNGSMEXXX,2046,0.0
GLOBAL,PWRNGSMEXXX,2047,0.0
GLOBAL,PWRNGSMEXXX,2048,0.0
GLOBAL,PWRNGSMEXXX,2049,0.0
GLOBAL,PWRNGSMEXXX,2050,0.0
GLOBAL,PWRNGSPANXX,2023,0.0
GLOBAL,PWRNGSPANXX,2024,0.0
GLOBAL,PWRNGSPANXX,2025,0.0
GLOBAL,PWRNGSPANXX,2026,0.0
GLOBAL,PWRNGSPANXX,2027,0.0
GLOBAL,PWRNGSPANXX,2028,0.2525
GLOBAL,PWRNGSPANXX,2029,0.0
GLOBAL,PWRNGSPANXX,2030,0.0
GLOBAL,PWRNGSPANXX,2031,0.0
GLOBAL,PWRNGSPANXX,2032,0.3131
GLOBAL,PWRNGSPANXX,2033,0.0
GLOBAL,PWRNGSPANXX,2034,0.2525
GLOBAL,PWRNGSPANXX,2035,0.0505
GLOBAL,PWRNGSPANXX,2036,0.0
GLOBAL,PWRNGSPANXX,2037,0.0
GLOBAL,PWRNGSPANXX,2038,0.0
GLOBAL,PWRNGSPANXX,2039,0.0
GLOBAL,PWRNGSPANXX,2040,0.0
GLOBAL,PWRNGSPANXX,2041,0.0
GLOBAL,PWRNGSPANXX,2042,0.0
GLOBAL,PWRNGSPANXX,2043,0.0
GLOBAL,PWRNGSPANXX,2044,0.0
GLOBAL,PWRNGSPANXX,2045,0.0
GLOBAL,PWRNGSPANXX,2046,0.0
GLOBAL,PWRNGSPANXX,2047,0.0
GLOBAL,PWRNGSPANXX,2048,0.0
GLOBAL,PWRNGSPANXX,2049,0.0
GLOBAL,PWRNGSPANXX,2050,0.0
GLOBAL,PWRNGSPERXX,2023,0.0
GLOBAL,PWRNGSPERXX,2024,0.0
GLOBAL,PWRNGSPERXX,2025,0.0
GLOBAL,PWRNGSPERXX,2026,0.0
GLOBAL,PWRNGSPERXX,2027,0.0
GLOBAL,PWRNGSPERXX,2028,0.0
GLOBAL,PWRNGSPERXX,2029,0.0
GLOBAL,PWRNGSPERXX,2030,0.0
GLOBAL,PWRNGSPERXX,2031,1.4392
GLOBAL,PWRNGSPERXX,2032,0.0
GLOBAL,PWRNGSPERXX,2033,0.0
GLOBAL,PWRNGSPERXX,2034,0.0
GLOBAL,PWRNGSPERXX,2035,0.0
GLOBAL,PWRNGSPERXX,2036,0.0
GLOBAL,PWRNGSPERXX,2037,0.0
GLOBAL,PWRNGSPERXX,2038,0.0
GLOBAL,PWRNGSPERXX,2039,0.0
GLOBAL,PWRNGSPERXX,2040,0.0
GLOBAL,PWRNGSPERXX,2041,0.0
GLOBAL,PWRNGSPERXX,2042,0.0
GLOBAL,PWRNGSPERXX,2043,0.0
GLOBAL,PWRNGSPERXX,2044,0.0
GLOBAL,PWRNGSPERXX,2045,0.0
GLOBAL,PWRNGSPERXX,2046,0.0
GLOBAL,PWRNGSPERXX,2047,0.0
GLOBAL,PWRNGSPERXX,2048,0.0
GLOBAL,PWRNGSPERXX,2049,0.0
GLOBAL,PWRNGSPERXX,2050,0.0
GLOBAL,PWRNGSSLVXX,2023,0.0
GLOBAL,PWRNGSSLVXX,2024,0.0
GLOBAL,PWRNGSSLVXX,2025,0.0
GLOBAL,PWRNGSSLVXX,2026,0.0
GLOBAL,PWRNGSSLVXX,2027,0.0
GLOBAL,PWRNGSSLVXX,2028,0.0
GLOBAL,PWRNGSSLVXX,2029,0.0
GLOBAL,PWRNGSSLVXX,2030,0.101
GLOBAL,PWRNGSSLVXX,2031,0.0
GLOBAL,PWRNGSSLVXX,2032,0.303
GLOBAL,PWRNGSSLVXX,2033,0.0
GLOBAL,PWRNGSSLVXX,2034,0.0
GLOBAL,PWRNGSSLVXX,2035,0.3535
GLOBAL,PWRNGSSLVXX,2036,0.0
GLOBAL,PWRNGSSLVXX,2037,0.0
GLOBAL,PWRNGSSLVXX,2038,0.0
GLOBAL,PWRNGSSLVXX,2039,0.0
GLOBAL,PWRNGSSLVXX,2040,0.0
GLOBAL,PWRNGSSLVXX,2041,0.0
GLOBAL,PWRNGSSLVXX,2042,0.0
GLOBAL,PWRNGSSLVXX,2043,0.0
GLOBAL,PWRNGSSLVXX,2044,0.0
GLOBAL,PWRNGSSLVXX,2045,0.0
GLOBAL,PWRNGSSLVXX,2046,0.0
GLOBAL,PWRNGSSLVXX,2047,0.0
GLOBAL,PWRNGSSLVXX,2048,0.0
GLOBAL,PWRNGSSLVXX,2049,0.0
GLOBAL,PWRNGSSLVXX,2050,0.0
GLOBAL,PWRSPVARGXX,2023,
GLOBAL,PWRSPVARGXX,2024,
GLOBAL,PWRSPVARGXX,2025,0.7
GLOBAL,PWRSPVARGXX,2026,0.7
GLOBAL,PWRSPVARGXX,2027,0.7
GLOBAL,PWRSPVARGXX,2028,0.7
GLOBAL,PWRSPVARGXX,2029,0.7
GLOBAL,PWRSPVARGXX,2030,0.7
GLOBAL,PWRSPVARGXX,2031,0.9
GLOBAL,PWRSPVARGXX,2032,0.9
GLOBAL,PWRSPVARGXX,2033,0.9
GLOBAL,PWRSPVARGXX,2034,0.9
GLOBAL,PWRSPVARGXX,2035,0.9
GLOBAL,PWRSPVARGXX,2036,0.9
GLOBAL,PWRSPVARGXX,2037,0.9
GLOBAL,PWRSPVARGXX,2038,0.9
GLOBAL,PWRSPVARGXX,2039,0.9
GLOBAL,PWRSPVARGXX,2040,0.9
GLOBAL,PWRSPVARGXX,2041,1.1
GLOBAL,PWRSPVARGXX,2042,1.1
GLOBAL,PWRSPVARGXX,2043,1.1
GLOBAL,PWRSPVARGXX,2044,1.1
GLOBAL,PWRSPVARGXX,2045,1.1
GLOBAL,PWRSPVARGXX,2046,1.1
GLOBAL,PWRSPVARGXX,2047,1.1
GLOBAL,PWRSPVARGXX,2048,1.1
GLOBAL,PWRSPVARGXX,2049,1.1
GLOBAL,PWRSPVARGXX,2050,1.1
GLOBAL,PWRSPVBOLXX,2023,
GLOBAL,PWRSPVBOLXX,2024,
GLOBAL,PWRSPVBOLXX,2025,0.08
GLOBAL,PWRSPVBOLXX,2026,0.08
GLOBAL,PWRSPVBOLXX,2027,0.1212
GLOBAL,PWRSPVBOLXX,2028,0.08
GLOBAL,PWRSPVBOLXX,2029,0.1212
GLOBAL,PWRSPVBOLXX,2030,0.2424
GLOBAL,PWRSPVBOLXX,2031,0.4848
GLOBAL,PWRSPVBOLXX,2032,0.2323
GLOBAL,PWRSPVBOLXX,2033,0.12
GLOBAL,PWRSPVBOLXX,2034,0.12
GLOBAL,PWRSPVBOLXX,2035,0.12
GLOBAL,PWRSPVBOLXX,2036,0.12
GLOBAL,PWRSPVBOLXX,2037,0.12
GLOBAL,PWRSPVBOLXX,2038,0.12
GLOBAL,PWRSPVBOLXX,2039,0.12
GLOBAL,PWRSPVBOLXX,2040,0.12
GLOBAL,PWRSPVBOLXX,2041,0.15
GLOBAL,PWRSPVBOLXX,2042,0.15
GLOBAL,PWRSPVBOLXX,2043,0.15
GLOBAL,PWRSPVBOLXX,2044,0.15
GLOBAL,PWRSPVBOLXX,2045,0.15
GLOBAL,PWRSPVBOLXX,2046,0.15
GLOBAL,PWRSPVBOLXX,2047,0.15
GLOBAL,PWRSPVBOLXX,2048,0.15
GLOBAL,PWRSPVBOLXX,2049,0.15
GLOBAL,PWRSPVBOLXX,2050,0.15
GLOBAL,PWRSPVBRAXX,2023,
GLOBAL,PWRSPVBRAXX,2024,
GLOBAL,PWRSPVBRAXX,2025,5.5
GLOBAL,PWRSPVBRAXX,2026,5.5
GLOBAL,PWRSPVBRAXX,2027,5.5
GLOBAL,PWRSPVBRAXX,2028,5.5
GLOBAL,PWRSPVBRAXX,2029,8.686
GLOBAL,PWRSPVBRAXX,2030,5.5
GLOBAL,PWRSPVBRAXX,2031,6.5
GLOBAL,PWRSPVBRAXX,2032,6.5
GLOBAL,PWRSPVBRAXX,2033,6.5
GLOBAL,PWRSPVBRAXX,2034,6.5
GLOBAL,PWRSPVBRAXX,2035,6.5
GLOBAL,PWRSPVBRAXX,2036,6.5
GLOBAL,PWRSPVBRAXX,2037,6.5
GLOBAL,PWRSPVBRAXX,2038,6.5
GLOBAL,PWRSPVBRAXX,2039,6.5
GLOBAL,PWRSPVBRAXX,2040,6.5
GLOBAL,PWRSPVBRAXX,2041,7.5
GLOBAL,PWRSPVBRAXX,2042,7.5
GLOBAL,PWRSPVBRAXX,2043,7.5
GLOBAL,PWRSPVBRAXX,2044,7.5
GLOBAL,PWRSPVBRAXX,2045,7.5
GLOBAL,PWRSPVBRAXX,2046,7.5
GLOBAL,PWRSPVBRAXX,2047,7.5
GLOBAL,PWRSPVBRAXX,2048,7.5
GLOBAL,PWRSPVBRAXX,2049,7.5
GLOBAL,PWRSPVBRAXX,2050,7.5
GLOBAL,PWRSPVBRBXX,2023,
GLOBAL,PWRSPVBRBXX,2024,
GLOBAL,PWRSPVBRBXX,2025,0.1
GLOBAL,PWRSPVBRBXX,2026,0.1
GLOBAL,PWRSPVBRBXX,2027,0.1
GLOBAL,PWRSPVBRBXX,2028,0.1
GLOBAL,PWRSPVBRBXX,2029,0.1
GLOBAL,PWRSPVBRBXX,2030,0.1
GLOBAL,PWRSPVBRBXX,2031,0.12
GLOBAL,PWRSPVBRBXX,2032,0.12
GLOBAL,PWRSPVBRBXX,2033,0.12
GLOBAL,PWRSPVBRBXX,2034,0.12
GLOBAL,PWRSPVBRBXX,2035,0.12
GLOBAL,PWRSPVBRBXX,2036,0.12
GLOBAL,PWRSPVBRBXX,2037,0.12
GLOBAL,PWRSPVBRBXX,2038,0.12
GLOBAL,PWRSPVBRBXX,2039,0.12
GLOBAL,PWRSPVBRBXX,2040,0.1818
GLOBAL,PWRSPVBRBXX,2041,0.14
GLOBAL,PWRSPVBRBXX,2042,0.14
GLOBAL,PWRSPVBRBXX,2043,0.14
GLOBAL,PWRSPVBRBXX,2044,0.14
GLOBAL,PWRSPVBRBXX,2045,0.14
GLOBAL,PWRSPVBRBXX,2046,0.14
GLOBAL,PWRSPVBRBXX,2047,0.14
GLOBAL,PWRSPVBRBXX,2048,0.14
GLOBAL,PWRSPVBRBXX,2049,0.14
GLOBAL,PWRSPVBRBXX,2050,0.14
GLOBAL,PWRSPVCHLXX,2023,
GLOBAL,PWRSPVCHLXX,2024,
GLOBAL,PWRSPVCHLXX,2025,2.2
GLOBAL,PWRSPVCHLXX,2026,2.2
GLOBAL,PWRSPVCHLXX,2027,2.2
GLOBAL,PWRSPVCHLXX,2028,2.2
GLOBAL,PWRSPVCHLXX,2029,2.2
GLOBAL,PWRSPVCHLXX,2030,2.2
GLOBAL,PWRSPVCHLXX,2031,2.7
GLOBAL,PWRSPVCHLXX,2032,2.7
GLOBAL,PWRSPVCHLXX,2033,2.7
GLOBAL,PWRSPVCHLXX,2034,2.7
GLOBAL,PWRSPVCHLXX,2035,2.7
GLOBAL,PWRSPVCHLXX,2036,2.7
GLOBAL,PWRSPVCHLXX,2037,2.7
GLOBAL,PWRSPVCHLXX,2038,2.7
GLOBAL,PWRSPVCHLXX,2039,2.7
GLOBAL,PWRSPVCHLXX,2040,2.7
GLOBAL,PWRSPVCHLXX,2041,3.2
GLOBAL,PWRSPVCHLXX,2042,3.2
GLOBAL,PWRSPVCHLXX,2043,3.2
GLOBAL,PWRSPVCHLXX,2044,3.2
GLOBAL,PWRSPVCHLXX,2045,3.2
GLOBAL,PWRSPVCHLXX,2046,3.2
GLOBAL,PWRSPVCHLXX,2047,3.2
GLOBAL,PWRSPVCHLXX,2048,3.2
GLOBAL,PWRSPVCHLXX,2049,3.2
GLOBAL,PWRSPVCHLXX,2050,3.2
GLOBAL,PWRSPVCOLXX,2023,
GLOBAL,PWRSPVCOLXX,2024,
GLOBAL,PWRSPVCOLXX,2025,1.2
GLOBAL,PWRSPVCOLXX,2026,1.2
GLOBAL,PWRSPVCOLXX,2027,1.2
GLOBAL,PWRSPVCOLXX,2028,1.2
GLOBAL,PWRSPVCOLXX,2029,1.2
GLOBAL,PWRSPVCOLXX,2030,1.2
GLOBAL,PWRSPVCOLXX,2031,1.4
GLOBAL,PWRSPVCOLXX,2032,1.4
GLOBAL,PWRSPVCOLXX,2033,1.4
GLOBAL,PWRSPVCOLXX,2034,1.4
GLOBAL,PWRSPVCOLXX,2035,1.4
GLOBAL,PWRSPVCOLXX,2036,1.4
GLOBAL,PWRSPVCOLXX,2037,1.4
GLOBAL,PWRSPVCOLXX,2038,1.4
GLOBAL,PWRSPVCOLXX,2039,1.4
GLOBAL,PWRSPVCOLXX,2040,1.4
GLOBAL,PWRSPVCOLXX,2041,1.6
GLOBAL,PWRSPVCOLXX,2042,1.6
GLOBAL,PWRSPVCOLXX,2043,1.6
GLOBAL,PWRSPVCOLXX,2044,1.6
GLOBAL,PWRSPVCOLXX,2045,1.6
GLOBAL,PWRSPVCOLXX,2046,1.6
GLOBAL,PWRSPVCOLXX,2047,1.6
GLOBAL,PWRSPVCOLXX,2048,1.6
GLOBAL,PWRSPVCOLXX,2049,1.6
GLOBAL,PWRSPVCOLXX,2050,1.6
GLOBAL,PWRSPVCRIXX,2023,
GLOBAL,PWRSPVCRIXX,2024,
GLOBAL,PWRSPVCRIXX,2025,0.06
GLOBAL,PWRSPVCRIXX,2026,0.06
GLOBAL,PWRSPVCRIXX,2027,0.06
GLOBAL,PWRSPVCRIXX,2028,0.06
GLOBAL,PWRSPVCRIXX,2029,0.06
GLOBAL,PWRSPVCRIXX,2030,0.06
GLOBAL,PWRSPVCRIXX,2031,0.09
GLOBAL,PWRSPVCRIXX,2032,0.09
GLOBAL,PWRSPVCRIXX,2033,0.09
GLOBAL,PWRSPVCRIXX,2034,0.09
GLOBAL,PWRSPVCRIXX,2035,0.09
GLOBAL,PWRSPVCRIXX,2036,0.09
GLOBAL,PWRSPVCRIXX,2037,0.09
GLOBAL,PWRSPVCRIXX,2038,0.09
GLOBAL,PWRSPVCRIXX,2039,0.09
GLOBAL,PWRSPVCRIXX,2040,0.09
GLOBAL,PWRSPVCRIXX,2041,0.12
GLOBAL,PWRSPVCRIXX,2042,0.12
GLOBAL,PWRSPVCRIXX,2043,0.12
GLOBAL,PWRSPVCRIXX,2044,0.12
GLOBAL,PWRSPVCRIXX,2045,0.12
GLOBAL,PWRSPVCRIXX,2046,0.12
GLOBAL,PWRSPVCRIXX,2047,0.12
GLOBAL,PWRSPVCRIXX,2048,0.12
GLOBAL,PWRSPVCRIXX,2049,0.12
GLOBAL,PWRSPVCRIXX,2050,0.12
GLOBAL,PWRSPVDOMXX,2023,9999.0
GLOBAL,PWRSPVDOMXX,2024,9999.0
GLOBAL,PWRSPVDOMXX,2025,0.3
GLOBAL,PWRSPVDOMXX,2026,0.3
GLOBAL,PWRSPVDOMXX,2027,0.3
GLOBAL,PWRSPVDOMXX,2028,0.3
GLOBAL,PWRSPVDOMXX,2029,0.3
GLOBAL,PWRSPVDOMXX,2030,0.3
GLOBAL,PWRSPVDOMXX,2031,0.375
GLOBAL,PWRSPVDOMXX,2032,0.375
GLOBAL,PWRSPVDOMXX,2033,0.375
GLOBAL,PWRSPVDOMXX,2034,0.375
GLOBAL,PWRSPVDOMXX,2035,0.375
GLOBAL,PWRSPVDOMXX,2036,0.375
GLOBAL,PWRSPVDOMXX,2037,0.375
GLOBAL,PWRSPVDOMXX,2038,0.375
GLOBAL,PWRSPVDOMXX,2039,0.375
GLOBAL,PWRSPVDOMXX,2040,0.375
GLOBAL,PWRSPVDOMXX,2041,0.45
GLOBAL,PWRSPVDOMXX,2042,0.45
GLOBAL,PWRSPVDOMXX,2043,0.45
GLOBAL,PWRSPVDOMXX,2044,0.45
GLOBAL,PWRSPVDOMXX,2045,0.45
GLOBAL,PWRSPVDOMXX,2046,0.45
GLOBAL,PWRSPVDOMXX,2047,0.45
GLOBAL,PWRSPVDOMXX,2048,0.45
GLOBAL,PWRSPVDOMXX,2049,0.45
GLOBAL,PWRSPVDOMXX,2050,0.45
GLOBAL,PWRSPVECUXX,2023,
GLOBAL,PWRSPVECUXX,2024,
GLOBAL,PWRSPVECUXX,2025,0.202
GLOBAL,PWRSPVECUXX,2026,0.3208
GLOBAL,PWRSPVECUXX,2027,0.1717
GLOBAL,PWRSPVECUXX,2028,0.3333
GLOBAL,PWRSPVECUXX,2029,0.1
GLOBAL,PWRSPVECUXX,2030,0.1
GLOBAL,PWRSPVECUXX,2031,0.175
GLOBAL,PWRSPVECUXX,2032,0.175
GLOBAL,PWRSPVECUXX,2033,0.175
GLOBAL,PWRSPVECUXX,2034,0.175
GLOBAL,PWRSPVECUXX,2035,0.175
GLOBAL,PWRSPVECUXX,2036,0.175
GLOBAL,PWRSPVECUXX,2037,0.175
GLOBAL,PWRSPVECUXX,2038,0.175
GLOBAL,PWRSPVECUXX,2039,0.175
GLOBAL,PWRSPVECUXX,2040,0.175
GLOBAL,PWRSPVECUXX,2041,0.25
GLOBAL,PWRSPVECUXX,2042,0.25
GLOBAL,PWRSPVECUXX,2043,0.25
GLOBAL,PWRSPVECUXX,2044,0.25
GLOBAL,PWRSPVECUXX,2045,0.25
GLOBAL,PWRSPVECUXX,2046,0.25
GLOBAL,PWRSPVECUXX,2047,0.25
GLOBAL,PWRSPVECUXX,2048,0.25
GLOBAL,PWRSPVECUXX,2049,0.25
GLOBAL,PWRSPVECUXX,2050,0.25
GLOBAL,PWRSPVGTMXX,2023,
GLOBAL,PWRSPVGTMXX,2024,
GLOBAL,PWRSPVGTMXX,2025,0.15
GLOBAL,PWRSPVGTMXX,2026,0.15
GLOBAL,PWRSPVGTMXX,2027,0.15
GLOBAL,PWRSPVGTMXX,2028,0.15
GLOBAL,PWRSPVGTMXX,2029,0.15
GLOBAL,PWRSPVGTMXX,2030,0.15
GLOBAL,PWRSPVGTMXX,2031,0.2
GLOBAL,PWRSPVGTMXX,2032,0.2
GLOBAL,PWRSPVGTMXX,2033,0.2
GLOBAL,PWRSPVGTMXX,2034,0.2
GLOBAL,PWRSPVGTMXX,2035,0.2
GLOBAL,PWRSPVGTMXX,2036,0.2
GLOBAL,PWRSPVGTMXX,2037,0.2
GLOBAL,PWRSPVGTMXX,2038,0.2
GLOBAL,PWRSPVGTMXX,2039,0.2
GLOBAL,PWRSPVGTMXX,2040,0.2
GLOBAL,PWRSPVGTMXX,2041,0.25
GLOBAL,PWRSPVGTMXX,2042,0.25
GLOBAL,PWRSPVGTMXX,2043,0.25
GLOBAL,PWRSPVGTMXX,2044,0.25
GLOBAL,PWRSPVGTMXX,2045,0.25
GLOBAL,PWRSPVGTMXX,2046,0.25
GLOBAL,PWRSPVGTMXX,2047,0.25
GLOBAL,PWRSPVGTMXX,2048,0.25
GLOBAL,PWRSPVGTMXX,2049,0.25
GLOBAL,PWRSPVGTMXX,2050,0.25
GLOBAL,PWRSPVHNDXX,2023,
GLOBAL,PWRSPVHNDXX,2024,
GLOBAL,PWRSPVHNDXX,2025,0.18
GLOBAL,PWRSPVHNDXX,2026,0.3232
GLOBAL,PWRSPVHNDXX,2027,0.18
GLOBAL,PWRSPVHNDXX,2028,0.1919
GLOBAL,PWRSPVHNDXX,2029,0.18
GLOBAL,PWRSPVHNDXX,2030,0.18
GLOBAL,PWRSPVHNDXX,2031,0.23
GLOBAL,PWRSPVHNDXX,2032,0.23
GLOBAL,PWRSPVHNDXX,2033,0.23
GLOBAL,PWRSPVHNDXX,2034,0.23
GLOBAL,PWRSPVHNDXX,2035,0.23
GLOBAL,PWRSPVHNDXX,2036,0.23
GLOBAL,PWRSPVHNDXX,2037,0.23
GLOBAL,PWRSPVHNDXX,2038,0.23
GLOBAL,PWRSPVHNDXX,2039,0.23
GLOBAL,PWRSPVHNDXX,2040,0.23
GLOBAL,PWRSPVHNDXX,2041,0.28
GLOBAL,PWRSPVHNDXX,2042,0.28
GLOBAL,PWRSPVHNDXX,2043,0.28
GLOBAL,PWRSPVHNDXX,2044,0.28
GLOBAL,PWRSPVHNDXX,2045,0.28
GLOBAL,PWRSPVHNDXX,2046,0.28
GLOBAL,PWRSPVHNDXX,2047,0.28
GLOBAL,PWRSPVHNDXX,2048,0.28
GLOBAL,PWRSPVHNDXX,2049,0.28
GLOBAL,PWRSPVHNDXX,2050,0.28
GLOBAL,PWRSPVHTIXX,2023,
GLOBAL,PWRSPVHTIXX,2024,
GLOBAL,PWRSPVHTIXX,2025,0.01
GLOBAL,PWRSPVHTIXX,2026,0.01
GLOBAL,PWRSPVHTIXX,2027,0.01
GLOBAL,PWRSPVHTIXX,2028,0.01
GLOBAL,PWRSPVHTIXX,2029,0.01
GLOBAL,PWRSPVHTIXX,2030,0.01
GLOBAL,PWRSPVHTIXX,2031,0.025
GLOBAL,PWRSPVHTIXX,2032,0.025
GLOBAL,PWRSPVHTIXX,2033,0.025
GLOBAL,PWRSPVHTIXX,2034,0.025
GLOBAL,PWRSPVHTIXX,2035,0.025
GLOBAL,PWRSPVHTIXX,2036,0.025
GLOBAL,PWRSPVHTIXX,2037,0.025
GLOBAL,PWRSPVHTIXX,2038,0.025
GLOBAL,PWRSPVHTIXX,2039,0.025
GLOBAL,PWRSPVHTIXX,2040,0.025
GLOBAL,PWRSPVHTIXX,2041,0.04
GLOBAL,PWRSPVHTIXX,2042,0.04
GLOBAL,PWRSPVHTIXX,2043,0.04
GLOBAL,PWRSPVHTIXX,2044,0.04
GLOBAL,PWRSPVHTIXX,2045,0.04
GLOBAL,PWRSPVHTIXX,2046,0.04
GLOBAL,PWRSPVHTIXX,2047,0.04
GLOBAL,PWRSPVHTIXX,2048,0.04
GLOBAL,PWRSPVHTIXX,2049,0.04
GLOBAL,PWRSPVHTIXX,2050,0.04
GLOBAL,PWRSPVMEXXX,2023,
GLOBAL,PWRSPVMEXXX,2024,
GLOBAL,PWRSPVMEXXX,2025,1.0
GLOBAL,PWRSPVMEXXX,2026,1.0
GLOBAL,PWRSPVMEXXX,2027,1.4069
GLOBAL,PWRSPVMEXXX,2028,1.0
GLOBAL,PWRSPVMEXXX,2029,1.0
GLOBAL,PWRSPVMEXXX,2030,1.0
GLOBAL,PWRSPVMEXXX,2031,1.3
GLOBAL,PWRSPVMEXXX,2032,1.3
GLOBAL,PWRSPVMEXXX,2033,1.3
GLOBAL,PWRSPVMEXXX,2034,1.3
GLOBAL,PWRSPVMEXXX,2035,1.3
GLOBAL,PWRSPVMEXXX,2036,1.3
GLOBAL,PWRSPVMEXXX,2037,1.3
GLOBAL,PWRSPVMEXXX,2038,1.3
GLOBAL,PWRSPVMEXXX,2039,1.3
GLOBAL,PWRSPVMEXXX,2040,1.3
GLOBAL,PWRSPVMEXXX,2041,1.6
GLOBAL,PWRSPVMEXXX,2042,1.6
GLOBAL,PWRSPVMEXXX,2043,1.6
GLOBAL,PWRSPVMEXXX,2044,1.6
GLOBAL,PWRSPVMEXXX,2045,1.6
GLOBAL,PWRSPVMEXXX,2046,1.6
GLOBAL,PWRSPVMEXXX,2047,1.6
GLOBAL,PWRSPVMEXXX,2048,1.6
GLOBAL,PWRSPVMEXXX,2049,1.6
GLOBAL,PWRSPVMEXXX,2050,1.6
GLOBAL,PWRSPVNICXX,2023,
GLOBAL,PWRSPVNICXX,2024,
GLOBAL,PWRSPVNICXX,2025,0.06
GLOBAL,PWRSPVNICXX,2026,0.06
GLOBAL,PWRSPVNICXX,2027,0.06
GLOBAL,PWRSPVNICXX,2028,0.06
GLOBAL,PWRSPVNICXX,2029,0.06
GLOBAL,PWRSPVNICXX,2030,0.06
GLOBAL,PWRSPVNICXX,2031,0.09
GLOBAL,PWRSPVNICXX,2032,0.09
GLOBAL,PWRSPVNICXX,2033,0.09
GLOBAL,PWRSPVNICXX,2034,0.09
GLOBAL,PWRSPVNICXX,2035,0.09
GLOBAL,PWRSPVNICXX,2036,0.09
GLOBAL,PWRSPVNICXX,2037,0.09
GLOBAL,PWRSPVNICXX,2038,0.09
GLOBAL,PWRSPVNICXX,2039,0.09
GLOBAL,PWRSPVNICXX,2040,0.09
GLOBAL,PWRSPVNICXX,2041,0.12
GLOBAL,PWRSPVNICXX,2042,0.12
GLOBAL,PWRSPVNICXX,2043,0.12
GLOBAL,PWRSPVNICXX,2044,0.12
GLOBAL,PWRSPVNICXX,2045,0.12
GLOBAL,PWRSPVNICXX,2046,0.12
GLOBAL,PWRSPVNICXX,2047,0.12
GLOBAL,PWRSPVNICXX,2048,0.12
GLOBAL,PWRSPVNICXX,2049,0.12
GLOBAL,PWRSPVNICXX,2050,0.12
GLOBAL,PWRSPVPANXX,2023,
GLOBAL,PWRSPVPANXX,2024,
GLOBAL,PWRSPVPANXX,2025,0.4002
GLOBAL,PWRSPVPANXX,2026,0.2367
GLOBAL,PWRSPVPANXX,2027,0.2
GLOBAL,PWRSPVPANXX,2028,0.2
GLOBAL,PWRSPVPANXX,2029,0.2
GLOBAL,PWRSPVPANXX,2030,0.2
GLOBAL,PWRSPVPANXX,2031,0.275
GLOBAL,PWRSPVPANXX,2032,0.275
GLOBAL,PWRSPVPANXX,2033,0.275
GLOBAL,PWRSPVPANXX,2034,0.275
GLOBAL,PWRSPVPANXX,2035,0.275
GLOBAL,PWRSPVPANXX,2036,0.275
GLOBAL,PWRSPVPANXX,2037,0.275
GLOBAL,PWRSPVPANXX,2038,0.275
GLOBAL,PWRSPVPANXX,2039,0.275
GLOBAL,PWRSPVPANXX,2040,0.275
GLOBAL,PWRSPVPANXX,2041,0.35
GLOBAL,PWRSPVPANXX,2042,0.35
GLOBAL,PWRSPVPANXX,2043,0.35
GLOBAL,PWRSPVPANXX,2044,0.35
GLOBAL,PWRSPVPANXX,2045,0.35
GLOBAL,PWRSPVPANXX,2046,0.35
GLOBAL,PWRSPVPANXX,2047,0.35
GLOBAL,PWRSPVPANXX,2048,0.35
GLOBAL,PWRSPVPANXX,2049,0.35
GLOBAL,PWRSPVPANXX,2050,0.35
GLOBAL,PWRSPVPERXX,2023,
GLOBAL,PWRSPVPERXX,2024,
GLOBAL,PWRSPVPERXX,2025,0.5
GLOBAL,PWRSPVPERXX,2026,0.5
GLOBAL,PWRSPVPERXX,2027,0.5
GLOBAL,PWRSPVPERXX,2028,0.5
GLOBAL,PWRSPVPERXX,2029,0.5
GLOBAL,PWRSPVPERXX,2030,0.5
GLOBAL,PWRSPVPERXX,2031,0.75
GLOBAL,PWRSPVPERXX,2032,0.75
GLOBAL,PWRSPVPERXX,2033,0.75
GLOBAL,PWRSPVPERXX,2034,0.75
GLOBAL,PWRSPVPERXX,2035,0.75
GLOBAL,PWRSPVPERXX,2036,0.75
GLOBAL,PWRSPVPERXX,2037,0.75
GLOBAL,PWRSPVPERXX,2038,0.75
GLOBAL,PWRSPVPERXX,2039,0.75
GLOBAL,PWRSPVPERXX,2040,0.75
GLOBAL,PWRSPVPERXX,2041,1.0
GLOBAL,PWRSPVPERXX,2042,1.0
GLOBAL,PWRSPVPERXX,2043,1.0
GLOBAL,PWRSPVPERXX,2044,1.0
GLOBAL,PWRSPVPERXX,2045,1.0
GLOBAL,PWRSPVPERXX,2046,1.0
GLOBAL,PWRSPVPERXX,2047,1.0
GLOBAL,PWRSPVPERXX,2048,1.0
GLOBAL,PWRSPVPERXX,2049,1.0
GLOBAL,PWRSPVPERXX,2050,1.0
GLOBAL,PWRSPVPRYXX,2023,0.0
GLOBAL,PWRSPVPRYXX,2024,0.0
GLOBAL,PWRSPVPRYXX,2025,0.07
GLOBAL,PWRSPVPRYXX,2026,0.07
GLOBAL,PWRSPVPRYXX,2027,0.07
GLOBAL,PWRSPVPRYXX,2028,0.07
GLOBAL,PWRSPVPRYXX,2029,0.07
GLOBAL,PWRSPVPRYXX,2030,0.07
GLOBAL,PWRSPVPRYXX,2031,0.4798
GLOBAL,PWRSPVPRYXX,2032,0.135
GLOBAL,PWRSPVPRYXX,2033,0.135
GLOBAL,PWRSPVPRYXX,2034,0.135
GLOBAL,PWRSPVPRYXX,2035,0.135
GLOBAL,PWRSPVPRYXX,2036,0.135
GLOBAL,PWRSPVPRYXX,2037,0.135
GLOBAL,PWRSPVPRYXX,2038,0.135
GLOBAL,PWRSPVPRYXX,2039,0.135
GLOBAL,PWRSPVPRYXX,2040,0.135
GLOBAL,PWRSPVPRYXX,2041,0.2
GLOBAL,PWRSPVPRYXX,2042,0.2
GLOBAL,PWRSPVPRYXX,2043,0.2
GLOBAL,PWRSPVPRYXX,2044,0.2
GLOBAL,PWRSPVPRYXX,2045,0.2
GLOBAL,PWRSPVPRYXX,2046,0.2
GLOBAL,PWRSPVPRYXX,2047,0.2
GLOBAL,PWRSPVPRYXX,2048,0.2
GLOBAL,PWRSPVPRYXX,2049,0.2
GLOBAL,PWRSPVPRYXX,2050,0.2
GLOBAL,PWRSPVSLVXX,2023,
GLOBAL,PWRSPVSLVXX,2024,
GLOBAL,PWRSPVSLVXX,2025,0.12
GLOBAL,PWRSPVSLVXX,2026,0.1626
GLOBAL,PWRSPVSLVXX,2027,0.12
GLOBAL,PWRSPVSLVXX,2028,0.12
GLOBAL,PWRSPVSLVXX,2029,0.12
GLOBAL,PWRSPVSLVXX,2030,0.12
GLOBAL,PWRSPVSLVXX,2031,0.16
GLOBAL,PWRSPVSLVXX,2032,0.16
GLOBAL,PWRSPVSLVXX,2033,0.16
GLOBAL,PWRSPVSLVXX,2034,0.16
GLOBAL,PWRSPVSLVXX,2035,0.202
GLOBAL,PWRSPVSLVXX,2036,0.16
GLOBAL,PWRSPVSLVXX,2037,0.16
GLOBAL,PWRSPVSLVXX,2038,0.16
GLOBAL,PWRSPVSLVXX,2039,0.16
GLOBAL,PWRSPVSLVXX,2040,0.16
GLOBAL,PWRSPVSLVXX,2041,0.2
GLOBAL,PWRSPVSLVXX,2042,0.2
GLOBAL,PWRSPVSLVXX,2043,0.2
GLOBAL,PWRSPVSLVXX,2044,0.2
GLOBAL,PWRSPVSLVXX,2045,0.2
GLOBAL,PWRSPVSLVXX,2046,0.2
GLOBAL,PWRSPVSLVXX,2047,0.2
GLOBAL,PWRSPVSLVXX,2048,0.2
GLOBAL,PWRSPVSLVXX,2049,0.2
GLOBAL,PWRSPVSLVXX,2050,0.2
GLOBAL,PWRSPVURYXX,2023,
GLOBAL,PWRSPVURYXX,2024,
GLOBAL,PWRSPVURYXX,2025,0.0808
GLOBAL,PWRSPVURYXX,2026,0.08
GLOBAL,PWRSPVURYXX,2027,0.1566
GLOBAL,PWRSPVURYXX,2028,0.101
GLOBAL,PWRSPVURYXX,2029,0.08
GLOBAL,PWRSPVURYXX,2030,0.08
GLOBAL,PWRSPVURYXX,2031,0.1
GLOBAL,PWRSPVURYXX,2032,0.1
GLOBAL,PWRSPVURYXX,2033,0.1
GLOBAL,PWRSPVURYXX,2034,0.1
GLOBAL,PWRSPVURYXX,2035,0.1
GLOBAL,PWRSPVURYXX,2036,0.101
GLOBAL,PWRSPVURYXX,2037,0.1464
GLOBAL,PWRSPVURYXX,2038,0.1
GLOBAL,PWRSPVURYXX,2039,0.1
GLOBAL,PWRSPVURYXX,2040,0.1515
GLOBAL,PWRSPVURYXX,2041,0.12
GLOBAL,PWRSPVURYXX,2042,0.12
GLOBAL,PWRSPVURYXX,2043,0.12
GLOBAL,PWRSPVURYXX,2044,0.12
GLOBAL,PWRSPVURYXX,2045,0.12
GLOBAL,PWRSPVURYXX,2046,0.12
GLOBAL,PWRSPVURYXX,2047,0.12
GLOBAL,PWRSPVURYXX,2048,0.12
GLOBAL,PWRSPVURYXX,2049,0.12
GLOBAL,PWRSPVURYXX,2050,0.12
GLOBAL,PWRWONARGXX,2023,
GLOBAL,PWRWONARGXX,2024,
GLOBAL,PWRWONARGXX,2025,0.3
GLOBAL,PWRWONARGXX,2026,0.3
GLOBAL,PWRWONARGXX,2027,0.3
GLOBAL,PWRWONARGXX,2028,0.3
GLOBAL,PWRWONARGXX,2029,0.3
GLOBAL,PWRWONARGXX,2030,0.3
GLOBAL,PWRWONARGXX,2031,0.5
GLOBAL,PWRWONARGXX,2032,0.5
GLOBAL,PWRWONARGXX,2033,0.5
GLOBAL,PWRWONARGXX,2034,0.5
GLOBAL,PWRWONARGXX,2035,0.5
GLOBAL,PWRWONARGXX,2036,0.5
GLOBAL,PWRWONARGXX,2037,0.5
GLOBAL,PWRWONARGXX,2038,0.5
GLOBAL,PWRWONARGXX,2039,0.5
GLOBAL,PWRWONARGXX,2040,0.5
GLOBAL,PWRWONARGXX,2041,0.7
GLOBAL,PWRWONARGXX,2042,0.7
GLOBAL,PWRWONARGXX,2043,0.7
GLOBAL,PWRWONARGXX,2044,0.7
GLOBAL,PWRWONARGXX,2045,0.7
GLOBAL,PWRWONARGXX,2046,0.7
GLOBAL,PWRWONARGXX,2047,0.7
GLOBAL,PWRWONARGXX,2048,0.7
GLOBAL,PWRWONARGXX,2049,0.7
GLOBAL,PWRWONARGXX,2050,0.7
GLOBAL,PWRWONBOLXX,2023,
GLOBAL,PWRWONBOLXX,2024,
GLOBAL,PWRWONBOLXX,2025,0.03
GLOBAL,PWRWONBOLXX,2026,0.101
GLOBAL,PWRWONBOLXX,2027,0.03
GLOBAL,PWRWONBOLXX,2028,0.1353
GLOBAL,PWRWONBOLXX,2029,0.03
GLOBAL,PWRWONBOLXX,2030,0.03
GLOBAL,PWRWONBOLXX,2031,0.05
GLOBAL,PWRWONBOLXX,2032,0.9423
GLOBAL,PWRWONBOLXX,2033,0.05
GLOBAL,PWRWONBOLXX,2034,0.05
GLOBAL,PWRWONBOLXX,2035,0.05
GLOBAL,PWRWONBOLXX,2036,0.05
GLOBAL,PWRWONBOLXX,2037,0.05
GLOBAL,PWRWONBOLXX,2038,0.05
GLOBAL,PWRWONBOLXX,2039,0.05
GLOBAL,PWRWONBOLXX,2040,0.05
GLOBAL,PWRWONBOLXX,2041,0.06
GLOBAL,PWRWONBOLXX,2042,0.06
GLOBAL,PWRWONBOLXX,2043,0.06
GLOBAL,PWRWONBOLXX,2044,0.06
GLOBAL,PWRWONBOLXX,2045,0.06
GLOBAL,PWRWONBOLXX,2046,0.06
GLOBAL,PWRWONBOLXX,2047,0.06
GLOBAL,PWRWONBOLXX,2048,0.06
GLOBAL,PWRWONBOLXX,2049,0.06
GLOBAL,PWRWONBOLXX,2050,0.06
GLOBAL,PWRWONBRAXX,2023,
GLOBAL,PWRWONBRAXX,2024,
GLOBAL,PWRWONBRAXX,2025,3.5
GLOBAL,PWRWONBRAXX,2026,3.5
GLOBAL,PWRWONBRAXX,2027,3.5
GLOBAL,PWRWONBRAXX,2028,3.5
GLOBAL,PWRWONBRAXX,2029,13.231
GLOBAL,PWRWONBRAXX,2030,3.5
GLOBAL,PWRWONBRAXX,2031,4.5
GLOBAL,PWRWONBRAXX,2032,4.5
GLOBAL,PWRWONBRAXX,2033,4.5
GLOBAL,PWRWONBRAXX,2034,4.5
GLOBAL,PWRWONBRAXX,2035,4.5
GLOBAL,PWRWONBRAXX,2036,4.5
GLOBAL,PWRWONBRAXX,2037,4.5
GLOBAL,PWRWONBRAXX,2038,4.5
GLOBAL,PWRWONBRAXX,2039,4.5
GLOBAL,PWRWONBRAXX,2040,4.5
GLOBAL,PWRWONBRAXX,2041,5.5
GLOBAL,PWRWONBRAXX,2042,5.5
GLOBAL,PWRWONBRAXX,2043,5.5
GLOBAL,PWRWONBRAXX,2044,5.5
GLOBAL,PWRWONBRAXX,2045,5.5
GLOBAL,PWRWONBRAXX,2046,5.5
GLOBAL,PWRWONBRAXX,2047,5.5
GLOBAL,PWRWONBRAXX,2048,5.5
GLOBAL,PWRWONBRAXX,2049,5.5
GLOBAL,PWRWONBRAXX,2050,5.5
GLOBAL,PWRWONBRBXX,2023,
GLOBAL,PWRWONBRBXX,2024,
GLOBAL,PWRWONBRBXX,2025,0.06
GLOBAL,PWRWONBRBXX,2026,0.06
GLOBAL,PWRWONBRBXX,2027,0.06
GLOBAL,PWRWONBRBXX,2028,0.06
GLOBAL,PWRWONBRBXX,2029,0.06
GLOBAL,PWRWONBRBXX,2030,0.06
GLOBAL,PWRWONBRBXX,2031,0.08
GLOBAL,PWRWONBRBXX,2032,0.08
GLOBAL,PWRWONBRBXX,2033,0.08
GLOBAL,PWRWONBRBXX,2034,0.08
GLOBAL,PWRWONBRBXX,2035,0.08
GLOBAL,PWRWONBRBXX,2036,0.08
GLOBAL,PWRWONBRBXX,2037,0.08
GLOBAL,PWRWONBRBXX,2038,0.08
GLOBAL,PWRWONBRBXX,2039,0.08
GLOBAL,PWRWONBRBXX,2040,0.08
GLOBAL,PWRWONBRBXX,2041,0.1
GLOBAL,PWRWONBRBXX,2042,0.1
GLOBAL,PWRWONBRBXX,2043,0.1
GLOBAL,PWRWONBRBXX,2044,0.1
GLOBAL,PWRWONBRBXX,2045,0.1
GLOBAL,PWRWONBRBXX,2046,0.1
GLOBAL,PWRWONBRBXX,2047,0.1
GLOBAL,PWRWONBRBXX,2048,0.1
GLOBAL,PWRWONBRBXX,2049,0.1
GLOBAL,PWRWONBRBXX,2050,0.1
GLOBAL,PWRWONCHLXX,2023,
GLOBAL,PWRWONCHLXX,2024,
GLOBAL,PWRWONCHLXX,2025,1.2
GLOBAL,PWRWONCHLXX,2026,1.2
GLOBAL,PWRWONCHLXX,2027,1.2
GLOBAL,PWRWONCHLXX,2028,1.2
GLOBAL,PWRWONCHLXX,2029,1.2
GLOBAL,PWRWONCHLXX,2030,3.3421
GLOBAL,PWRWONCHLXX,2031,1.7
GLOBAL,PWRWONCHLXX,2032,1.7
GLOBAL,PWRWONCHLXX,2033,1.7
GLOBAL,PWRWONCHLXX,2034,1.7
GLOBAL,PWRWONCHLXX,2035,1.7
GLOBAL,PWRWONCHLXX,2036,1.7
GLOBAL,PWRWONCHLXX,2037,1.7
GLOBAL,PWRWONCHLXX,2038,1.7
GLOBAL,PWRWONCHLXX,2039,1.7
GLOBAL,PWRWONCHLXX,2040,1.7
GLOBAL,PWRWONCHLXX,2041,2.2
GLOBAL,PWRWONCHLXX,2042,2.2
GLOBAL,PWRWONCHLXX,2043,2.2
GLOBAL,PWRWONCHLXX,2044,2.2
GLOBAL,PWRWONCHLXX,2045,2.2
GLOBAL,PWRWONCHLXX,2046,2.2
GLOBAL,PWRWONCHLXX,2047,2.2
GLOBAL,PWRWONCHLXX,2048,2.2
GLOBAL,PWRWONCHLXX,2049,2.2
GLOBAL,PWRWONCHLXX,2050,2.2
GLOBAL,PWRWONCOLXX,2023,
GLOBAL,PWRWONCOLXX,2024,
GLOBAL,PWRWONCOLXX,2025,0.4969
GLOBAL,PWRWONCOLXX,2026,0.1
GLOBAL,PWRWONCOLXX,2027,0.7615
GLOBAL,PWRWONCOLXX,2028,0.3
GLOBAL,PWRWONCOLXX,2029,0.3
GLOBAL,PWRWONCOLXX,2030,0.3555
GLOBAL,PWRWONCOLXX,2031,0.5
GLOBAL,PWRWONCOLXX,2032,0.5
GLOBAL,PWRWONCOLXX,2033,0.7252
GLOBAL,PWRWONCOLXX,2034,0.5
GLOBAL,PWRWONCOLXX,2035,0.5
GLOBAL,PWRWONCOLXX,2036,0.5
GLOBAL,PWRWONCOLXX,2037,0.5
GLOBAL,PWRWONCOLXX,2038,0.5
GLOBAL,PWRWONCOLXX,2039,0.5
GLOBAL,PWRWONCOLXX,2040,0.5
GLOBAL,PWRWONCOLXX,2041,0.7
GLOBAL,PWRWONCOLXX,2042,0.7
GLOBAL,PWRWONCOLXX,2043,0.7
GLOBAL,PWRWONCOLXX,2044,0.7
GLOBAL,PWRWONCOLXX,2045,0.7
GLOBAL,PWRWONCOLXX,2046,0.7
GLOBAL,PWRWONCOLXX,2047,0.7
GLOBAL,PWRWONCOLXX,2048,0.7
GLOBAL,PWRWONCOLXX,2049,0.7
GLOBAL,PWRWONCOLXX,2050,0.7
GLOBAL,PWRWONCRIXX,2023,
GLOBAL,PWRWONCRIXX,2024,
GLOBAL,PWRWONCRIXX,2025,0.07
GLOBAL,PWRWONCRIXX,2026,0.07
GLOBAL,PWRWONCRIXX,2027,0.07
GLOBAL,PWRWONCRIXX,2028,0.07
GLOBAL,PWRWONCRIXX,2029,0.07
GLOBAL,PWRWONCRIXX,2030,0.07
GLOBAL,PWRWONCRIXX,2031,0.085
GLOBAL,PWRWONCRIXX,2032,0.085
GLOBAL,PWRWONCRIXX,2033,0.085
GLOBAL,PWRWONCRIXX,2034,0.085
GLOBAL,PWRWONCRIXX,2035,0.085
GLOBAL,PWRWONCRIXX,2036,0.085
GLOBAL,PWRWONCRIXX,2037,0.085
GLOBAL,PWRWONCRIXX,2038,0.085
GLOBAL,PWRWONCRIXX,2039,0.085
GLOBAL,PWRWONCRIXX,2040,0.085
GLOBAL,PWRWONCRIXX,2041,0.1
GLOBAL,PWRWONCRIXX,2042,0.1
GLOBAL,PWRWONCRIXX,2043,0.1
GLOBAL,PWRWONCRIXX,2044,0.1
GLOBAL,PWRWONCRIXX,2045,0.1
GLOBAL,PWRWONCRIXX,2046,0.1
GLOBAL,PWRWONCRIXX,2047,0.1
GLOBAL,PWRWONCRIXX,2048,0.1
GLOBAL,PWRWONCRIXX,2049,0.1
GLOBAL,PWRWONCRIXX,2050,0.1
GLOBAL,PWRWONDOMXX,2023,0.0
GLOBAL,PWRWONDOMXX,2024,0.0
GLOBAL,PWRWONDOMXX,2025,0.12
GLOBAL,PWRWONDOMXX,2026,0.4343
GLOBAL,PWRWONDOMXX,2027,0.4343
GLOBAL,PWRWONDOMXX,2028,0.4343
GLOBAL,PWRWONDOMXX,2029,0.4343
GLOBAL,PWRWONDOMXX,2030,0.4343
GLOBAL,PWRWONDOMXX,2031,0.4343
GLOBAL,PWRWONDOMXX,2032,0.16
GLOBAL,PWRWONDOMXX,2033,0.16
GLOBAL,PWRWONDOMXX,2034,0.16
GLOBAL,PWRWONDOMXX,2035,0.16
GLOBAL,PWRWONDOMXX,2036,0.16
GLOBAL,PWRWONDOMXX,2037,0.16
GLOBAL,PWRWONDOMXX,2038,0.16
GLOBAL,PWRWONDOMXX,2039,0.16
GLOBAL,PWRWONDOMXX,2040,0.16
GLOBAL,PWRWONDOMXX,2041,0.2
GLOBAL,PWRWONDOMXX,2042,0.2
GLOBAL,PWRWONDOMXX,2043,0.2
GLOBAL,PWRWONDOMXX,2044,0.2
GLOBAL,PWRWONDOMXX,2045,0.2
GLOBAL,PWRWONDOMXX,2046,0.2
GLOBAL,PWRWONDOMXX,2047,0.2
GLOBAL,PWRWONDOMXX,2048,0.2
GLOBAL,PWRWONDOMXX,2049,0.2
GLOBAL,PWRWONDOMXX,2050,0.2
GLOBAL,PWRWONECUXX,2023,
GLOBAL,PWRWONECUXX,2024,
GLOBAL,PWRWONECUXX,2025,0.1111
GLOBAL,PWRWONECUXX,2026,0.05
GLOBAL,PWRWONECUXX,2027,0.05
GLOBAL,PWRWONECUXX,2028,0.3838
GLOBAL,PWRWONECUXX,2029,0.05
GLOBAL,PWRWONECUXX,2030,0.05
GLOBAL,PWRWONECUXX,2031,0.085
GLOBAL,PWRWONECUXX,2032,0.085
GLOBAL,PWRWONECUXX,2033,0.085
GLOBAL,PWRWONECUXX,2034,0.085
GLOBAL,PWRWONECUXX,2035,0.085
GLOBAL,PWRWONECUXX,2036,0.085
GLOBAL,PWRWONECUXX,2037,0.085
GLOBAL,PWRWONECUXX,2038,0.085
GLOBAL,PWRWONECUXX,2039,0.085
GLOBAL,PWRWONECUXX,2040,0.085
GLOBAL,PWRWONECUXX,2041,0.12
GLOBAL,PWRWONECUXX,2042,0.12
GLOBAL,PWRWONECUXX,2043,0.12
GLOBAL,PWRWONECUXX,2044,0.12
GLOBAL,PWRWONECUXX,2045,0.12
GLOBAL,PWRWONECUXX,2046,0.12
GLOBAL,PWRWONECUXX,2047,0.12
GLOBAL,PWRWONECUXX,2048,0.12
GLOBAL,PWRWONECUXX,2049,0.12
GLOBAL,PWRWONECUXX,2050,0.12
GLOBAL,PWRWONGTMXX,2023,
GLOBAL,PWRWONGTMXX,2024,
GLOBAL,PWRWONGTMXX,2025,0.08
GLOBAL,PWRWONGTMXX,2026,0.08
GLOBAL,PWRWONGTMXX,2027,0.08
GLOBAL,PWRWONGTMXX,2028,0.08
GLOBAL,PWRWONGTMXX,2029,0.08
GLOBAL,PWRWONGTMXX,2030,0.08
GLOBAL,PWRWONGTMXX,2031,0.11
GLOBAL,PWRWONGTMXX,2032,0.11
GLOBAL,PWRWONGTMXX,2033,0.11
GLOBAL,PWRWONGTMXX,2034,0.11
GLOBAL,PWRWONGTMXX,2035,0.11
GLOBAL,PWRWONGTMXX,2036,0.11
GLOBAL,PWRWONGTMXX,2037,0.2424
GLOBAL,PWRWONGTMXX,2038,0.11
GLOBAL,PWRWONGTMXX,2039,0.11
GLOBAL,PWRWONGTMXX,2040,0.11
GLOBAL,PWRWONGTMXX,2041,0.14
GLOBAL,PWRWONGTMXX,2042,0.14
GLOBAL,PWRWONGTMXX,2043,0.14
GLOBAL,PWRWONGTMXX,2044,0.14
GLOBAL,PWRWONGTMXX,2045,0.14
GLOBAL,PWRWONGTMXX,2046,0.14
GLOBAL,PWRWONGTMXX,2047,0.14
GLOBAL,PWRWONGTMXX,2048,0.14
GLOBAL,PWRWONGTMXX,2049,0.14
GLOBAL,PWRWONGTMXX,2050,0.14
GLOBAL,PWRWONHNDXX,2023,
GLOBAL,PWRWONHNDXX,2024,
GLOBAL,PWRWONHNDXX,2025,0.06
GLOBAL,PWRWONHNDXX,2026,0.06
GLOBAL,PWRWONHNDXX,2027,0.06
GLOBAL,PWRWONHNDXX,2028,0.06
GLOBAL,PWRWONHNDXX,2029,0.1717
GLOBAL,PWRWONHNDXX,2030,0.06
GLOBAL,PWRWONHNDXX,2031,0.09
GLOBAL,PWRWONHNDXX,2032,0.09
GLOBAL,PWRWONHNDXX,2033,0.101
GLOBAL,PWRWONHNDXX,2034,0.09
GLOBAL,PWRWONHNDXX,2035,0.09
GLOBAL,PWRWONHNDXX,2036,0.09
GLOBAL,PWRWONHNDXX,2037,0.09
GLOBAL,PWRWONHNDXX,2038,0.09
GLOBAL,PWRWONHNDXX,2039,0.09
GLOBAL,PWRWONHNDXX,2040,0.09
GLOBAL,PWRWONHNDXX,2041,0.12
GLOBAL,PWRWONHNDXX,2042,0.12
GLOBAL,PWRWONHNDXX,2043,0.12
GLOBAL,PWRWONHNDXX,2044,0.12
GLOBAL,PWRWONHNDXX,2045,0.12
GLOBAL,PWRWONHNDXX,2046,0.12
GLOBAL,PWRWONHNDXX,2047,0.12
GLOBAL,PWRWONHNDXX,2048,0.12
GLOBAL,PWRWONHNDXX,2049,0.12
GLOBAL,PWRWONHNDXX,2050,0.12
GLOBAL,PWRWONHTIXX,2023,
GLOBAL,PWRWONHTIXX,2024,
GLOBAL,PWRWONHTIXX,2025,0.0
GLOBAL,PWRWONHTIXX,2026,0.0
GLOBAL,PWRWONHTIXX,2027,0.0
GLOBAL,PWRWONHTIXX,2028,0.0
GLOBAL,PWRWONHTIXX,2029,0.0
GLOBAL,PWRWONHTIXX,2030,0.0
GLOBAL,PWRWONHTIXX,2031,0.008
GLOBAL,PWRWONHTIXX,2032,0.008
GLOBAL,PWRWONHTIXX,2033,0.008
GLOBAL,PWRWONHTIXX,2034,0.008
GLOBAL,PWRWONHTIXX,2035,0.008
GLOBAL,PWRWONHTIXX,2036,0.008
GLOBAL,PWRWONHTIXX,2037,0.008
GLOBAL,PWRWONHTIXX,2038,0.008
GLOBAL,PWRWONHTIXX,2039,0.008
GLOBAL,PWRWONHTIXX,2040,0.008
GLOBAL,PWRWONHTIXX,2041,0.015
GLOBAL,PWRWONHTIXX,2042,0.015
GLOBAL,PWRWONHTIXX,2043,0.015
GLOBAL,PWRWONHTIXX,2044,0.015
GLOBAL,PWRWONHTIXX,2045,0.015
GLOBAL,PWRWONHTIXX,2046,0.015
GLOBAL,PWRWONHTIXX,2047,0.015
GLOBAL,PWRWONHTIXX,2048,0.015
GLOBAL,PWRWONHTIXX,2049,0.015
GLOBAL,PWRWONHTIXX,2050,0.015
GLOBAL,PWRWONMEXXX,2023,
GLOBAL,PWRWONMEXXX,2024,
GLOBAL,PWRWONMEXXX,2025,0.9
GLOBAL,PWRWONMEXXX,2026,0.9
GLOBAL,PWRWONMEXXX,2027,0.9
GLOBAL,PWRWONMEXXX,2028,2.4947
GLOBAL,PWRWONMEXXX,2029,0.9
GLOBAL,PWRWONMEXXX,2030,0.9
GLOBAL,PWRWONMEXXX,2031,1.05
GLOBAL,PWRWONMEXXX,2032,1.05
GLOBAL,PWRWONMEXXX,2033,1.05
GLOBAL,PWRWONMEXXX,2034,1.05
GLOBAL,PWRWONMEXXX,2035,1.05
GLOBAL,PWRWONMEXXX,2036,1.05
GLOBAL,PWRWONMEXXX,2037,1.05
GLOBAL,PWRWONMEXXX,2038,1.05
GLOBAL,PWRWONMEXXX,2039,1.05
GLOBAL,PWRWONMEXXX,2040,1.05
GLOBAL,PWRWONMEXXX,2041,1.2
GLOBAL,PWRWONMEXXX,2042,1.2
GLOBAL,PWRWONMEXXX,2043,1.2
GLOBAL,PWRWONMEXXX,2044,1.2
GLOBAL,PWRWONMEXXX,2045,1.2
GLOBAL,PWRWONMEXXX,2046,1.2
GLOBAL,PWRWONMEXXX,2047,1.2
GLOBAL,PWRWONMEXXX,2048,1.2
GLOBAL,PWRWONMEXXX,2049,1.2
GLOBAL,PWRWONMEXXX,2050,1.2
GLOBAL,PWRWONNICXX,2023,
GLOBAL,PWRWONNICXX,2024,
GLOBAL,PWRWONNICXX,2025,0.03
GLOBAL,PWRWONNICXX,2026,0.03
GLOBAL,PWRWONNICXX,2027,0.0404
GLOBAL,PWRWONNICXX,2028,0.03
GLOBAL,PWRWONNICXX,2029,0.03
GLOBAL,PWRWONNICXX,2030,0.0404
GLOBAL,PWRWONNICXX,2031,0.045
GLOBAL,PWRWONNICXX,2032,0.045
GLOBAL,PWRWONNICXX,2033,0.045
GLOBAL,PWRWONNICXX,2034,0.045
GLOBAL,PWRWONNICXX,2035,0.045
GLOBAL,PWRWONNICXX,2036,0.045
GLOBAL,PWRWONNICXX,2037,0.045
GLOBAL,PWRWONNICXX,2038,0.045
GLOBAL,PWRWONNICXX,2039,0.045
GLOBAL,PWRWONNICXX,2040,0.045
GLOBAL,PWRWONNICXX,2041,0.06
GLOBAL,PWRWONNICXX,2042,0.06
GLOBAL,PWRWONNICXX,2043,0.06
GLOBAL,PWRWONNICXX,2044,0.06
GLOBAL,PWRWONNICXX,2045,0.06
GLOBAL,PWRWONNICXX,2046,0.06
GLOBAL,PWRWONNICXX,2047,0.06
GLOBAL,PWRWONNICXX,2048,0.06
GLOBAL,PWRWONNICXX,2049,0.06
GLOBAL,PWRWONNICXX,2050,0.06
GLOBAL,PWRWONPANXX,2023,
GLOBAL,PWRWONPANXX,2024,
GLOBAL,PWRWONPANXX,2025,0.0606
GLOBAL,PWRWONPANXX,2026,0.04
GLOBAL,PWRWONPANXX,2027,0.04
GLOBAL,PWRWONPANXX,2028,0.0433
GLOBAL,PWRWONPANXX,2029,0.04
GLOBAL,PWRWONPANXX,2030,0.0522
GLOBAL,PWRWONPANXX,2031,0.06
GLOBAL,PWRWONPANXX,2032,0.06
GLOBAL,PWRWONPANXX,2033,0.14
GLOBAL,PWRWONPANXX,2034,0.1923
GLOBAL,PWRWONPANXX,2035,0.06
GLOBAL,PWRWONPANXX,2036,0.06
GLOBAL,PWRWONPANXX,2037,0.06
GLOBAL,PWRWONPANXX,2038,0.06
GLOBAL,PWRWONPANXX,2039,0.06
GLOBAL,PWRWONPANXX,2040,0.06
GLOBAL,PWRWONPANXX,2041,0.08
GLOBAL,PWRWONPANXX,2042,0.08
GLOBAL,PWRWONPANXX,2043,0.08
GLOBAL,PWRWONPANXX,2044,0.08
GLOBAL,PWRWONPANXX,2045,0.08
GLOBAL,PWRWONPANXX,2046,0.08
GLOBAL,PWRWONPANXX,2047,0.08
GLOBAL,PWRWONPANXX,2048,0.08
GLOBAL,PWRWONPANXX,2049,0.08
GLOBAL,PWRWONPANXX,2050,0.08
GLOBAL,PWRWONPERXX,2023,
GLOBAL,PWRWONPERXX,2024,
GLOBAL,PWRWONPERXX,2025,0.25
GLOBAL,PWRWONPERXX,2026,0.25
GLOBAL,PWRWONPERXX,2027,0.25
GLOBAL,PWRWONPERXX,2028,0.25
GLOBAL,PWRWONPERXX,2029,0.3131
GLOBAL,PWRWONPERXX,2030,0.25
GLOBAL,PWRWONPERXX,2031,0.425
GLOBAL,PWRWONPERXX,2032,0.425
GLOBAL,PWRWONPERXX,2033,0.425
GLOBAL,PWRWONPERXX,2034,0.425
GLOBAL,PWRWONPERXX,2035,0.425
GLOBAL,PWRWONPERXX,2036,0.425
GLOBAL,PWRWONPERXX,2037,0.425
GLOBAL,PWRWONPERXX,2038,0.425
GLOBAL,PWRWONPERXX,2039,0.425
GLOBAL,PWRWONPERXX,2040,0.425
GLOBAL,PWRWONPERXX,2041,0.6
GLOBAL,PWRWONPERXX,2042,0.6
GLOBAL,PWRWONPERXX,2043,0.6
GLOBAL,PWRWONPERXX,2044,0.6
GLOBAL,PWRWONPERXX,2045,0.6
GLOBAL,PWRWONPERXX,2046,0.6
GLOBAL,PWRWONPERXX,2047,0.6
GLOBAL,PWRWONPERXX,2048,0.6
GLOBAL,PWRWONPERXX,2049,0.6
GLOBAL,PWRWONPERXX,2050,0.6
GLOBAL,PWRWONPRYXX,2023,0.0
GLOBAL,PWRWONPRYXX,2024,0.0
GLOBAL,PWRWONPRYXX,2025,0.0
GLOBAL,PWRWONPRYXX,2026,0.0
GLOBAL,PWRWONPRYXX,2027,0.0
GLOBAL,PWRWONPRYXX,2028,0.0
GLOBAL,PWRWONPRYXX,2029,0.0
GLOBAL,PWRWONPRYXX,2030,0.0
GLOBAL,PWRWONPRYXX,2031,0.02
GLOBAL,PWRWONPRYXX,2032,0.02
GLOBAL,PWRWONPRYXX,2033,0.02
GLOBAL,PWRWONPRYXX,2034,0.02
GLOBAL,PWRWONPRYXX,2035,0.02
GLOBAL,PWRWONPRYXX,2036,0.02
GLOBAL,PWRWONPRYXX,2037,0.02
GLOBAL,PWRWONPRYXX,2038,0.02
GLOBAL,PWRWONPRYXX,2039,0.02
GLOBAL,PWRWONPRYXX,2040,0.02
GLOBAL,PWRWONPRYXX,2041,0.04
GLOBAL,PWRWONPRYXX,2042,0.04
GLOBAL,PWRWONPRYXX,2043,0.04
GLOBAL,PWRWONPRYXX,2044,0.04
GLOBAL,PWRWONPRYXX,2045,0.04
GLOBAL,PWRWONPRYXX,2046,0.04
GLOBAL,PWRWONPRYXX,2047,0.04
GLOBAL,PWRWONPRYXX,2048,0.04
GLOBAL,PWRWONPRYXX,2049,0.04
GLOBAL,PWRWONPRYXX,2050,0.04
GLOBAL,PWRWONSLVXX,2023,0.0
GLOBAL,PWRWONSLVXX,2024,0.0
GLOBAL,PWRWONSLVXX,2025,0.02
GLOBAL,PWRWONSLVXX,2026,0.02
GLOBAL,PWRWONSLVXX,2027,0.0606
GLOBAL,PWRWONSLVXX,2028,0.101
GLOBAL,PWRWONSLVXX,2029,0.02
GLOBAL,PWRWONSLVXX,2030,0.02
GLOBAL,PWRWONSLVXX,2031,0.035
GLOBAL,PWRWONSLVXX,2032,0.035
GLOBAL,PWRWONSLVXX,2033,0.035
GLOBAL,PWRWONSLVXX,2034,0.035
GLOBAL,PWRWONSLVXX,2035,0.0909
GLOBAL,PWRWONSLVXX,2036,0.035
GLOBAL,PWRWONSLVXX,2037,0.035
GLOBAL,PWRWONSLVXX,2038,0.035
GLOBAL,PWRWONSLVXX,2039,0.035
GLOBAL,PWRWONSLVXX,2040,0.035
GLOBAL,PWRWONSLVXX,2041,0.05
GLOBAL,PWRWONSLVXX,2042,0.05
GLOBAL,PWRWONSLVXX,2043,0.05
GLOBAL,PWRWONSLVXX,2044,0.05
GLOBAL,PWRWONSLVXX,2045,0.05
GLOBAL,PWRWONSLVXX,2046,0.05
GLOBAL,PWRWONSLVXX,2047,0.05
GLOBAL,PWRWONSLVXX,2048,0.05
GLOBAL,PWRWONSLVXX,2049,0.05
GLOBAL,PWRWONSLVXX,2050,0.05
GLOBAL,PWRWONURYXX,2023,
GLOBAL,PWRWONURYXX,2024,
GLOBAL,PWRWONURYXX,2025,0.03
GLOBAL,PWRWONURYXX,2026,0.03
GLOBAL,PWRWONURYXX,2027,0.03
GLOBAL,PWRWONURYXX,2028,0.03
GLOBAL,PWRWONURYXX,2029,0.03
GLOBAL,PWRWONURYXX,2030,0.106
GLOBAL,PWRWONURYXX,2031,0.106
GLOBAL,PWRWONURYXX,2032,0.04
GLOBAL,PWRWONURYXX,2033,0.04
GLOBAL,PWRWONURYXX,2034,0.2272
GLOBAL,PWRWONURYXX,2035,0.4394
GLOBAL,PWRWONURYXX,2036,0.298
GLOBAL,PWRWONURYXX,2037,0.505
GLOBAL,PWRWONURYXX,2038,0.1212
GLOBAL,PWRWONURYXX,2039,0.0404
GLOBAL,PWRWONURYXX,2040,0.101
GLOBAL,PWRWONURYXX,2041,0.0505
GLOBAL,PWRWONURYXX,2042,0.0909
GLOBAL,PWRWONURYXX,2043,0.0758
GLOBAL,PWRWONURYXX,2044,0.05
GLOBAL,PWRWONURYXX,2045,0.05
GLOBAL,PWRWONURYXX,2046,0.05
GLOBAL,PWRWONURYXX,2047,0.05
GLOBAL,PWRWONURYXX,2048,0.05
GLOBAL,PWRWONURYXX,2049,0.05
GLOBAL,PWRWONURYXX,2050,0.05
