Technology (PWR),Technology
,
BACKSTOP,PWRBCKARGXX
BACKSTOP,PWRBCKBOLXX
BACKSTOP,PWRBCKBRAXX
BACKSTOP,PWRBCKBRBXX
BACKSTOP,PWRBCKCHLXX
BACKSTOP,PWRBCKCOLXX
BACKSTOP,PWRBCKCRIXX
BACKSTOP,PWRBCKDOMXX
BACKSTOP,PWRBCKECUXX
BACKSTOP,PWRBCKGTMXX
BACKSTOP,PWRBCKHNDXX
BACKSTOP,PWRBCKHTIXX
BACKSTOP,PWRBCKMEXXX
BACKSTOP,PWRBCKNICXX
BACKSTOP,PWRBCKPANXX
BACKSTOP,PWRBCKPERXX
BACKSTOP,PWRBCKPRYXX
BACKSTOP,PWRBCKSLVXX
BACKSTOP,PWRBCKURYXX
GENERATION,PWRBIOARGXX
GENERATION,PWRBIOBOLXX
GENERATION,PWRBIOBRAXX
GENERATION,PWRBIOBRBXX
GENERATION,PWRBIOCHLXX
GENERATION,PWRBIOCOLXX
GENERATION,PWRBIOCRIXX
GENERATION,PWRBIODOMXX
GENERATION,PWRBIOECUXX
GENERATION,PWRBIOGTMXX
GENERATION,PWRBIOHNDXX
GENERATION,PWRBIOHTIXX
GENERATION,PWRBIOMEXXX
GENERATION,PWRBIONICXX
GENERATION,PWRBIOPANXX
GENERATION,PWRBIOPERXX
GENERATION,PWRBIOPRYXX
GENERATION,PWRBIOSLVXX
GENERATION,PWRBIOURYXX
GENERATION,PWRCCSARGXX
GENERATION,PWRCCSBOLXX
GENERATION,PWRCCSBRAXX
GENERATION,PWRCCSBRBXX
GENERATION,PWRCCSCHLXX
GENERATION,PWRCCSCOLXX
GENERATION,PWRCCSCRIXX
GENERATION,PWRCCSDOMXX
GENERATION,PWRCCSECUXX
GENERATION,PWRCCSGTMXX
GENERATION,PWRCCSHNDXX
GENERATION,PWRCCSHTIXX
GENERATION,PWRCCSMEXXX
GENERATION,PWRCCSNICXX
GENERATION,PWRCCSPANXX
GENERATION,PWRCCSPERXX
GENERATION,PWRCCSPRYXX
GENERATION,PWRCCSSLVXX
GENERATION,PWRCCSURYXX
GENERATION,PWRCOAARGXX
GENERATION,PWRCOABOLXX
GENERATION,PWRCOABRAXX
GENERATION,PWRCOABRBXX
GENERATION,PWRCOACHLXX
GENERATION,PWRCOACOLXX
GENERATION,PWRCOACRIXX
GENERATION,PWRCOADOMXX
GENERATION,PWRCOAECUXX
GENERATION,PWRCOAGTMXX
GENERATION,PWRCOAHNDXX
GENERATION,PWRCOAHTIXX
GENERATION,PWRCOAMEXXX
GENERATION,PWRCOANICXX
GENERATION,PWRCOAPANXX
GENERATION,PWRCOAPERXX
GENERATION,PWRCOAPRYXX
GENERATION,PWRCOASLVXX
GENERATION,PWRCOAURYXX
GENERATION,PWRCOGARGXX
GENERATION,PWRCOGBOLXX
GENERATION,PWRCOGBRAXX
GENERATION,PWRCOGBRBXX
GENERATION,PWRCOGCHLXX
GENERATION,PWRCOGCOLXX
GENERATION,PWRCOGCRIXX
GENERATION,PWRCOGDOMXX
GENERATION,PWRCOGECUXX
GENERATION,PWRCOGGTMXX
GENERATION,PWRCOGHNDXX
GENERATION,PWRCOGHTIXX
GENERATION,PWRCOGMEXXX
GENERATION,PWRCOGNICXX
GENERATION,PWRCOGPANXX
GENERATION,PWRCOGPERXX
GENERATION,PWRCOGPRYXX
GENERATION,PWRCOGSLVXX
GENERATION,PWRCOGURYXX
GENERATION,PWRCSPARGXX
GENERATION,PWRCSPBOLXX
GENERATION,PWRCSPBRAXX
GENERATION,PWRCSPBRBXX
GENERATION,PWRCSPCHLXX
GENERATION,PWRCSPCOLXX
GENERATION,PWRCSPCRIXX
GENERATION,PWRCSPDOMXX
GENERATION,PWRCSPECUXX
GENERATION,PWRCSPGTMXX
GENERATION,PWRCSPHNDXX
GENERATION,PWRCSPHTIXX
GENERATION,PWRCSPMEXXX
GENERATION,PWRCSPNICXX
GENERATION,PWRCSPPANXX
GENERATION,PWRCSPPERXX
GENERATION,PWRCSPPRYXX
GENERATION,PWRCSPSLVXX
GENERATION,PWRCSPURYXX
GENERATION,PWRGEOARGXX
GENERATION,PWRGEOBOLXX
GENERATION,PWRGEOBRAXX
GENERATION,PWRGEOBRBXX
GENERATION,PWRGEOCHLXX
GENERATION,PWRGEOCOLXX
GENERATION,PWRGEOCRIXX
GENERATION,PWRGEODOMXX
GENERATION,PWRGEOECUXX
GENERATION,PWRGEOGTMXX
GENERATION,PWRGEOHNDXX
GENERATION,PWRGEOHTIXX
GENERATION,PWRGEOMEXXX
GENERATION,PWRGEONICXX
GENERATION,PWRGEOPANXX
GENERATION,PWRGEOPERXX
GENERATION,PWRGEOPRYXX
GENERATION,PWRGEOSLVXX
GENERATION,PWRGEOURYXX
GENERATION,PWRHYDARGXX
GENERATION,PWRHYDBOLXX
GENERATION,PWRHYDBRAXX
GENERATION,PWRHYDBRBXX
GENERATION,PWRHYDCHLXX
GENERATION,PWRHYDCOLXX
GENERATION,PWRHYDCRIXX
GENERATION,PWRHYDDOMXX
GENERATION,PWRHYDECUXX
GENERATION,PWRHYDGTMXX
GENERATION,PWRHYDHNDXX
GENERATION,PWRHYDHTIXX
GENERATION,PWRHYDMEXXX
GENERATION,PWRHYDNICXX
GENERATION,PWRHYDPANXX
GENERATION,PWRHYDPERXX
GENERATION,PWRHYDPRYXX
GENERATION,PWRHYDSLVXX
GENERATION,PWRHYDURYXX
STORAGE,PWRLDSARGXX
STORAGE,PWRLDSBOLXX
STORAGE,PWRLDSBRAXX
STORAGE,PWRLDSBRBXX
STORAGE,PWRLDSCHLXX
STORAGE,PWRLDSCOLXX
STORAGE,PWRLDSCRIXX
STORAGE,PWRLDSDOMXX
STORAGE,PWRLDSECUXX
STORAGE,PWRLDSGTMXX
STORAGE,PWRLDSHNDXX
STORAGE,PWRLDSHTIXX
STORAGE,PWRLDSMEXXX
STORAGE,PWRLDSNICXX
STORAGE,PWRLDSPANXX
STORAGE,PWRLDSPERXX
STORAGE,PWRLDSPRYXX
STORAGE,PWRLDSSLVXX
STORAGE,PWRLDSURYXX
GENERATION,PWRNGSARGXX
GENERATION,PWRNGSBOLXX
GENERATION,PWRNGSBRAXX
GENERATION,PWRNGSBRBXX
GENERATION,PWRNGSCHLXX
GENERATION,PWRNGSCOLXX
GENERATION,PWRNGSCRIXX
GENERATION,PWRNGSDOMXX
GENERATION,PWRNGSECUXX
GENERATION,PWRNGSGTMXX
GENERATION,PWRNGSHNDXX
GENERATION,PWRNGSHTIXX
GENERATION,PWRNGSMEXXX
GENERATION,PWRNGSNICXX
GENERATION,PWRNGSPANXX
GENERATION,PWRNGSPERXX
GENERATION,PWRNGSPRYXX
GENERATION,PWRNGSSLVXX
GENERATION,PWRNGSURYXX
GENERATION,PWROILARGXX
GENERATION,PWROILBOLXX
GENERATION,PWROILBRAXX
GENERATION,PWROILBRBXX
GENERATION,PWROILCHLXX
GENERATION,PWROILCOLXX
GENERATION,PWROILCRIXX
GENERATION,PWROILDOMXX
GENERATION,PWROILECUXX
GENERATION,PWROILGTMXX
GENERATION,PWROILHNDXX
GENERATION,PWROILHTIXX
GENERATION,PWROILMEXXX
GENERATION,PWROILNICXX
GENERATION,PWROILPANXX
GENERATION,PWROILPERXX
GENERATION,PWROILPRYXX
GENERATION,PWROILSLVXX
GENERATION,PWROILURYXX
GENERATION,PWROTHARGXX
GENERATION,PWROTHBOLXX
GENERATION,PWROTHBRAXX
GENERATION,PWROTHBRBXX
GENERATION,PWROTHCHLXX
GENERATION,PWROTHCOLXX
GENERATION,PWROTHCRIXX
GENERATION,PWROTHDOMXX
GENERATION,PWROTHECUXX
GENERATION,PWROTHGTMXX
GENERATION,PWROTHHNDXX
GENERATION,PWROTHHTIXX
GENERATION,PWROTHMEXXX
GENERATION,PWROTHNICXX
GENERATION,PWROTHPANXX
GENERATION,PWROTHPERXX
GENERATION,PWROTHPRYXX
GENERATION,PWROTHSLVXX
GENERATION,PWROTHURYXX
GENERATION,PWRPETARGXX
GENERATION,PWRPETBOLXX
GENERATION,PWRPETBRAXX
GENERATION,PWRPETBRBXX
GENERATION,PWRPETCHLXX
GENERATION,PWRPETCOLXX
GENERATION,PWRPETCRIXX
GENERATION,PWRPETDOMXX
GENERATION,PWRPETECUXX
GENERATION,PWRPETGTMXX
GENERATION,PWRPETHNDXX
GENERATION,PWRPETHTIXX
GENERATION,PWRPETMEXXX
GENERATION,PWRPETNICXX
GENERATION,PWRPETPANXX
GENERATION,PWRPETPERXX
GENERATION,PWRPETPRYXX
GENERATION,PWRPETSLVXX
GENERATION,PWRPETURYXX
STORAGE,PWRSDSARGXX
STORAGE,PWRSDSBOLXX
STORAGE,PWRSDSBRAXX
STORAGE,PWRSDSBRBXX
STORAGE,PWRSDSCHLXX
STORAGE,PWRSDSCOLXX
STORAGE,PWRSDSCRIXX
STORAGE,PWRSDSDOMXX
STORAGE,PWRSDSECUXX
STORAGE,PWRSDSGTMXX
STORAGE,PWRSDSHNDXX
STORAGE,PWRSDSHTIXX
STORAGE,PWRSDSMEXXX
STORAGE,PWRSDSNICXX
STORAGE,PWRSDSPANXX
STORAGE,PWRSDSPERXX
STORAGE,PWRSDSPRYXX
STORAGE,PWRSDSSLVXX
STORAGE,PWRSDSURYXX
GENERATION,PWRSPVARGXX
GENERATION,PWRSPVBOLXX
GENERATION,PWRSPVBRAXX
GENERATION,PWRSPVBRBXX
GENERATION,PWRSPVCHLXX
GENERATION,PWRSPVCOLXX
GENERATION,PWRSPVCRIXX
GENERATION,PWRSPVDOMXX
GENERATION,PWRSPVECUXX
GENERATION,PWRSPVGTMXX
GENERATION,PWRSPVHNDXX
GENERATION,PWRSPVHTIXX
GENERATION,PWRSPVMEXXX
GENERATION,PWRSPVNICXX
GENERATION,PWRSPVPANXX
GENERATION,PWRSPVPERXX
GENERATION,PWRSPVPRYXX
GENERATION,PWRSPVSLVXX
GENERATION,PWRSPVURYXX
GENERATION,PWRURNARGXX
GENERATION,PWRURNBOLXX
GENERATION,PWRURNBRAXX
GENERATION,PWRURNBRBXX
GENERATION,PWRURNCHLXX
GENERATION,PWRURNCOLXX
GENERATION,PWRURNCRIXX
GENERATION,PWRURNDOMXX
GENERATION,PWRURNECUXX
GENERATION,PWRURNGTMXX
GENERATION,PWRURNHNDXX
GENERATION,PWRURNHTIXX
GENERATION,PWRURNMEXXX
GENERATION,PWRURNNICXX
GENERATION,PWRURNPANXX
GENERATION,PWRURNPERXX
GENERATION,PWRURNPRYXX
GENERATION,PWRURNSLVXX
GENERATION,PWRURNURYXX
GENERATION,PWRWASARGXX
GENERATION,PWRWASBOLXX
GENERATION,PWRWASBRAXX
GENERATION,PWRWASBRBXX
GENERATION,PWRWASCHLXX
GENERATION,PWRWASCOLXX
GENERATION,PWRWASCRIXX
GENERATION,PWRWASDOMXX
GENERATION,PWRWASECUXX
GENERATION,PWRWASGTMXX
GENERATION,PWRWASHNDXX
GENERATION,PWRWASHTIXX
GENERATION,PWRWASMEXXX
GENERATION,PWRWASNICXX
GENERATION,PWRWASPANXX
GENERATION,PWRWASPERXX
GENERATION,PWRWASPRYXX
GENERATION,PWRWASSLVXX
GENERATION,PWRWASURYXX
GENERATION,PWRWAVARGXX
GENERATION,PWRWAVBOLXX
GENERATION,PWRWAVBRAXX
GENERATION,PWRWAVBRBXX
GENERATION,PWRWAVCHLXX
GENERATION,PWRWAVCOLXX
GENERATION,PWRWAVCRIXX
GENERATION,PWRWAVDOMXX
GENERATION,PWRWAVECUXX
GENERATION,PWRWAVGTMXX
GENERATION,PWRWAVHNDXX
GENERATION,PWRWAVHTIXX
GENERATION,PWRWAVMEXXX
GENERATION,PWRWAVNICXX
GENERATION,PWRWAVPANXX
GENERATION,PWRWAVPERXX
GENERATION,PWRWAVPRYXX
GENERATION,PWRWAVSLVXX
GENERATION,PWRWAVURYXX
GENERATION,PWRWOFARGXX
GENERATION,PWRWOFBOLXX
GENERATION,PWRWOFBRAXX
GENERATION,PWRWOFBRBXX
GENERATION,PWRWOFCHLXX
GENERATION,PWRWOFCOLXX
GENERATION,PWRWOFCRIXX
GENERATION,PWRWOFDOMXX
GENERATION,PWRWOFECUXX
GENERATION,PWRWOFGTMXX
GENERATION,PWRWOFHNDXX
GENERATION,PWRWOFHTIXX
GENERATION,PWRWOFMEXXX
GENERATION,PWRWOFNICXX
GENERATION,PWRWOFPANXX
GENERATION,PWRWOFPERXX
GENERATION,PWRWOFPRYXX
GENERATION,PWRWOFSLVXX
GENERATION,PWRWOFURYXX
GENERATION,PWRWONARGXX
GENERATION,PWRWONBOLXX
GENERATION,PWRWONBRAXX
GENERATION,PWRWONBRBXX
GENERATION,PWRWONCHLXX
GENERATION,PWRWONCOLXX
GENERATION,PWRWONCRIXX
GENERATION,PWRWONDOMXX
GENERATION,PWRWONECUXX
GENERATION,PWRWONGTMXX
GENERATION,PWRWONHNDXX
GENERATION,PWRWONHTIXX
GENERATION,PWRWONMEXXX
GENERATION,PWRWONNICXX
GENERATION,PWRWONPANXX
GENERATION,PWRWONPERXX
GENERATION,PWRWONPRYXX
GENERATION,PWRWONSLVXX
GENERATION,PWRWONURYXX
